<?xml version="1.0" encoding="utf-8"?>
<COLLADA xmlns="http://www.collada.org/2005/11/COLLADASchema" version="1.4.1">
  <asset>
    <created>2026-02-10T09:19:28Z</created>
    <modified>2026-02-10T09:19:28Z</modified>
  </asset>
  <library_images>
    <image id="Image">
      <init_from>../%C7%D7%C1%A6%BF%AC/Convert3D/data/MeshBody1</init_from>
    </image>
  </library_images>
  <library_materials>
    <material id="VisualMaterial" name="MeshBody1">
      <instance_effect url="#Effect"/>
      <extra>
        <technique profile="FCOLLADA">
          <user_properties>MeshBody1</user_properties>
        </technique>
      </extra>
    </material>
  </library_materials>
  <library_effects>
    <effect id="Effect" name="MeshBody1">
      <profile_COMMON>
        <newparam sid="Image-surface">
          <surface type="2D">
            <init_from>Image</init_from>
            <format>A8R8G8B8</format>
          </surface>
        </newparam>
        <newparam sid="Image-sampler">
          <sampler2D>
            <source>Image-surface</source>
            <wrap_s>WRAP</wrap_s>
            <wrap_t>WRAP</wrap_t>
            <minfilter>NONE</minfilter>
            <magfilter>NONE</magfilter>
            <mipfilter>NONE</mipfilter>
          </sampler2D>
        </newparam>
        <technique sid="common">
          <phong>
            <emission>
              <color>0 0 0 1</color>
            </emission>
            <ambient>
              <color>0 0 0 1</color>
            </ambient>
            <diffuse>
              <texture texture="Image-sampler" texcoord=""/>
            </diffuse>
            <specular>
              <color>1 1 1 1</color>
            </specular>
            <shininess>
              <float>0</float>
            </shininess>
            <transparent opaque="A_ONE">
              <color>0 0 0 1</color>
            </transparent>
            <transparency>
              <float>1</float>
            </transparency>
            <index_of_refraction>
              <float>1.55</float>
            </index_of_refraction>
          </phong>
          <extra>
            <technique profile="FCOLLADA">
              <spec_level>
                <float>0</float>
              </spec_level>
            </technique>
          </extra>
        </technique>
      </profile_COMMON>
      <extra>
        <technique profile="FCOLLADA">
          <user_properties>MeshBody1</user_properties>
        </technique>
      </extra>
    </effect>
  </library_effects>
  <library_geometries>
    <geometry id="Geometry" name="MeshBody1">
      <mesh>
        <source id="GeometrySource" name="MeshBody1Pos">
          <float_array id="GeometrySource-array" count="11202">-0.529883 2.40396 216.704 -0.561377 2.72591 216.704 -0.539527 1.70224 216.704 -0.610389 2.87985 216.704 -0.619178 -0.084326 216.704 -0.65647 2.93744 216.704 -0.713904 2.957 216.704 -0.705909 -3.393 216.704 -0.77909 2.93744 216.704 -0.847815 2.87985 216.704 -0.905921 -3.393 216.704 -0.954627 2.72591 216.704 -1.09513 2.40396 216.704 -1.22782 -0.865815 216.704 -1.24308 1.8355 216.704 -1.32981 1.11326 216.704 -1.3303 0.274397 216.704 -0.968116 -3.39317 210.43 -1.3209 -0.408411 213.582 -1.39432 -0.047482 210.43 -1.44901 0.22112 207.234 -1.00193 -3.39334 204.004 -1.48478 0.39744 204.004 -0.70188 -3.39334 204.004 -1.40739 0.733062 214.625 -1.56962 1.61215 208.304 -1.47367 1.1279 212.536 -0.669227 -1.34086 214.625 -0.536475 1.9357 214.625 -0.503272 2.89638 214.625 -0.524085 3.37116 214.625 -0.576209 3.61657 214.625 -0.634681 3.71648 214.625 -0.696814 3.74984 214.625 -0.76908 3.73852 214.625 -0.468604 3.83044 206.16 -0.471778 3.82369 204.004 -0.433082 4.99197 204.004 -0.441199 4.83265 206.16 -0.45481 5.56742 204.004 -0.468116 5.36976 206.16 -0.505774 5.87508 204.004 -0.522681 5.65052 206.16 -0.558814 6.01594 204.004 -0.98722 5.65073 206.16 -0.858375 5.79841 206.16 -0.91471 6.01594 204.004 -1.07499 5.78504 204.004 -1.16868 5.31384 206.16 -1.23447 5.44055 204.004 -1.3635 4.75468 206.16 -1.42728 4.82104 204.004 -1.53471 3.93194 206.16 -0.586829 1.1628 206.16 -0.61283 0.461121 208.304 -0.483313 3.43811 208.304 -0.452186 4.50117 208.304 -0.546607 2.0326 210.43 -0.653785 -0.733731 210.43 -0.473304 3.61286 210.43 -0.472876 4.34242 210.43 -0.478003 5.01663 208.304 -0.512122 4.70754 210.43 -0.530372 5.28608 208.304 -0.57688 4.91133 210.43 -0.599524 5.42801 208.304 -0.637916 4.98757 210.43 -0.671729 5.48225 208.304 -0.735389 5.01176 210.43 -0.758826 5.48225 208.304 -0.823401 4.97255 210.43 -0.852576 5.42801 208.304 -0.937781 4.85504 210.43 -0.976172 5.28628 208.304 -1.1041 4.56646 210.43 -1.15043 4.96297 208.304 -1.28361 4.07857 210.43 -1.33732 4.42635 208.304 -1.44523 3.35232 210.43 -1.50162 3.63676 208.304 -1.53489 2.46688 210.43 -1.58597 2.6867 208.304 -1.52988 1.46202 210.43 -0.575416 1.23584 212.536 -0.688575 -2.12547 212.536 -0.495521 2.97022 212.536 -0.487098 3.75313 212.536 -0.525977 4.15002 212.536 -0.586402 4.33979 212.536 -0.643226 4.41078 212.536 -0.733924 4.43331 212.536 -0.815894 4.39679 212.536 -0.864478 3.66441 214.625 -0.922522 4.28737 212.536 -1.00541 3.45298 214.625 -1.07719 4.01866 212.536 -1.16172 3.07302 214.625 -1.24442 3.56435 212.536 -1.3093 2.48943 214.625 -1.39487 2.88808 212.536 -1.40678 1.67685 214.625 -1.47837 2.06359 212.536 -0.583106 1.29546 204.004 -1.52598 0.739867 204.004 -1.60538 1.8223 206.16 -1.63853 2.10776 204.004 -0.594703 5.79841 206.16 -0.591224 6.0661 204.004 -0.67002 5.85493 206.16 -0.627784 6.10232 204.004 -0.668677 6.12428 204.004 -0.760718 5.85493 206.16 -0.713904 6.13166 204.004 -0.762122 6.12428 204.004 -0.811683 6.10232 204.004 -1.64908 3.12646 204.004 -1.6226 2.94197 206.16 -1.57328 4.04081 204.004 -1.36588 -3.24631 184.717 -0.962806 -6.32735 182.305 -1.01243 -5.36242 189.541 -1.34812 -3.95646 176.997 -0.868628 -7.29412 175.066 -0.778418 -7.94562 170.24 -0.664771 -8.60671 165.414 -1.28458 -4.69013 169.275 -1.17173 -5.45864 161.554 -0.527015 -9.28043 160.589 -0.364112 -9.96924 155.765 -1.00687 -6.27113 153.836 -0.175574 -10.6749 150.943 -0.789222 -7.13305 146.12 0.038415 -11.3983 146.12 0.276513 -12.1356 141.322 -0.520484 -8.0401 138.443 0.538903 -12.8887 136.523 0.823815 -13.6549 131.726 -0.203528 -8.98999 130.767 1.12881 -14.4302 126.93 0.154504 -9.9696 123.094 1.4504 -15.2091 122.135 1.78402 -15.9848 117.339 0.540917 -10.9582 115.421 2.2369 -16.9992 110.945 0.93673 -11.9265 107.748 2.46182 -17.491 107.748 1.93179 -14.7118 72.6405 3.79098 -20.7712 71.7842 3.82931 -20.7801 73.711 1.86977 -14.6857 69.6442 3.73422 -20.7306 69.8582 3.31399 -20.2184 62.1419 3.44943 -20.4035 64.0878 1.64352 -14.4357 63.6609 1.50881 -14.2468 61.1725 3.15908 -19.993 60.1977 1.3511 -14.0044 58.6871 2.99008 -19.7336 58.3066 2.80361 -19.4332 56.4171 2.66811 -19.2064 55.1412 1.17147 -13.7061 56.2044 2.52541 -18.9599 53.8659 2.3757 -18.6933 52.5912 0.971582 -13.3494 53.7243 2.21951 -18.406 51.3168 2.05721 -18.0977 50.0427 0.753381 -12.9318 51.246 0.519616 -12.4509 48.7688 1.88931 -17.7679 48.7688 1.66641 -17.3122 47.1332 0.266381 -11.8883 46.225 1.43661 -16.8198 45.499 -0.260718 -10.5503 41.1566 0.962915 -15.7239 42.2395 0.004601 -11.2551 43.6864 0.722375 -15.1196 40.6159 -1.19388 -7.938 26.204 -1.02988 -8.8963 27.7929 -1.40842 -6.25416 26.204 -1.64872 -0.066807 193.617 -1.30161 -2.02464 198.22 -1.34263 -2.54772 192.434 -1.76023 -0.55985 183.224 -1.80692 -1.02069 174.32 -1.81193 -1.26922 169.867 -1.80418 -1.53207 165.414 -1.78098 -1.83486 160.589 -1.45377 -3.56729 137.59 -1.54142 -3.20942 141.855 -1.3195 -4.06764 131.904 -1.16679 -4.59063 126.22 -0.998694 -5.13039 120.536 -0.066687 -7.92799 89.3847 1.79952 -14.0485 87.679 1.66787 -13.7015 91.7071 0.070214 -8.4942 79.0653 1.93948 -14.4866 80.9794 0.044213 -8.34419 82.4982 1.96157 -14.6022 78.3073 0.072594 -8.59737 75.6382 1.96121 -14.6782 75.6382 0.056176 -8.64174 72.9402 0.022729 -8.65047 70.2433 -0.509681 -7.87961 54.7905 -0.409705 -8.06845 56.8 -0.617225 -7.66152 52.7824 -0.731116 -7.41325 50.7753 -1.13407 -6.37552 44.1935 -1.27701 -5.93259 41.9145 -1.41679 -5.4468 39.644 -0.524207 -9.77341 38.638 -1.51768 -5.05422 37.9475 -0.780127 -8.92369 36.1315 -1.61368 -4.63736 36.2565 -1.70322 -4.19616 34.571 -1.02323 -4.3877 196.774 0.243371 -13.7974 37.3832 0.008629 -13.0788 35.7744 -1.02207 -8.00046 33.6368 -0.22013 -12.3215 34.1704 -1.1359 -7.51101 32.3935 -0.440589 -11.5251 32.5709 -1.24369 -7.00283 31.1525 -0.650672 -10.6891 30.9754 -1.3765 -6.29582 29.5009 -0.847876 -9.81309 29.383 -1.49479 -5.55474 27.8518 -1.70359 -3.9371 26.204 -1.7421 -2.15778 155.765 -0.796485 -5.74781 114.142 3.31759 -19.3403 94.3398 3.16592 -19.0094 97.0041 1.51083 -13.3097 95.6959 3.00088 -18.6534 99.6983 1.33401 -12.8806 99.676 2.82717 -18.2799 102.386 1.13967 -12.4144 103.717 3.84982 -20.759 75.6382 3.85049 -20.6846 78.269 3.82192 -20.5616 80.9027 3.76443 -20.3888 83.6177 1.897 -14.3351 83.6561 3.6813 -20.1736 86.3372 1.85299 -14.2001 85.6665 3.57809 -19.9263 89.0041 3.4559 -19.6472 91.6724 1.71139 -14.5225 65.1199 3.56362 -20.5483 66.0098 1.7712 -14.5922 66.5798 3.65847 -20.6569 67.9333 1.82498 -14.6477 68.1116 -0.317908 -8.22898 58.8113 1.20162 -16.2905 43.8675 0.482019 -14.4776 38.9971 -1.71158 -0.308519 188.421 -1.68742 -2.50191 150.943 -1.61692 -2.86777 146.12 -0.136512 -7.70269 92.4573 -0.215613 -7.45856 95.5279 -0.332374 -7.11015 99.6137 -0.415381 -6.86681 102.33 -0.588477 -6.36209 107.748 -0.002417 -8.15343 85.9387 -0.028479 -8.62082 67.5485 -0.161475 -8.46889 62.8394 -0.097815 -8.55021 64.8564 -0.235022 -8.36214 60.8244 -0.990882 -6.77583 46.4793 -0.850318 -7.13386 48.7688 -1.78483 -3.73051 32.8905 -1.85697 -3.24028 31.2145 -1.91782 -2.7253 29.5421 -1.96567 -2.18532 27.8724 -1.99882 -1.62004 26.204 4.83511 -20.511 78.2722 4.80471 -20.3887 80.9092 4.7438 -20.2179 83.6209 4.65591 -20.0057 86.3372 4.54611 -19.7611 89.0119 4.4161 -19.4851 91.6879 4.26882 -19.1817 94.3631 4.10702 -18.8548 97.0351 3.93197 -18.5051 99.7214 3.74752 -18.1384 102.402 3.35873 -17.3638 107.748 3.11813 -16.8796 110.945 2.63192 -15.8805 117.339 2.272 -15.1161 122.135 1.92318 -14.3481 126.93 1.59042 -13.5833 131.726 1.27718 -12.827 136.523 0.98623 -12.083 141.322 0.719079 -11.354 146.12 0.475915 -10.6383 150.943 0.25802 -9.93941 155.765 0.06527 -9.25663 160.589 -0.102576 -8.58817 165.414 -0.246619 -7.93157 170.24 -0.367591 -7.28384 175.066 -0.509314 -6.32148 182.305 -0.607886 -5.35959 189.541 -0.669776 -4.38676 196.774 4.83437 -20.5854 75.6382 4.81271 -20.6073 73.711 4.77212 -20.5997 71.7842 4.712 -20.561 69.8582 4.6318 -20.4897 67.9333 4.53127 -20.3843 66.0098 4.41012 -20.2434 64.0878 4.26638 -20.0628 62.1426 4.10201 -19.8427 60.1992 3.92202 -19.5888 58.3074 3.72329 -19.2946 56.4171 3.57882 -19.0724 55.1412 3.42642 -18.8307 53.8659 3.26632 -18.569 52.5912 3.09908 -18.287 51.3168 2.92501 -17.9842 50.0427 2.74471 -17.66 48.7688 2.5046 -17.2119 47.1332 2.25637 -16.7273 45.499 2.00179 -16.206 43.8675 1.74227 -15.6475 42.2395 1.47982 -15.0515 40.6159 1.21578 -14.4177 38.9971 0.952722 -13.7458 37.3832 0.691979 -13.0354 35.7744 0.43612 -12.2861 34.1704 0.186975 -11.4975 32.5709 -0.052893 -10.6691 30.9754 -0.281287 -9.80018 29.383 -0.495887 -8.8901 27.7929 -0.693885 -7.938 26.204 -0.587989 -0.644423 194.363 -2.18082 -0.483397 28.4287 -2.14262 -0.325065 26.204 -0.41648 -5.2608 28.4287 -2.07761 -1.84387 32.8905 -2.15787 -1.03686 30.6567 0.208276 -10.9245 32.8905 0.538415 -11.7582 35.1322 1.86178 -14.3579 44.1935 2.24752 -15.5579 46.4793 -1.02421 -5.77274 56.8 -1.22782 -5.14944 54.121 2.98531 -15.3367 54.121 3.35299 -16.4468 56.8 3.59768 -16.7883 59.4821 3.85928 -17.4037 62.1675 -0.789771 -6.14418 64.408 4.00851 -17.5813 64.408 4.07711 -17.3626 66.6508 4.16561 -17.1718 87.679 3.9399 -16.45 91.7071 3.75161 -15.8063 94.3918 3.23922 -14.5199 102.421 3.55428 -15.1492 97.0733 2.35378 -11.9304 114.142 2.80789 -13.1203 107.748 1.29232 -10.9418 133.325 1.66219 -11.537 126.93 -2.06272 -0.142174 153.354 -1.97031 -0.84441 146.12 0.345605 -9.88002 153.354 0.683984 -10.7422 146.12 -2.06492 0.494014 167.827 -1.999 1.10455 179.892 -2.04533 0.973142 175.066 -1.94108 1.22078 184.717 -0.548316 -5.36293 184.717 -0.475318 -4.9816 179.892 -1.80527 1.58244 194.363 -0.443274 3.34407 194.363 -0.369422 5.09683 194.363 -0.368873 6.03267 194.363 -0.418128 6.56593 194.363 -0.486182 6.83545 194.363 -0.804786 7.03509 194.363 -0.897376 6.97463 194.363 -1.06028 6.7862 194.363 -1.25773 6.4284 194.363 -1.47672 5.8434 194.363 -1.66398 5.09191 194.363 -1.81071 4.06124 194.363 -1.86118 2.87856 194.363 -0.345374 -1.2089 28.4287 -0.605079 -3.06672 26.204 -0.472815 0.441308 26.204 -0.186377 4.49765 28.4287 -0.252112 5.56464 26.204 -0.166602 5.88695 28.4287 -0.245887 6.08748 26.204 -0.19358 6.73457 28.4287 -0.273719 6.90146 26.204 -0.252601 7.30104 28.4287 -0.316687 7.2669 26.204 -0.32688 7.65142 28.4287 -0.425574 7.68324 26.204 -0.427527 7.90679 28.4287 -0.484107 7.79318 26.204 -0.520118 8.03194 28.4287 -0.56803 7.88592 26.204 -1.90201 5.7561 26.204 -1.93919 5.85868 28.4287 -1.79917 6.13926 26.204 -2.27909 3.67223 28.4287 -2.18571 4.13009 26.204 -2.23661 3.58194 26.204 -2.27238 2.93043 26.204 -2.33408 2.38002 28.4287 -2.28348 2.27814 26.204 -2.29673 0.986194 28.4287 -2.24119 0.974119 26.204 -0.163428 -2.06633 30.6567 -0.105872 3.07406 30.6567 -0.268775 1.95875 28.4287 -0.078223 4.98397 30.6567 -0.094824 6.21288 30.6567 -0.140296 6.93855 30.6567 -0.22013 7.51496 30.6567 -0.312415 7.86756 30.6567 -0.431983 8.11618 30.6567 -0.542273 8.23226 30.6567 -0.631202 8.10115 28.4287 -0.668616 8.28263 30.6567 -0.758277 8.10905 28.4287 -0.808387 8.26724 30.6567 -0.891395 8.05689 28.4287 -0.955726 8.18567 30.6567 -1.73221 6.58343 28.4287 -1.50529 7.17653 28.4287 -1.74497 6.75189 30.6567 -1.96158 5.99577 30.6567 -2.1442 5.10744 30.6567 -2.14231 4.83906 28.4287 -2.27903 4.10816 30.6567 -2.35648 3.00338 30.6567 0.081322 -6.45654 32.8905 0.033288 -2.03966 32.8905 0.014184 1.60572 32.8905 0.022118 4.28232 32.8905 0.003014 5.71154 32.8905 -0.050696 6.72693 32.8905 -0.13053 7.4064 32.8905 -0.221778 7.83653 32.8905 -0.33982 8.15753 32.8905 -0.448523 8.32517 32.8905 -0.571814 8.4228 32.8905 -0.713904 8.45169 32.8905 -0.867713 8.40881 32.8905 -1.02158 8.29882 32.8905 -1.1027 8.04413 30.6567 -1.18113 8.11922 32.8905 -1.30387 7.75973 30.6567 -1.59818 7.3394 32.8905 -1.50413 7.37302 30.6567 -1.84043 6.64463 32.8905 -2.05521 5.79808 32.8905 -2.2266 4.82269 32.8905 -2.34409 3.7232 32.8905 -2.39597 2.52263 32.8905 -2.36802 1.81454 30.6567 -2.37449 1.22909 32.8905 -2.30759 0.550592 30.6567 -2.27531 -0.134225 32.8905 0.843103 -12.0219 37.3832 0.348474 -7.21531 35.1322 0.594628 -7.26877 37.3832 0.233178 -2.52277 35.1322 0.427087 -2.6397 37.3832 0.15957 1.3504 35.1322 0.299707 1.41046 37.3832 0.12893 4.19458 35.1322 1.00222 -10.2171 39.644 0.738793 -5.45796 39.644 0.538781 -1.01172 39.644 0.371972 3.25703 39.644 0.235925 4.11955 37.3832 0.282617 5.28706 39.644 0.171777 5.72133 37.3832 0.185571 6.55774 39.644 0.081322 6.85812 37.3832 0.07412 7.42578 39.644 -0.028601 7.61751 37.3832 -0.040625 7.98959 39.644 -0.143775 8.09702 37.3832 -0.180518 8.4272 39.644 -0.285621 8.45338 37.3832 -0.30503 8.6713 39.644 -0.412513 8.63808 37.3832 -0.442603 8.83287 39.644 -0.553687 8.74384 37.3832 -0.600318 8.91661 39.644 -0.713904 8.77198 37.3832 -0.773902 8.91547 39.644 -0.884986 8.71931 37.3832 -0.949988 8.83208 39.644 -1.0543 8.59139 37.3832 -1.12998 8.66586 39.644 -1.22782 8.38527 37.3832 -1.30479 8.42714 39.644 -1.45377 8.00228 37.3832 -1.53568 7.99039 39.644 -1.67197 7.49851 37.3832 -1.84721 -3.24193 39.644 0.972619 -5.91868 41.9145 1.42391 -9.33327 44.1935 1.05001 -4.08185 44.1935 0.711083 -1.28106 41.9145 0.685815 1.54423 44.1935 0.486474 3.17173 41.9145 0.5281 4.24778 44.1935 0.369226 5.28916 41.9145 0.389428 6.01439 44.1935 0.252893 6.61407 41.9145 0.264123 7.07367 44.1935 0.126184 7.51861 41.9145 0.109826 7.93261 44.1935 -0.00022 8.10562 41.9145 -0.039771 8.47321 44.1935 -0.151282 8.56065 41.9145 -0.170081 8.78984 44.1935 -0.284217 8.8139 41.9145 -0.312476 9.01755 44.1935 -0.429725 8.98089 41.9145 -0.474708 9.16439 44.1935 -0.595313 9.0664 41.9145 -0.652015 9.22005 44.1935 -0.776404 9.06316 41.9145 -0.840918 9.18471 44.1935 -0.959327 8.97404 41.9145 -1.03312 9.05843 44.1935 -1.14512 8.79845 41.9145 -1.21897 8.85046 44.1935 -1.32468 8.54725 41.9145 -1.40537 8.55441 44.1935 -1.5604 8.08874 41.9145 -1.64152 8.04083 44.1935 -1.78269 7.49985 41.9145 -1.86057 7.39423 44.1935 -1.98423 6.78857 41.9145 1.71871 -10.1903 46.4793 1.30398 -5.15445 46.4793 0.78927 1.76796 46.4793 0.599816 4.50708 46.4793 2.50167 -15.5802 48.7688 1.93459 -10.2346 48.7688 1.46517 -5.04267 48.7688 0.854882 2.35295 48.7688 0.65902 4.79246 48.7688 0.45968 6.0548 46.4793 0.496423 6.3434 48.7688 0.319421 7.14917 46.4793 0.337792 7.4222 48.7688 0.151086 8.03604 46.4793 2.52462 -14.5922 50.1064 1.91348 -8.85036 50.1064 1.39217 -3.1898 50.1064 0.888879 2.65071 50.1064 0.677087 5.07736 50.1064 0.50039 6.60731 50.1064 0.327417 7.66916 50.1064 0.189477 8.13808 48.7688 0.167688 8.36026 50.1064 0.019372 8.71116 48.7688 -0.014319 8.90383 50.1064 -0.126014 9.04596 48.7688 -0.16471 9.20633 50.1064 -0.282081 9.28578 48.7688 -0.333777 9.42441 50.1064 -0.457923 9.43902 48.7688 -0.514991 9.54441 50.1064 -0.647925 9.49478 48.7688 -0.713904 9.56764 50.1064 -0.848609 9.45335 48.7688 -0.92063 9.49073 50.1064 -1.05088 9.31495 48.7688 -1.11948 9.32144 50.1064 -1.24473 9.08962 48.7688 -1.31821 9.05569 50.1064 -1.43748 8.77042 48.7688 -1.50602 8.70835 50.1064 -1.67887 8.21842 48.7688 -1.74418 8.10972 50.1064 -1.89951 7.52501 48.7688 -1.95847 7.36962 50.1064 -2.09098 6.69924 48.7688 -2.14048 6.4975 50.1064 -2.24522 5.75063 48.7688 2.12283 -9.85637 51.4442 2.76699 -15.5371 51.4442 1.59689 -4.50385 51.4442 1.22219 -0.570247 51.4442 0.888574 3.28343 51.4442 0.688806 5.37253 51.4442 0.497583 6.87853 51.4442 0.313073 7.90461 51.4442 0.143029 8.56855 51.4442 -0.049475 9.08085 51.4442 -0.212195 9.36383 51.4442 -0.385596 9.54785 51.4442 -0.578223 9.63806 51.4442 -0.784705 9.62636 51.4442 -0.989295 9.51663 51.4442 -1.19352 9.30813 51.4442 -1.38718 9.01367 51.4442 -1.57688 8.62411 51.4442 -1.80997 7.97875 51.4442 -2.01621 7.19246 51.4442 -2.1868 6.27488 51.4442 -2.28171 5.50321 50.1064 -2.31327 5.23611 51.4442 -2.37357 4.39694 50.1064 2.2712 -9.36426 54.121 1.65188 -3.47524 54.121 1.04891 2.60146 54.121 0.795617 5.1262 54.121 0.590783 6.71742 54.121 0.396325 7.82111 54.121 0.220727 8.53881 54.121 0.023827 9.10254 54.121 -0.137 9.41559 54.121 -0.316077 9.64046 54.121 -0.506385 9.76301 54.121 -0.713904 9.78452 54.121 -0.928199 9.70163 54.121 -1.13309 9.52261 54.121 -1.33652 9.24313 54.121 -1.52738 8.87881 54.121 -1.76737 8.25206 54.121 -1.98063 7.47827 54.121 -2.29209 5.52986 54.121 -2.15848 6.56742 54.121 -2.3729 4.37633 54.121 -2.39292 3.11794 54.121 -2.38731 4.08662 51.4442 -2.40122 2.83724 51.4442 -2.34513 1.76616 54.121 -2.32432 1.15465 51.4442 -2.22398 0.332859 54.121 -2.13309 -0.648615 51.4442 2.58352 -10.4957 56.8 1.94369 -4.88709 56.8 1.36343 0.39654 56.8 1.00332 3.93287 56.8 0.755883 6.02106 56.8 0.563378 7.26954 56.8 0.345788 8.30629 56.8 0.150903 8.96115 56.8 -0.007483 9.34243 56.8 -0.182776 9.63674 56.8 -0.367774 9.82701 56.8 -0.571387 9.91852 56.8 -0.787879 9.90284 56.8 -1.00089 9.78432 56.8 -1.21183 9.56215 56.8 -1.41032 9.24995 56.8 -1.60288 8.838 56.8 -1.83689 8.15689 56.8 -2.04032 7.32832 56.8 -2.20432 6.36256 56.8 -2.31998 5.27033 56.8 -2.37882 4.06277 56.8 -2.37278 2.75137 56.8 -2.29533 1.34801 56.8 -2.14121 -0.135042 56.8 -2.02567 -1.16966 54.121 -1.90678 -1.68502 56.8 -1.74979 -2.72884 54.121 -1.5958 -3.28937 56.8 1.11062 3.63079 59.4821 0.847924 5.80154 59.4821 0.604272 7.35629 59.4821 2.99929 -11.3538 62.1675 3.11727 -11.4709 64.408 3.15218 -11.1036 66.6508 2.29873 -5.17136 64.408 2.31332 -4.75695 66.6508 1.70492 -0.462368 64.408 1.38271 2.6628 66.6508 1.21682 3.69664 64.408 1.04061 5.37688 66.6508 0.92727 5.92169 64.408 0.77633 7.0862 66.6508 0.663293 7.51484 64.408 0.536279 8.27036 66.6508 0.419396 8.59517 64.408 0.327417 9.03904 66.6508 0.205285 9.27665 64.408 0.099816 9.6412 66.6508 0.033715 9.67272 64.408 -0.082129 9.97419 66.6508 -0.154273 9.9776 64.408 -0.281226 10.2116 66.6508 -0.350623 10.1736 64.408 -0.489722 10.3385 66.6508 -0.564979 10.266 64.408 -0.713904 10.356 66.6508 -0.790992 10.2462 64.408 -0.942481 10.2608 66.6508 -1.01182 10.1189 64.408 -1.15848 10.0622 66.6508 -1.22867 9.88334 64.408 -1.36997 9.75546 66.6508 -1.43119 9.55383 64.408 -1.56577 9.35758 66.6508 -1.62607 9.12015 64.408 -1.80729 8.67553 66.6508 -1.8599 8.40444 64.408 -2.01603 7.83575 66.6508 -2.05942 7.53506 64.408 -2.18272 6.84921 66.6508 -2.21561 6.52289 64.408 -2.29832 5.72733 66.6508 -2.31931 5.37929 64.408 -2.35367 4.48191 66.6508 -2.36161 4.11603 64.408 -2.34067 3.12514 66.6508 -2.33451 2.74524 64.408 -2.25217 1.66958 66.6508 -2.23142 1.27944 64.408 -2.0825 0.128166 66.6508 -2.04673 -0.268436 64.408 -1.82761 -1.48573 66.6508 -1.77708 -1.88501 64.408 -1.48752 -3.15856 66.6508 -1.42667 -3.55721 64.408 -0.858619 -5.75304 66.6508 -0.638282 10.4485 68.8956 -0.86637 10.3904 68.8956 -1.09128 10.2211 68.8956 -1.30192 9.95239 68.8956 -1.50632 9.57609 68.8956 -1.75449 8.93013 68.8956 -1.97123 8.12302 68.8956 -2.14793 7.16558 68.8956 -2.27512 6.06914 68.8956 -2.34379 4.84551 68.8956 4.34469 -18.1972 70.5803 4.17397 -17.4497 68.8956 3.33767 -11.622 70.5803 3.22842 -11.1513 68.8956 2.46078 -5.20809 70.5803 2.36892 -4.76454 68.8956 1.87728 -0.828126 70.5803 1.4147 2.70222 68.8956 1.29812 3.82149 70.5803 1.06393 5.4335 68.8956 0.988122 6.08696 70.5803 0.793786 7.15353 68.8956 0.708215 7.70866 70.5803 0.549523 8.34498 68.8956 0.452417 8.80792 70.5803 0.337426 9.11827 68.8956 0.229516 9.50092 70.5803 0.106896 9.72389 68.8956 0.052025 9.90337 70.5803 -0.07688 10.0587 68.8956 -0.141578 10.2128 70.5803 -0.277991 10.2972 68.8956 -0.343116 10.4112 70.5803 -0.417518 10.3944 68.8956 -0.56211 10.5039 70.5803 -0.792273 10.4822 70.5803 -1.01652 10.351 70.5803 -1.23588 10.1094 70.5803 -1.43998 9.77229 70.5803 -1.63572 9.32902 70.5803 -1.86912 8.59809 70.5803 -2.0665 7.7108 70.5803 -2.21879 6.6783 70.5803 -2.31669 5.51221 70.5803 -2.3491 3.88849 70.5803 -2.34537 3.50686 68.8956 -2.267 2.09259 70.5803 1.08767 5.5231 72.2658 1.44729 2.77444 72.2658 0.81173 7.25395 72.2658 0.563012 8.45276 72.2658 0.347619 9.2307 72.2658 0.114099 9.83981 72.2658 -0.071814 10.1764 72.2658 -0.274817 10.416 72.2658 -0.41532 10.5136 72.2658 -0.637916 10.5674 72.2658 -0.867286 10.5085 72.2658 -1.0933 10.3374 72.2658 -1.30472 10.0665 72.2658 -1.50962 9.68718 72.2658 -1.75779 9.03633 72.2658 -1.9741 8.22333 72.2658 -2.14957 7.25908 72.2658 -2.27512 6.15503 72.2658 -2.34757 4.60002 72.2658 -2.31107 2.86229 72.2658 -2.15232 0.980079 72.2658 -2.05869 0.162434 70.5803 -1.86039 -1.03243 72.2658 4.29281 -17.4781 83.6561 4.42428 -18.0594 79.6428 3.39993 -11.4519 79.6428 3.27682 -10.8005 83.6561 2.50649 -5.00632 79.6428 2.40432 -4.38857 83.6561 1.45889 2.97761 79.6428 1.43502 3.10769 83.6561 -0.48722 10.859 83.6561 -0.637671 10.7871 79.6428 -0.713904 10.8758 83.6561 -0.867713 10.7278 79.6428 -0.944678 10.7787 83.6561 -1.09397 10.5562 79.6428 -1.16221 10.5772 83.6561 -1.30558 10.2844 79.6428 -1.37479 10.2663 83.6561 -1.51072 9.90402 79.6428 -1.57108 9.86337 83.6561 -1.75889 9.25144 79.6428 -1.81272 9.17303 83.6561 -1.97507 8.43635 79.6428 -2.0203 8.32338 83.6561 -2.15018 7.46971 79.6428 -2.18497 7.32554 83.6561 -2.27512 6.36298 79.6428 -2.30839 3.06252 79.6428 -2.14768 1.17604 79.6428 -2.23533 2.08973 83.6561 -2.05778 0.532331 83.6561 -1.85337 -0.840927 79.6428 2.38992 -4.63529 87.679 3.24142 -10.9993 87.679 1.77181 0.121963 87.679 1.2626 4.32373 87.679 1.07882 5.84976 83.6561 0.961572 6.57155 87.679 0.805017 7.5765 83.6561 0.688623 8.18079 87.679 0.557885 8.77252 83.6561 0.438012 9.27178 87.679 0.343774 9.5487 83.6561 0.219018 9.95975 87.679 0.111413 10.1565 83.6561 0.04403 10.3594 87.679 -0.073828 10.4924 83.6561 -0.147071 10.6669 87.679 -0.275977 10.7316 83.6561 -0.346412 10.8642 87.679 -0.563392 10.9568 87.679 -0.791785 10.9359 87.679 -1.01438 10.8064 87.679 -1.2327 10.5675 87.679 -1.43619 10.2337 87.679 -1.63163 9.79458 87.679 -1.86509 9.0703 87.679 -2.06339 8.19083 87.679 -2.21738 7.16721 87.679 -2.29752 6.1911 83.6561 -2.31779 6.01094 87.679 -2.34867 4.93202 83.6561 -2.35581 4.73396 87.679 -2.33042 3.56066 83.6561 -2.32322 3.34856 87.679 -2.21329 1.86743 87.679 -2.02079 0.303653 87.679 -1.79392 -1.09801 83.6561 -1.74222 -1.32924 87.679 -1.4437 -2.78758 83.6561 -1.38151 -3.01804 87.679 -0.798011 -5.40764 83.6561 -0.728003 -5.63033 87.679 3.04458 -10.2479 91.7071 2.88162 -9.58378 94.3918 2.76852 -9.35209 97.0733 1.28042 2.34653 102.421 1.12911 4.63404 97.0733 0.96383 5.44992 102.421 0.861718 6.81427 97.0733 0.715905 7.47603 102.421 0.614587 8.37573 97.0733 0.518823 8.6888 102.421 0.38363 9.43504 97.0733 0.298303 9.66957 102.421 0.178918 10.1037 97.0733 0.099084 10.2842 102.421 0.013695 10.4926 97.0733 -0.066687 10.6421 102.421 -0.168128 10.7924 97.0733 -0.241919 10.897 102.421 -0.358924 10.9857 97.0733 -0.435889 11.0579 102.421 -0.568091 11.0777 97.0733 -0.642676 11.1131 102.421 -0.789527 11.0599 97.0733 -0.858375 11.063 102.421 -1.00651 10.9369 97.0733 -1.07328 10.9081 102.421 -1.22062 10.7079 97.0733 -1.27671 10.6594 102.421 -1.42118 10.3868 97.0733 -1.47648 10.3094 102.421 -1.61509 9.96361 97.0733 -1.72257 9.7066 102.421 -1.8491 9.26466 97.0733 -1.94242 8.95154 102.421 -2.05057 8.41503 97.0733 -2.12742 8.05424 102.421 -2.21073 7.42531 97.0733 -2.26871 7.02521 102.421 -2.32041 6.30656 97.0733 -2.3574 5.87536 102.421 -2.37089 5.07022 97.0733 -2.38523 4.61598 102.421 -2.35429 3.72813 97.0733 -2.34489 3.25875 102.421 -2.26371 2.29248 97.0733 -2.23038 1.8157 102.421 -2.09409 0.775904 97.0733 -2.0936 0.686896 102.421 -1.84177 -0.808533 97.0733 -1.83988 -0.876276 102.421 -1.51072 -2.448 97.0733 -1.03098 -4.56539 102.421 2.51919 -8.85662 102.421 2.20388 -7.91195 107.748 1.01913 3.97211 107.748 0.773706 6.47962 107.748 0.574182 8.06008 107.748 0.383691 9.15643 107.748 0.211022 9.86948 107.748 0.016869 10.4297 107.748 -0.141883 10.7409 107.748 -0.319312 10.9646 107.748 -0.507911 11.0868 107.748 -0.713904 11.1086 107.748 -0.926917 11.0268 107.748 -1.13077 10.8496 107.748 -1.33341 10.5726 107.748 -1.52378 10.2113 107.748 -1.76371 9.58955 107.748 -1.97727 8.82176 107.748 -2.15598 7.91777 107.748 -2.31748 6.60861 107.748 -2.39359 5.1303 107.748 -2.38383 3.83297 107.748 -2.30387 2.44858 107.748 0.8453 4.50776 114.142 0.636621 6.87369 114.142 0.458093 8.35252 114.142 0.283227 9.36042 114.142 0.120385 10.0129 114.142 -0.065527 10.5167 114.142 -0.223426 10.7954 114.142 -0.39231 10.977 114.142 -0.580787 11.0667 114.142 -0.783423 11.0564 114.142 -0.9849 10.95 114.142 -1.1865 10.7467 114.142 -1.37839 10.4589 114.142 -1.62553 9.93705 114.142 -1.85282 9.26976 114.142 -2.05253 8.46621 114.142 -2.25053 7.2815 114.142 -2.37461 5.92512 114.142 -2.41062 4.40477 114.142 -2.07511 8.29635 120.536 -2.26603 7.13373 120.536 -2.38657 5.79685 120.536 -2.42142 4.31725 120.536 -2.34531 2.75336 114.142 -2.35837 2.70452 120.536 -2.21342 1.34666 114.142 -2.18931 0.989834 120.536 -2.00718 -0.121221 114.142 -1.91312 -0.812905 120.536 -1.73502 -1.63897 114.142 -1.478 -3.05503 120.536 -1.32401 -3.58963 114.142 1.27401 -6.72181 126.93 1.94582 -11.0957 120.536 1.54208 -6.62438 120.536 0.955285 -1.89959 126.93 1.17922 -1.97232 120.536 0.656579 2.96982 126.93 0.925378 1.35269 120.536 0.700585 4.68095 120.536 0.49392 5.95863 126.93 0.529382 6.95158 120.536 0.363488 7.70342 126.93 0.376428 8.37142 120.536 0.217004 8.93232 126.93 0.221093 9.33977 120.536 0.059472 9.74844 126.93 0.073022 9.96726 120.536 -0.092688 10.2485 126.93 -0.098975 10.4525 120.536 -0.222327 10.5279 126.93 -0.246985 10.7216 120.536 -0.371009 10.7309 126.93 -0.406775 10.8977 120.536 -0.533179 10.8448 126.93 -0.58628 10.986 120.536 -0.713904 10.871 126.93 -0.780677 10.9787 120.536 -0.904273 10.806 126.93 -0.975196 10.8791 120.536 -1.08982 10.6567 126.93 -1.17087 10.6866 120.536 -1.2775 10.4194 126.93 -1.35837 10.4131 120.536 -1.51823 9.98182 126.93 -1.60172 9.91589 120.536 -1.74607 9.40891 126.93 -1.82767 9.27897 120.536 -2.00077 8.51791 126.93 -2.21012 7.43803 126.93 -2.35569 6.19924 126.93 -2.4246 4.80827 126.93 -2.40378 3.29491 126.93 -2.28391 1.6699 126.93 -2.06138 -0.037272 126.93 -1.69022 -2.17286 126.93 0.960229 -6.06262 133.325 0.399072 5.48848 133.325 0.289086 7.4639 133.325 0.171411 8.67733 133.325 0.039879 9.48701 133.325 -0.092078 9.99743 133.325 -0.25022 10.3757 133.325 0.703271 -6.09046 139.722 0.97738 -10.8218 139.722 0.508386 -1.39916 139.722 0.716699 -1.46846 133.325 0.376794 2.13863 139.722 0.457971 -6.06896 146.12 0.31997 -1.64387 146.12 0.183801 4.54401 146.12 0.279016 5.53807 139.722 0.138879 6.69703 146.12 0.198571 7.4136 139.722 0.065514 8.0771 146.12 0.101525 8.5663 139.722 -0.0427 9.01567 146.12 -0.013525 9.33608 139.722 -0.171973 9.60615 146.12 0.183618 -5.34412 153.354 0.104699 -0.910261 153.354 0.058617 3.31149 153.354 0.049523 5.96314 153.354 0.008019 7.54113 153.354 -0.066321 8.49195 153.354 -0.165015 9.11098 153.354 -0.272315 9.48868 153.354 -0.305518 9.94902 146.12 -0.406592 9.75379 153.354 -0.425818 10.1271 146.12 -0.52793 9.87637 153.354 -0.560523 10.2296 146.12 -0.665076 9.92781 153.354 -0.713904 10.2578 146.12 -0.815284 9.90814 153.354 -0.878516 10.2085 146.12 -0.972083 9.81703 153.354 -1.04172 10.0871 146.12 -1.64512 8.67981 153.354 -1.88871 8.291 146.12 -1.88132 7.94403 153.354 -2.10239 7.37603 146.12 -2.11912 6.87436 153.354 -2.26682 6.32336 146.12 -2.28733 5.61963 153.354 -2.37083 5.1383 146.12 -2.36613 4.20473 153.354 -2.40208 3.84586 146.12 -2.35203 2.9241 153.354 -2.35252 2.45492 146.12 -2.25901 1.56418 153.354 -2.21787 0.990507 146.12 -0.034888 -5.45104 160.589 -0.072119 -1.08908 160.589 -0.057227 4.56447 160.589 -0.051917 6.62404 160.589 -0.092688 7.78359 160.589 -0.17417 8.5667 160.589 -0.282813 9.05691 160.589 -0.398414 9.33081 160.589 -0.501929 9.46392 160.589 -0.624122 9.53597 160.589 -0.761878 9.54122 160.589 -0.904578 9.48127 160.589 -1.05338 9.35573 160.589 -1.18168 9.59199 153.354 -1.25193 9.09519 160.589 -1.39139 9.25286 153.354 -1.49723 8.62705 160.589 -1.73301 8.00297 160.589 -1.98197 7.0737 160.589 -2.17539 5.96434 160.589 -2.29313 4.69729 160.589 -2.31913 3.29661 160.589 -2.07853 0.199993 160.589 -0.132972 5.87541 167.827 -0.144874 7.19427 167.827 -0.197425 7.98089 167.827 -0.278113 8.49141 167.827 -0.369422 8.79375 167.827 -0.486487 8.99825 167.827 -0.591712 9.08425 167.827 -0.713904 9.11119 167.827 -0.847327 9.07635 167.827 -0.387671 -5.11864 175.066 -0.231116 -4.97974 167.827 -0.356604 -0.846333 175.066 -0.224891 -0.715774 167.827 -0.247474 4.2054 175.066 -0.178077 3.41715 167.827 -0.202979 6.14044 175.066 -0.224585 7.24603 175.066 -0.288184 7.88001 175.066 -0.377906 8.26499 175.066 -0.476905 8.47655 175.066 -0.569129 8.57583 175.066 -0.675574 8.61963 175.066 -0.794105 8.6079 175.066 -0.919471 8.54021 175.066 -1.02921 8.93792 167.827 -1.08958 8.36863 175.066 -1.215 8.69928 167.827 -1.30503 8.03067 175.066 -1.44608 8.26942 167.827 -1.55949 7.44994 175.066 -1.6699 7.69547 167.827 -1.79117 6.69578 175.066 -1.90891 6.83986 167.827 -1.98179 5.78545 175.066 -2.09818 5.81742 167.827 -2.11393 4.73738 175.066 -2.21928 4.64865 167.827 -2.17258 3.57137 175.066 -2.25687 3.3556 167.827 -2.14732 2.30886 175.066 -2.2006 1.96216 167.827 -0.285804 4.48325 179.892 -0.245887 6.07972 179.892 -0.268409 7.08255 179.892 -0.332129 7.64902 179.892 -0.422278 7.98946 179.892 -0.520301 8.16634 179.892 -0.609412 8.2414 179.892 -0.713904 8.26602 179.892 -0.828772 8.23777 179.892 -0.986487 8.12124 179.892 -1.14878 7.91881 179.892 -1.35239 7.55288 179.892 -1.58878 6.95395 179.892 -1.79899 6.19764 179.892 -1.98838 5.13681 179.892 -2.09373 3.91535 179.892 -2.09659 2.55837 179.892 -0.48783 -0.586456 184.717 -0.42533 -0.60881 179.892 -0.3375 4.19675 184.717 -0.287085 5.8479 184.717 -1.08097 7.62073 184.717 -1.27433 7.30059 184.717 -1.49912 6.76957 184.717 -0.30387 6.78216 184.717 -0.360816 7.3101 184.717 -1.73337 5.96427 184.717 -1.91422 4.97688 184.717 -2.01737 3.8395 184.717 -2.02592 2.57545 184.717 -1.10642 7.67671 26.204 -1.28818 7.40745 26.204 -1.26682 7.63626 28.4287 -1.0767 7.89632 28.4287 -1.01041 7.78351 26.204 -0.680823 -6.55708 26.204 -0.168799 -6.436 30.6567 1.30398 -10.8821 41.9145 -1.93497 -2.81153 37.3832 -2.01279 -2.34553 35.1322 -1.3361 -4.90188 51.4442 -1.3928 -4.76106 50.1064 -1.45072 -4.60858 48.7688 -0.847999 -6.06853 62.1675 -0.929908 -5.94139 59.4821 -0.766272 -5.70649 75.6382 -0.78379 -5.76431 72.2658 -0.800086 -5.77572 70.5803 -0.82157 -5.7747 68.8956 4.43807 -18.1376 77.6398 4.43478 -18.1902 75.6382 4.38833 -18.216 72.2658 -0.905799 -4.985 97.0733 -0.848182 -5.18358 94.3918 -0.795508 -5.37194 91.7071 -0.770301 -5.58296 79.6428 -0.765174 -5.65172 77.6398 -1.16349 -4.12703 107.748 -1.5145 -2.49121 102.421 -1.61491 -2.10605 107.748 -1.91672 -0.532989 107.748 -2.14933 0.989096 107.748 -1.89902 -1.25149 139.722 -1.80503 -1.69579 133.325 -2.24222 1.7883 160.589 -0.561988 6.97594 194.363 -0.631629 7.03599 194.363 -0.713904 7.05636 194.363 -0.363013 3.04403 26.204 -0.287879 4.56518 26.204 -0.257117 6.63045 26.204 -0.351478 7.44711 26.204 -0.621314 7.91799 26.204 -0.668006 7.93241 26.204 -0.749122 7.93448 26.204 -0.828589 7.91274 26.204 -0.925696 7.85677 26.204 -1.4531 7.08779 26.204 -1.57401 6.80426 26.204 -1.67979 6.51652 26.204 -2.02018 5.2197 26.204 -2.11411 4.67663 26.204 -1.3917 7.78323 32.8905 -2.24778 -0.531803 35.1322 -2.37302 0.915364 35.1322 -2.41477 2.28953 35.1322 -2.37711 3.56596 35.1322 -2.26829 4.73596 35.1322 -2.10038 5.77488 35.1322 -1.88462 6.67752 35.1322 -1.63731 7.41929 35.1322 -1.42441 7.89391 35.1322 -1.20548 8.25399 35.1322 -1.03861 8.44715 35.1322 -0.876685 8.56627 35.1322 -0.713904 8.61407 35.1322 -0.562476 8.58544 35.1322 -0.43003 8.48351 35.1322 -0.311988 8.30697 35.1322 -0.182105 7.96761 35.1322 -0.078772 7.51189 35.1322 0.016015 6.79108 35.1322 0.087792 5.71294 35.1322 -2.20768 -0.900701 37.3832 -2.35972 0.624799 37.3832 -2.42252 2.0744 37.3832 -2.40018 3.42194 37.3832 -2.30131 4.65814 37.3832 -2.13828 5.75681 37.3832 -1.92289 6.71234 37.3832 -2.15769 -1.24084 39.644 -2.33652 0.35756 39.644 -2.42087 1.87747 39.644 -2.41471 3.2914 39.644 -2.32682 4.58951 39.644 -2.16971 5.74415 39.644 -1.95591 6.74929 39.644 -1.7551 7.42859 39.644 -2.19547 5.73709 41.9145 -2.34562 4.53027 41.9145 -2.42197 3.17456 41.9145 -2.41178 1.69893 41.9145 -2.30558 0.113793 41.9145 -2.10001 -1.55214 41.9145 -1.7523 -3.63675 41.9145 -1.65299 -3.99604 44.1935 -2.03702 -1.83455 44.1935 -2.2689 -0.106394 44.1935 -2.39652 1.53894 44.1935 -2.42332 3.07157 44.1935 -2.35892 4.48059 44.1935 -2.21622 5.73578 44.1935 -2.05479 6.62295 44.1935 -1.55161 -4.31991 46.4793 -1.97068 -2.0881 46.4793 -2.228 -0.302965 46.4793 -2.37662 1.39756 46.4793 -2.4199 2.98253 46.4793 -2.36753 4.44057 46.4793 -2.23252 5.74029 46.4793 -2.07468 6.65955 46.4793 -1.88163 7.45926 46.4793 -1.66148 8.13027 46.4793 -1.4224 8.66388 46.4793 -1.23258 8.97197 46.4793 -1.04252 9.18896 46.4793 -0.844886 9.32151 46.4793 -0.649817 9.35997 46.4793 -0.465918 9.3042 46.4793 -0.296729 9.15396 46.4793 -0.147193 8.91986 46.4793 -0.00907 8.59369 46.4793 -1.90311 -2.31292 48.7688 -2.18473 -0.475984 48.7688 -2.35361 1.27477 48.7688 -2.41282 2.90744 48.7688 -2.37223 4.41022 48.7688 -1.86368 -2.43104 50.1064 -2.15891 -0.566221 50.1064 -2.33909 1.21161 50.1064 -2.40732 2.87001 50.1064 -1.82493 -2.53962 51.4442 2.77578 -10.7302 59.4821 2.0881 -5.02015 59.4821 1.55032 -0.426253 59.4821 -1.52811 -3.41497 59.4821 -1.85508 -1.78243 59.4821 -2.10392 -0.204797 59.4821 -2.27042 1.30516 59.4821 -2.35831 2.73442 59.4821 -2.37272 4.07045 59.4821 -2.32059 5.30109 59.4821 -2.20957 6.4146 59.4821 -2.04868 7.39957 59.4821 -1.84678 8.24502 59.4821 -1.61283 8.94043 59.4821 -1.41898 9.36136 59.4821 -1.21879 9.6807 59.4821 -1.00541 9.90838 59.4821 -0.789222 10.0305 59.4821 -0.568824 10.0478 59.4821 -0.360694 9.95592 59.4821 -0.171119 9.76325 59.4821 0.009484 9.46452 59.4821 0.173303 9.07708 59.4821 0.376 8.41116 59.4821 -1.46891 -3.50623 62.1675 -1.80973 -1.85019 62.1675 -2.07072 -0.249485 62.1675 -2.24778 1.28293 62.1675 -2.34458 2.73383 62.1675 -2.36649 4.09044 62.1675 -2.32011 5.34039 62.1675 -2.21342 6.4717 62.1675 -2.05521 7.47277 62.1675 -1.85471 8.33237 62.1675 -1.62083 9.03978 62.1675 -1.42631 9.46825 62.1675 -1.22459 9.7936 62.1675 -1.00919 10.0259 62.1675 -0.79032 10.1511 62.1675 -0.566504 10.1699 62.1675 -0.354712 10.0777 62.1675 -0.161109 9.88301 62.1675 0.023827 9.58063 62.1675 0.192224 9.18808 62.1675 0.401574 8.51293 62.1675 0.639123 7.44297 62.1675 0.894677 5.86548 62.1675 1.17312 3.66256 62.1675 1.64108 -0.454873 62.1675 2.21182 -5.11694 62.1675 -1.46091 -3.16449 68.8956 -1.8071 -1.48137 68.8956 -2.06748 0.142635 68.8956 -2.24198 1.69387 68.8956 -1.44529 -3.15645 70.5803 -1.79508 -1.46739 70.5803 3.37179 -11.6231 72.2658 2.4858 -5.19174 72.2658 -1.43339 -3.13822 72.2658 3.4081 -11.5785 75.6382 2.51248 -5.12865 75.6382 1.46218 2.86049 75.6382 1.0986 5.61707 75.6382 0.819909 7.35286 75.6382 0.569116 8.55502 75.6382 0.352319 9.33508 75.6382 0.117272 9.94578 75.6382 -0.069373 10.2831 75.6382 -0.27323 10.5233 75.6382 -0.414405 10.621 75.6382 -0.637671 10.6748 75.6382 -0.867713 10.6154 75.6382 -1.09421 10.4436 75.6382 -1.30588 10.1716 75.6382 -1.51102 9.79094 75.6382 -1.75931 9.13784 75.6382 -1.97538 8.32215 75.6382 -2.15043 7.3548 75.6382 -2.27512 6.24728 75.6382 -2.34598 4.68749 75.6382 -2.30772 2.94455 75.6382 -2.14628 1.05681 75.6382 -1.85129 -0.961469 75.6382 -1.42081 -3.07316 75.6382 3.41061 -11.5246 77.6398 2.51443 -5.07352 77.6398 1.46328 2.91721 77.6398 1.09933 5.67433 77.6398 0.82052 7.41046 77.6398 0.569482 8.61285 77.6398 0.352624 9.39306 77.6398 0.117578 10.0039 77.6398 -0.069312 10.3413 77.6398 -0.27323 10.5815 77.6398 -0.414283 10.6792 77.6398 -0.63761 10.733 77.6398 -0.867774 10.6736 77.6398 -1.09428 10.5017 77.6398 -1.30601 10.2296 77.6398 -1.51108 9.84887 77.6398 -1.75938 9.19563 77.6398 -1.97538 8.37975 77.6398 -2.15043 7.41218 77.6398 -2.27512 6.30442 77.6398 -2.34598 4.7443 77.6398 -2.30741 3.001 77.6398 -2.14591 1.11288 77.6398 -1.85068 -0.905792 77.6398 -1.42002 -3.01789 77.6398 1.09622 5.73238 79.6428 0.818017 7.46704 79.6428 0.567712 8.66844 79.6428 0.35122 9.44803 79.6428 0.116601 10.0584 79.6428 -0.069983 10.3955 79.6428 -0.273597 10.6356 79.6428 -0.414588 10.7332 79.6428 -2.34641 4.80428 79.6428 -1.42368 -2.95128 79.6428 -1.43082 -2.78767 91.7071 -1.78019 -1.11723 91.7071 -2.04893 0.497611 91.7071 -2.23283 2.04381 91.7071 -2.33543 3.50798 91.7071 -2.36191 4.87723 91.7071 -2.31919 6.13906 91.7071 -2.21519 7.28133 91.7071 -2.05888 8.2923 91.7071 -1.85929 9.16063 91.7071 -1.62553 9.87544 91.7071 -1.43058 10.3086 91.7071 -1.22819 10.6376 91.7071 -1.01151 10.8729 91.7071 -0.79087 10.9999 91.7071 -0.565223 11.0196 91.7071 -0.351111 10.9272 91.7071 -0.155005 10.7314 91.7071 0.032677 10.4268 91.7071 0.203881 10.0311 91.7071 0.417626 9.35034 91.7071 0.660791 8.27114 91.7071 0.923974 6.67969 91.7071 1.21218 4.45705 91.7071 1.69839 0.302569 91.7071 2.28982 -4.40132 91.7071 2.15768 -3.79404 94.3918 -1.46897 -2.62166 94.3918 -1.80973 -0.965865 94.3918 -2.07072 0.634598 94.3918 -2.24772 2.16678 94.3918 -2.34458 3.61746 94.3918 -2.36637 4.97386 94.3918 -2.31992 6.22362 94.3918 -2.21317 7.35476 94.3918 -2.05503 8.35567 94.3918 -1.85453 9.21513 94.3918 -1.62058 9.92243 94.3918 -1.42618 10.3508 94.3918 -1.22459 10.6761 94.3918 -1.00907 10.9084 94.3918 -0.79032 11.0336 94.3918 -0.566626 11.0524 94.3918 -0.354773 10.9601 94.3918 -0.16117 10.7655 94.3918 0.023583 10.4632 94.3918 0.191979 10.0707 94.3918 0.401391 9.39562 94.3918 0.638818 8.32583 94.3918 0.894311 6.74857 94.3918 1.17257 4.54599 94.3918 1.64059 0.429172 94.3918 2.07339 -3.62112 97.0733 1.53188 0.95832 97.0733 1.88717 -3.25855 102.421 1.68551 -2.88276 107.748 1.32119 0.711938 107.748 1.87338 -7.27222 114.142 1.43289 -2.42506 114.142 1.12399 1.03946 114.142 0.547814 1.90736 133.325 -2.13181 0.341654 133.325 -2.32242 1.96945 133.325 -2.41642 3.51775 133.325 -2.41752 4.95855 133.325 -2.33457 6.28175 133.325 -2.1807 7.45913 133.325 -1.96812 8.48446 133.325 -1.71451 9.32943 133.325 -1.49058 9.87195 133.325 -1.25602 10.2855 133.325 -1.07438 10.509 133.325 -0.895911 10.6489 133.325 -0.713904 10.7084 133.325 -0.542212 10.6812 133.325 -0.389319 10.5708 133.325 -2.18442 0.685515 139.722 -2.34562 2.23221 139.722 -2.41611 3.70233 139.722 -2.39957 5.06933 139.722 -2.30509 6.32373 139.722 -2.14481 7.43892 139.722 -1.9307 8.40916 139.722 -1.67991 9.20777 139.722 -1.46091 9.71979 139.722 -1.23331 10.1093 139.722 -1.05833 10.3192 139.722 -0.887305 10.4497 139.722 -0.713904 10.504 139.722 -0.551307 10.4761 139.722 -0.40763 10.3695 139.722 -0.277991 10.1828 139.722 -0.132483 9.82195 139.722 -1.64237 9.04327 146.12 -1.4293 9.5249 146.12 -1.20957 9.8906 146.12 -0.443396 7.62761 184.717 -0.533973 7.79279 184.717 -0.616675 7.86308 184.717 -0.713904 7.88645 184.717 -0.821021 7.86062 184.717 -0.929725 7.78852 184.717 -1.52817 -0.922725 19.854 -1.6818 0.195954 21.4415 -1.52817 1.66197 19.854 -1.71403 2.15093 21.4415 -1.52817 4.29772 19.854 -1.76353 -1.27138 23.029 -1.98899 -0.151404 24.6166 -1.83543 0.022277 23.029 -1.7053 4.11878 21.4415 -1.90592 2.63403 23.029 -1.65818 5.61887 21.4415 -1.84519 4.68907 23.029 -1.78818 5.43627 23.029 -1.70933 6.17813 23.029 -1.56608 7.10801 21.4415 -1.60398 6.91085 23.029 -2.06303 1.14607 24.6166 -2.09458 2.45607 24.6166 -2.08628 3.10875 24.6166 -2.05949 3.76086 24.6166 -2.00358 4.5088 24.6166 -1.91819 5.25367 24.6166 -1.88468 1.31804 23.029 -1.52817 7.30517 19.854 -1.52817 5.80145 19.854 -1.79978 5.99053 24.6166 -1.64188 6.71367 24.6166 -1.88242 3.93982 23.029 -1.52817 -4.65396 19.854 -1.52817 -7.30517 19.854 -1.48643 -7.38428 20.6477 -1.56229 -4.44648 23.029 -1.52817 -2.78834 19.854 -1.36112 -7.62159 23.029 -1.31931 -7.7007 23.8228 -1.2775 -7.7798 24.6166 -1.23569 -7.8589 25.4103 -1.44468 -7.46338 21.4415 -1.40293 -7.54248 22.2352 -1.47672 -7.54848 19.854 -1.45908 -7.49295 20.6477 -1.33091 -7.74999 19.854 -1.33958 -7.69185 20.6477 -1.04209 -7.83251 23.8228 -0.972571 -7.85575 23.4259 -0.932776 -7.8675 23.8228 -1.12467 -7.87443 25.4103 -1.01041 -7.88928 25.4103 -0.893287 -7.90284 25.4103 -1.21152 -7.78524 21.0446 -1.26517 -7.72701 21.4415 -1.25132 -7.77349 20.6477 -1.17173 -7.79699 21.4415 -1.19077 -7.76218 22.2352 -1.13187 -7.80874 21.8384 -1.09202 -7.82049 22.2352 -1.11637 -7.79734 23.029 -1.05222 -7.83224 22.6321 -1.01243 -7.844 23.029 -0.967689 -7.86767 24.6166 -0.853187 -7.891 24.6166 -0.773475 -7.9145 25.4103 -1.1804 -7.81085 24.6166 -1.23612 -7.74727 23.8228 -1.29179 -7.68369 23.029 -1.34757 -7.62011 22.2352 -1.40342 -7.55653 21.4415 -1.07688 -7.84055 24.6166 -1.14347 -7.79182 23.8228 -1.20988 -7.74309 23.029 -1.27653 -7.69436 22.2352 -1.34299 -7.64563 21.4415 -1.40952 -7.59691 20.6477 -0.794227 -7.89001 19.854 -0.830787 -7.84003 20.6477 -0.908423 -7.90485 19.854 -0.496985 -7.72235 19.854 -0.576026 -7.58984 21.4415 -0.584571 -7.79705 19.854 -1.02268 -7.81921 21.9706 -0.981482 -7.81245 22.4998 -0.686988 -7.47421 23.8228 -0.649817 -7.24597 24.6166 -0.687476 -7.39836 24.6166 -0.490088 -7.44973 21.4415 -0.42533 -7.63229 19.854 -0.668189 -7.16001 25.4103 -0.600379 -6.9159 24.6166 -0.328223 -7.30517 19.854 -0.754615 -7.77523 25.4103 -0.732825 -7.63039 25.4103 -0.709998 -7.47947 25.4103 -0.687903 -7.3225 25.4103 -0.61991 -7.08428 24.6166 -0.55503 -7.26701 23.029 -0.371985 -7.53019 19.854 -0.339271 -7.41979 19.854 -1.2385 -7.81872 19.854 -1.13273 -7.83726 20.5595 -1.10532 -7.83275 20.9123 -1.064 -7.82598 21.4415 -0.816382 -7.78538 24.6166 -0.878272 -7.79553 23.8228 -0.909278 -7.80061 23.4259 -0.940223 -7.80568 23.029 -0.995582 -7.87229 20.3832 -0.967872 -7.84683 20.9123 -0.940223 -7.82136 21.4415 -0.919471 -7.80227 21.8384 -0.89878 -7.78317 22.2352 -0.878028 -7.76407 22.6321 -0.857276 -7.74498 23.029 -0.815772 -7.70678 23.8228 -0.774329 -7.66858 24.6166 -1.02329 -7.8976 19.854 -1.13468 -7.86853 19.854 -0.790503 -7.71985 22.2352 -0.810584 -7.77994 21.4415 -0.770423 -7.65975 23.029 -0.730079 -7.53956 24.6166 -0.750281 -7.59966 23.8228 -0.686683 -7.55007 23.029 -0.686316 -7.62592 22.2352 -0.685828 -7.70177 21.4415 -0.685401 -7.77762 20.6477 -0.684913 -7.85363 19.854 -0.61283 -7.41791 23.029 -0.26908 5.22623 25.4103 -0.326087 3.73201 25.4103 -0.456214 0.329935 25.4103 -0.571082 -3.16773 25.4103 -0.515601 -2.40046 24.6166 -0.289771 5.75872 23.029 -0.282874 6.24313 23.8228 -0.288428 5.06444 23.8228 -0.311927 4.2284 23.029 -0.329627 3.55774 23.8228 -0.485022 -2.50206 23.8228 -0.43827 -1.73656 23.029 -0.405982 0.80332 23.8228 -0.304786 4.90546 22.2352 -0.301429 6.07816 22.2352 -0.344397 2.61499 22.2352 -0.401526 7.45838 21.4415 -0.438086 7.53498 22.2352 -0.4094 7.45859 22.2352 -0.308814 5.59672 21.4415 -0.328772 3.30111 21.4415 -0.374488 -1.07847 21.4415 -0.410804 -1.8395 22.2352 -0.355872 7.20277 21.4415 -0.342078 7.11804 20.6477 -0.334388 6.93268 21.4415 -0.332984 2.4453 20.6477 -0.355384 -2.04608 20.6477 -0.328223 7.30517 19.854 -0.328223 6.64913 19.854 -0.325293 6.57866 20.6477 -0.328223 3.89671 19.854 -0.318274 5.51526 20.6477 -0.328223 3.03931 19.854 -0.328223 -2.1497 19.854 -0.584693 7.8414 25.4103 -0.517371 7.78402 25.4103 -0.46482 7.70929 25.4103 -0.42472 7.6264 25.4103 -0.38108 7.49568 25.4103 -0.348975 7.36072 25.4103 -0.306922 7.08962 25.4103 -0.281226 6.8157 25.4103 -0.262427 6.40999 25.4103 -0.2573 6.00382 25.4103 -0.490394 7.7026 24.6166 -0.548072 7.7648 24.6166 -0.41117 7.54147 24.6166 -0.373877 7.40991 24.6166 -0.346412 7.27472 24.6166 -0.310523 7.0039 24.6166 -0.288672 6.73068 24.6166 -0.272803 6.32616 24.6166 -0.279029 5.14474 24.6166 -0.328223 3.64416 24.6166 -0.42002 0.898212 24.6166 -0.463416 7.62124 23.8228 -0.51139 7.68819 23.8228 -0.397498 7.45672 23.8228 -0.343726 7.18905 23.8228 -0.314002 6.91866 23.8228 -0.47483 7.61158 23.029 -0.436377 7.53991 23.029 -0.383826 7.37207 23.029 -0.340796 7.10359 23.029 -0.317115 6.83372 23.029 -0.30271 6.56224 23.029 -0.378882 1.41566 23.029 -0.36991 7.28744 22.2352 -0.337684 7.01818 22.2352 -0.319922 6.74884 22.2352 -0.322486 6.66384 21.4415 -0.364783 7.38177 20.6477 -1.51829 7.39202 20.3832 -1.52061 7.40059 19.854 -1.40342 7.67147 19.854 -0.574195 7.71661 23.4259 -1.52842 7.32554 20.9123 -1.53843 7.25905 21.4415 -1.4603 7.53518 20.3832 -1.37022 7.66022 20.3832 -1.1713 7.85373 19.854 -1.2537 7.75957 20.3832 -1.09318 7.8356 20.3832 -0.880286 7.90326 19.854 -0.920508 7.86232 20.3832 -0.750525 7.83845 20.3832 -0.600989 7.80809 19.854 -0.400794 7.59124 19.854 -0.428809 7.59139 20.3832 -0.503211 7.68837 20.3832 -1.34861 7.30324 25.6749 -1.43497 7.1487 25.6749 -1.15269 7.5842 25.6749 -1.44651 7.28692 23.4259 -1.37199 7.36208 23.8228 -1.35837 7.40788 23.4259 -0.913001 7.81635 25.6749 -1.04032 7.70892 25.6749 -1.56357 6.87065 25.6749 -1.55332 6.93705 25.1458 -1.54301 7.00345 24.6166 -1.53532 7.05327 24.2197 -1.52762 7.1031 23.8228 -1.57603 7.00973 23.4259 -1.56852 7.0596 23.029 -1.56162 7.10509 22.6669 -1.55479 7.15059 22.3047 -1.54661 7.20482 21.8731 -1.41703 7.20962 25.1458 -1.32322 7.35624 25.1458 -1.11271 7.6093 25.1458 -0.996192 7.71443 25.1458 -0.869483 7.80023 25.1458 -0.798926 7.83241 25.1458 -0.839881 7.85944 25.6749 -0.68473 7.85108 25.1458 -0.718787 7.89252 25.6749 -0.626929 7.84117 25.1458 -0.656287 7.88816 25.6749 -1.38547 7.31631 24.2197 -1.2598 7.48896 23.8228 -1.27878 7.4491 24.2197 -1.13859 7.5926 23.8228 -1.16349 7.56164 24.2197 -1.01267 7.67234 23.8228 -1.0427 7.65337 24.2197 -0.886084 7.72847 23.8228 -0.919227 7.7242 24.2197 -0.792396 7.75449 23.8228 -0.793372 7.77214 24.2197 -0.69657 7.76502 23.8228 -0.727271 7.7852 24.2197 -0.599708 7.74761 23.8228 -0.62522 7.77862 24.2197 -1.49802 7.29377 22.3047 -1.50498 7.24827 22.6669 -1.41862 7.42444 22.3047 -1.42759 7.38001 22.6669 -1.32023 7.53742 22.3047 -1.33262 7.49556 22.6669 -1.1868 7.64182 22.3047 -1.20432 7.60531 22.6669 -1.04301 7.71148 22.3047 -1.06589 7.68305 22.6669 -0.897681 7.74547 22.3047 -0.92533 7.72796 22.6669 -0.75962 7.74538 22.3047 -0.789771 7.74128 22.6669 -0.665503 7.72514 22.3047 -0.695777 7.73208 22.6669 -0.579017 7.68826 22.3047 -0.607093 7.70653 22.6669 -0.50199 7.6292 22.3047 -0.525428 7.65742 22.6669 -0.474219 7.59558 21.8731 -0.446204 7.56196 21.4415 -0.545386 7.66652 21.8731 -0.511695 7.64478 21.4415 -0.629188 7.7169 21.8731 -0.592811 7.70867 21.4415 -0.723426 7.7503 21.8731 -0.686988 7.75522 21.4415 -0.864783 7.76638 21.8731 -0.831824 7.78729 21.4415 -1.01572 7.74538 21.8731 -0.988196 7.77928 21.4415 -1.16587 7.68537 21.8731 -1.14487 7.72891 21.4415 -1.30527 7.58733 21.8731 -1.29038 7.63724 21.4415 -1.40781 7.47741 21.8731 -1.39689 7.53038 21.4415 -1.48948 7.348 21.8731 -1.48112 7.40223 21.4415 -1.47068 7.46871 20.9123 -1.38358 7.59531 20.9123 -1.27207 7.69842 20.9123 -1.11918 7.78228 20.9123 -0.954383 7.82083 20.9123 -0.791175 7.8129 20.9123 -0.597571 7.76718 20.3832 -0.642371 7.76123 20.9123 -0.548072 7.69855 20.9123 -0.470313 7.61811 20.9123 -0.377601 7.47949 20.3832 -0.411902 7.52074 20.9123 -1.39902 7.27057 24.6166 -1.29783 7.40928 24.6166 -1.07273 7.63445 24.6166 -0.952125 7.71998 24.6166 -0.826026 7.78415 24.6166 -0.757972 7.80541 24.6166 -0.650672 7.80967 24.6166 -1.51987 7.15294 23.4259 -1.24082 7.52887 23.4259 -1.11368 7.6236 23.4259 -0.982825 7.69138 23.4259 -0.853126 7.73281 23.4259 -0.759314 7.74674 23.4259 -0.66587 7.7449 23.4259 -1.51212 7.20278 23.029 -1.43662 7.33559 23.029 -1.34489 7.45371 23.029 -1.22172 7.56882 23.029 -1.08872 7.65467 23.029 -0.952674 7.71048 23.029 -0.819983 7.73721 23.029 -0.726111 7.73905 23.029 -0.63523 7.72481 23.029 -0.548682 7.68565 23.029 -1.52817 7.30517 0.804 -1.52817 -7.30517 0.804 -0.408606 -7.60518 0.804 -0.928321 -7.90518 0.804 -0.328223 -7.30517 0.804 -0.628211 -7.82479 0.804 -1.22819 -7.82479 0.804 -1.44791 -7.60518 0.804 -0.328223 7.30517 0.804 -1.22819 7.82479 0.804 -1.44791 7.60518 0.804 -0.928321 7.90518 0.804 -0.628211 7.82479 0.804 -0.408606 7.60518 0.804 -1.52817 7.30517 -18.246 -1.52817 4.65396 -18.246 -1.52817 2.78834 -18.246 -1.52817 0.922725 -18.246 -1.52817 -1.66197 -18.246 -1.52817 -4.29772 -18.246 -1.52817 -5.80145 -18.246 -1.52817 -7.30517 -18.246 -1.40342 -7.67147 -18.246 -1.1713 -7.85373 -18.246 -0.880286 -7.90326 -18.246 -0.600989 -7.80809 -18.246 -1.52061 -7.40059 -18.246 -0.328223 -7.30517 -18.246 -0.400794 -7.59124 -18.246 -0.328223 -6.64913 -18.246 -0.328223 -3.89671 -18.246 -0.328223 -3.03931 -18.246 -0.328223 2.1497 -18.246 -0.328223 7.30517 -18.246 -0.425208 7.63244 -18.246 -0.371924 7.53036 -18.246 -0.794227 7.8899 -18.246 -0.908423 7.90487 -18.246 -0.339209 7.41988 -18.246 -0.496985 7.72238 -18.246 -0.584693 7.79695 -18.246 -0.684974 7.85347 -18.246 -1.02323 7.89775 -18.246 -1.13462 7.86872 -18.246 -1.33091 7.74999 -18.246 -1.2385 7.81882 -18.246 -1.47672 7.54848 -18.246 -1.45908 7.49295 -19.0397 -1.33958 7.69185 -19.0397 -1.04209 7.83251 -22.2148 -0.972571 7.85575 -21.8179 -0.932776 7.8675 -22.2148 -1.19388 7.938 -24.596 -1.23569 7.8589 -23.8023 -1.12467 7.87443 -23.8023 -1.01041 7.88928 -23.8023 -0.893287 7.90284 -23.8023 -0.693885 7.938 -24.596 -1.21152 7.78524 -19.4366 -1.26517 7.72701 -19.8335 -1.25132 7.77349 -19.0397 -1.17173 7.79699 -19.8335 -1.13187 7.80874 -20.2303 -1.19077 7.76218 -20.6272 -1.09202 7.82049 -20.6272 -1.11637 7.79734 -21.421 -1.05222 7.83224 -21.0241 -1.01243 7.844 -21.421 -0.967689 7.86767 -23.0086 -0.853187 7.891 -23.0086 -0.773475 7.9145 -23.8023 -1.1804 7.81085 -23.0086 -1.2775 7.7798 -23.0086 -1.23612 7.74727 -22.2148 -1.31931 7.7007 -22.2148 -1.29179 7.68369 -21.421 -1.36112 7.62159 -21.421 -1.34757 7.62011 -20.6272 -1.40293 7.54248 -20.6272 -1.40342 7.55653 -19.8335 -1.44468 7.46338 -19.8335 -1.48643 7.38428 -19.0397 -1.07688 7.84055 -23.0086 -1.14347 7.79182 -22.2148 -1.20988 7.74309 -21.421 -1.27653 7.69436 -20.6272 -1.34299 7.64563 -19.8335 -1.40952 7.59691 -19.0397 -1.76353 1.27138 -21.421 -1.99882 1.62004 -24.596 -1.70359 3.9371 -24.596 -1.56229 4.44648 -21.421 -1.40842 6.25416 -24.596 -1.6818 -0.195954 -19.8335 -1.71403 -2.15093 -19.8335 -1.98899 0.151404 -23.0086 -1.83543 -0.022277 -21.421 -1.7053 -4.11878 -19.8335 -1.90592 -2.63403 -21.421 -1.65818 -5.61887 -19.8335 -1.84519 -4.68907 -21.421 -1.78818 -5.43627 -21.421 -1.70933 -6.17813 -21.421 -1.56608 -7.10801 -19.8335 -1.60398 -6.91085 -21.421 -2.16099 0.123338 -24.596 -2.06303 -1.14607 -23.0086 -2.2548 -1.23049 -24.596 -2.09458 -2.45607 -23.0086 -2.28348 -2.27862 -24.596 -2.08628 -3.10875 -23.0086 -2.25358 -3.32766 -24.596 -2.05949 -3.76086 -23.0086 -1.88468 -1.31804 -21.421 -2.00358 -4.5088 -23.0086 -2.18998 -4.09038 -24.596 -1.91819 -5.25367 -23.0086 -2.09489 -4.8001 -24.596 -1.97257 -5.45099 -24.596 -1.79978 -5.99053 -23.0086 -1.90201 -5.7561 -24.596 -1.64188 -6.71367 -23.0086 -1.74918 -6.30498 -24.596 -1.67979 -6.51652 -24.596 -1.88242 -3.93982 -21.421 -1.51829 -7.39202 -18.7752 -1.49412 -6.9966 -24.596 -1.56357 -6.87065 -24.0669 -0.47483 -7.61158 -21.421 -0.574195 -7.71661 -21.8179 -0.51139 -7.68819 -22.2148 -1.52842 -7.32554 -19.3043 -1.53843 -7.25905 -19.8335 -1.4603 -7.53518 -18.7752 -1.37022 -7.66022 -18.7752 -1.2537 -7.75957 -18.7752 -1.09318 -7.8356 -18.7752 -0.920508 -7.86232 -18.7752 -0.750525 -7.83845 -18.7752 -0.428809 -7.59139 -18.7752 -0.503211 -7.68837 -18.7752 -1.28861 -7.40685 -24.596 -1.34861 -7.30324 -24.0669 -1.15269 -7.5842 -24.0669 -1.44651 -7.28692 -21.8179 -1.37199 -7.36208 -22.2148 -1.35837 -7.40788 -21.8179 -1.10642 -7.67674 -24.596 -0.961829 -7.82773 -24.596 -0.913001 -7.81635 -24.0669 -1.04032 -7.70892 -24.0669 -1.55332 -6.93705 -23.5377 -1.54301 -7.00345 -23.0086 -1.53532 -7.05327 -22.6117 -1.52762 -7.1031 -22.2148 -1.57603 -7.00973 -21.8179 -1.56852 -7.0596 -21.421 -1.56162 -7.10509 -21.0589 -1.55479 -7.15059 -20.6967 -1.54661 -7.20482 -20.2651 -1.41703 -7.20962 -23.5377 -1.43497 -7.1487 -24.0669 -1.32322 -7.35624 -23.5377 -1.11271 -7.6093 -23.5377 -0.996192 -7.71443 -23.5377 -0.869483 -7.80023 -23.5377 -0.798926 -7.83241 -23.5377 -0.839881 -7.85944 -24.0669 -0.68473 -7.85108 -23.5377 -0.718787 -7.89252 -24.0669 -0.626929 -7.84117 -23.5377 -0.656287 -7.88816 -24.0669 -0.584693 -7.8414 -23.8023 -0.621314 -7.91799 -24.596 -1.38547 -7.31631 -22.6117 -1.2598 -7.48896 -22.2148 -1.27878 -7.4491 -22.6117 -1.13859 -7.5926 -22.2148 -1.16349 -7.56164 -22.6117 -1.01267 -7.67234 -22.2148 -1.0427 -7.65337 -22.6117 -0.886084 -7.72847 -22.2148 -0.919227 -7.7242 -22.6117 -0.792396 -7.75449 -22.2148 -0.793372 -7.77214 -22.6117 -0.69657 -7.76502 -22.2148 -0.727271 -7.7852 -22.6117 -0.599708 -7.74761 -22.2148 -0.62522 -7.77862 -22.6117 -0.548072 -7.7648 -23.0086 -1.49802 -7.29377 -20.6967 -1.50498 -7.24827 -21.0589 -1.41862 -7.42444 -20.6967 -1.42759 -7.38001 -21.0589 -1.32023 -7.53742 -20.6967 -1.33262 -7.49556 -21.0589 -1.1868 -7.64182 -20.6967 -1.20432 -7.60531 -21.0589 -1.04301 -7.71148 -20.6967 -1.06589 -7.68305 -21.0589 -0.897681 -7.74547 -20.6967 -0.92533 -7.72796 -21.0589 -0.75962 -7.74538 -20.6967 -0.789771 -7.74128 -21.0589 -0.665503 -7.72514 -20.6967 -0.695777 -7.73208 -21.0589 -0.579017 -7.68826 -20.6967 -0.607093 -7.70653 -21.0589 -0.50199 -7.6292 -20.6967 -0.525428 -7.65742 -21.0589 -0.438086 -7.53498 -20.6272 -0.474219 -7.59558 -20.2651 -0.401526 -7.45838 -19.8335 -0.446204 -7.56196 -19.8335 -0.545386 -7.66652 -20.2651 -0.511695 -7.64478 -19.8335 -0.629188 -7.7169 -20.2651 -0.592811 -7.70867 -19.8335 -0.723426 -7.7503 -20.2651 -0.686988 -7.75522 -19.8335 -0.864783 -7.76638 -20.2651 -0.831824 -7.78729 -19.8335 -1.01572 -7.74538 -20.2651 -0.988196 -7.77928 -19.8335 -1.16587 -7.68537 -20.2651 -1.14487 -7.72891 -19.8335 -1.30527 -7.58733 -20.2651 -1.29038 -7.63724 -19.8335 -1.40781 -7.47741 -20.2651 -1.39689 -7.53038 -19.8335 -1.48948 -7.348 -20.2651 -1.48112 -7.40223 -19.8335 -1.47068 -7.46871 -19.3043 -1.38358 -7.59531 -19.3043 -1.27207 -7.69842 -19.3043 -1.11918 -7.78228 -19.3043 -0.954383 -7.82083 -19.3043 -0.791175 -7.8129 -19.3043 -0.597571 -7.76718 -18.7752 -0.642371 -7.76123 -19.3043 -0.548072 -7.69855 -19.3043 -0.470313 -7.61811 -19.3043 -0.377601 -7.47949 -18.7752 -0.411902 -7.52074 -19.3043 -0.364783 -7.38177 -19.0397 -0.876929 -7.88809 -24.596 -0.794227 -7.92469 -24.596 -0.668006 -7.93258 -24.596 -1.39902 -7.27057 -23.0086 -1.29783 -7.40928 -23.0086 -1.07273 -7.63445 -23.0086 -0.952125 -7.71998 -23.0086 -0.826026 -7.78415 -23.0086 -0.757972 -7.80541 -23.0086 -0.650672 -7.80967 -23.0086 -1.51987 -7.15294 -21.8179 -1.24082 -7.52887 -21.8179 -1.11368 -7.6236 -21.8179 -0.982825 -7.69138 -21.8179 -0.853126 -7.73281 -21.8179 -0.759314 -7.74674 -21.8179 -0.66587 -7.7449 -21.8179 -1.51212 -7.20278 -21.421 -1.43662 -7.33559 -21.421 -1.34489 -7.45371 -21.421 -1.22172 -7.56882 -21.421 -1.08872 -7.65467 -21.421 -0.952674 -7.71048 -21.421 -0.819983 -7.73721 -21.421 -0.726111 -7.73905 -21.421 -0.63523 -7.72481 -21.421 -0.548682 -7.68565 -21.421 -0.571082 3.16773 -23.8023 -0.456214 -0.329935 -23.8023 -0.495887 0.123338 -24.596 -0.6146 3.37789 -24.596 -0.515601 2.40046 -23.0086 -0.289771 -5.75872 -21.421 -0.282874 -6.24313 -22.2148 -0.288428 -5.06444 -22.2148 -0.311927 -4.2284 -21.421 -0.329627 -3.55774 -22.2148 -0.405982 -0.80332 -22.2148 -0.485022 2.50206 -22.2148 -0.43827 1.73656 -21.421 -0.304786 -4.90546 -20.6272 -0.301429 -6.07816 -20.6272 -0.344397 -2.61499 -20.6272 -0.4094 -7.45859 -20.6272 -0.308814 -5.59672 -19.8335 -0.328772 -3.30111 -19.8335 -0.374488 1.07847 -19.8335 -0.410804 1.8395 -20.6272 -0.342078 -7.11804 -19.0397 -0.355872 -7.20277 -19.8335 -0.334388 -6.93268 -19.8335 -0.332984 -2.4453 -19.0397 -0.355384 2.04608 -19.0397 -0.680823 6.55708 -24.596 -0.325293 -6.57866 -19.0397 -0.318274 -5.51526 -19.0397 -0.517371 -7.78402 -23.8023 -0.570411 -7.88809 -24.596 -0.46482 -7.70929 -23.8023 -0.509376 -7.82773 -24.596 -0.42472 -7.6264 -23.8023 -0.455298 -7.74413 -24.596 -0.38108 -7.49568 -23.8023 -0.407874 -7.63782 -24.596 -0.348975 -7.36072 -23.8023 -0.351478 -7.44718 -24.596 -0.306922 -7.08962 -23.8023 -0.304419 -7.18818 -24.596 -0.281226 -6.8157 -23.8023 -0.265418 -6.78514 -24.596 -0.262427 -6.40999 -23.8023 -0.2573 -6.00382 -23.8023 -0.245887 -6.03752 -24.596 -0.26908 -5.22623 -23.8023 -0.277686 -4.8001 -24.596 -0.326087 -3.73201 -23.8023 -0.388282 -2.51811 -24.596 -0.490394 -7.7026 -23.0086 -0.41117 -7.54147 -23.0086 -0.373877 -7.40991 -23.0086 -0.346412 -7.27472 -23.0086 -0.310523 -7.0039 -23.0086 -0.288672 -6.73068 -23.0086 -0.272803 -6.32616 -23.0086 -0.279029 -5.14474 -23.0086 -0.328223 -3.64416 -23.0086 -0.42002 -0.898212 -23.0086 -0.463416 -7.62124 -22.2148 -0.397498 -7.45672 -22.2148 -0.343726 -7.18905 -22.2148 -0.314002 -6.91866 -22.2148 -0.436377 -7.53991 -21.421 -0.383826 -7.37207 -21.421 -0.340796 -7.10359 -21.421 -0.317115 -6.83372 -21.421 -0.30271 -6.56224 -21.421 -0.378882 -1.41566 -21.421 -0.36991 -7.28744 -20.6272 -0.337684 -7.01818 -20.6272 -0.319922 -6.74884 -20.6272 -0.322486 -6.66384 -19.8335 -0.830787 7.84003 -19.0397 -0.576026 7.58984 -19.8335 -1.02268 7.81921 -20.3626 -0.981482 7.81245 -20.8918 -0.995582 7.87229 -18.7752 -0.967872 7.84683 -19.3043 -0.686988 7.47421 -22.2148 -0.649817 7.24597 -23.0086 -0.687476 7.39836 -23.0086 -0.490088 7.44973 -19.8335 -0.668189 7.16001 -23.8023 -0.600379 6.9159 -23.0086 -0.754615 7.77523 -23.8023 -0.732825 7.63039 -23.8023 -0.709998 7.47947 -23.8023 -0.687903 7.3225 -23.8023 -0.61991 7.08428 -23.0086 -0.55503 7.26701 -21.421 -1.13273 7.83726 -18.9515 -1.10532 7.83275 -19.3043 -1.064 7.82598 -19.8335 -0.816382 7.78538 -23.0086 -0.878272 7.79553 -22.2148 -0.909278 7.80061 -21.8179 -0.940223 7.80568 -21.421 -0.940223 7.82136 -19.8335 -0.919471 7.80227 -20.2303 -0.89878 7.78317 -20.6272 -0.878028 7.76407 -21.0241 -0.857276 7.74498 -21.421 -0.815772 7.70678 -22.2148 -0.774329 7.66858 -23.0086 -0.810584 7.77994 -19.8335 -0.790503 7.71985 -20.6272 -0.770423 7.65975 -21.421 -0.750281 7.59966 -22.2148 -0.730079 7.53956 -23.0086 -0.686683 7.55007 -21.421 -0.686316 7.62592 -20.6272 -0.685828 7.70177 -19.8335 -0.685401 7.77762 -19.0397 -0.61283 7.41791 -21.421 3.84982 20.759 -74.0302 4.83511 20.511 -76.6642 3.85049 20.6846 -76.661 4.80471 20.3887 -79.3012 3.82192 20.5616 -79.2947 4.7438 20.2179 -82.0129 3.76443 20.3888 -82.0097 4.65591 20.0057 -84.7292 3.6813 20.1736 -84.7292 4.54611 19.7611 -87.4039 3.57809 19.9263 -87.3961 4.4161 19.4851 -90.0799 3.4559 19.6472 -90.0644 4.26882 19.1817 -92.7551 3.31759 19.3403 -92.7318 4.10702 18.8548 -95.4271 3.16592 19.0094 -95.3961 3.93197 18.5051 -98.1134 3.00088 18.6534 -98.0903 3.74752 18.1384 -100.794 2.82717 18.2799 -100.778 3.35873 17.3638 -106.14 2.46182 17.491 -106.14 3.11813 16.8796 -109.337 2.2369 16.9992 -109.337 2.63192 15.8805 -115.731 1.78402 15.9848 -115.731 2.272 15.1161 -120.527 1.4504 15.2091 -120.527 1.92318 14.3481 -125.322 1.12881 14.4302 -125.322 1.59042 13.5833 -130.118 0.823815 13.6549 -130.118 1.27718 12.827 -134.915 0.538903 12.8887 -134.915 0.98623 12.083 -139.714 0.276513 12.1356 -139.714 0.719079 11.354 -144.512 0.038415 11.3983 -144.512 0.475915 10.6383 -149.335 -0.175574 10.6749 -149.335 0.25802 9.93941 -154.157 -0.364112 9.96924 -154.157 0.06527 9.25663 -158.981 -0.527015 9.28043 -158.981 -0.102576 8.58817 -163.806 -0.664771 8.60671 -163.806 -0.246619 7.93157 -168.632 -0.778418 7.94562 -168.632 -0.367591 7.28384 -173.458 -0.868628 7.29412 -173.458 -0.509314 6.32148 -180.697 -0.962806 6.32735 -180.697 -0.607886 5.35959 -187.933 -1.01243 5.36242 -187.933 -0.669776 4.38676 -195.166 -1.02323 4.3877 -195.166 -0.70188 3.39334 -202.396 -1.00193 3.39334 -202.396 4.83437 20.5854 -74.0302 3.82931 20.7801 -72.103 4.81271 20.6073 -72.103 3.79098 20.7712 -70.1762 4.77212 20.5997 -70.1762 3.73422 20.7306 -68.2502 4.712 20.561 -68.2502 3.65847 20.6569 -66.3253 4.6318 20.4897 -66.3253 3.56362 20.5483 -64.4018 4.53127 20.3843 -64.4018 3.44943 20.4035 -62.4798 4.41012 20.2434 -62.4798 3.31399 20.2184 -60.5338 4.26638 20.0628 -60.5346 3.15908 19.993 -58.5897 4.10201 19.8427 -58.5912 2.99008 19.7336 -56.6986 3.92202 19.5888 -56.6993 2.80361 19.4332 -54.8091 3.72329 19.2946 -54.8091 2.66811 19.2064 -53.5332 3.57882 19.0724 -53.5332 2.52541 18.9599 -52.2579 3.42642 18.8307 -52.2579 2.3757 18.6933 -50.9832 3.26632 18.569 -50.9832 2.21951 18.406 -49.7088 3.09908 18.287 -49.7088 2.05721 18.0977 -48.4347 2.92501 17.9842 -48.4347 1.88931 17.7679 -47.1608 2.74471 17.66 -47.1608 1.66641 17.3122 -45.5252 2.5046 17.2119 -45.5252 1.43661 16.8198 -43.891 2.25637 16.7273 -43.891 1.20162 16.2905 -42.2595 2.00179 16.206 -42.2595 0.962915 15.7239 -40.6315 1.74227 15.6475 -40.6315 0.722375 15.1196 -39.0079 1.47982 15.0515 -39.0079 0.482019 14.4776 -37.389 1.21578 14.4177 -37.389 0.243371 13.7974 -35.7752 0.952722 13.7458 -35.7752 0.008629 13.0788 -34.1664 0.691979 13.0354 -34.1664 -0.22013 12.3215 -32.5624 0.43612 12.2861 -32.5624 -0.440589 11.5251 -30.9629 0.186975 11.4975 -30.9629 -0.650672 10.6891 -29.3674 -0.052893 10.6691 -29.3674 -0.847876 9.81309 -27.775 -0.281287 9.80018 -27.775 -1.02988 8.8963 -26.1849 -0.495887 8.8901 -26.1849 -1.36588 3.24631 -183.109 -1.34812 3.95646 -175.389 -1.28458 4.69013 -167.667 -1.17173 5.45864 -159.946 -1.00687 6.27113 -152.228 -0.789222 7.13305 -144.512 -0.520484 8.0401 -136.835 -0.203528 8.98999 -129.159 0.154504 9.9696 -121.486 0.540917 10.9582 -113.813 0.93673 11.9265 -106.14 1.93179 14.7118 -71.0325 1.86977 14.6857 -68.0362 1.64352 14.4357 -62.0529 1.50881 14.2468 -59.5645 1.3511 14.0044 -57.0791 1.17147 13.7061 -54.5964 0.971582 13.3494 -52.1163 0.753381 12.9318 -49.638 0.519616 12.4509 -47.1608 0.266381 11.8883 -44.6171 -0.260718 10.5503 -39.5486 0.004601 11.2551 -42.0784 -1.30161 2.02464 -196.612 -1.64872 0.066807 -192.009 -1.48478 -0.39744 -202.396 -1.34263 2.54772 -190.826 -1.76023 0.55985 -181.616 -1.80692 1.02069 -172.712 -1.81193 1.26922 -168.259 -1.80418 1.53207 -163.806 -1.78098 1.83486 -158.981 -1.45377 3.56729 -135.982 -1.54142 3.20942 -140.247 -1.3195 4.06764 -130.296 -1.16679 4.59063 -124.612 -0.998694 5.13039 -118.928 1.79952 14.0485 -86.071 -0.066687 7.92799 -87.7767 1.66787 13.7015 -90.0991 1.93948 14.4866 -79.3714 0.070214 8.4942 -77.4573 0.044213 8.34419 -80.8902 1.96157 14.6022 -76.6993 0.072594 8.59737 -74.0302 1.96121 14.6782 -74.0302 0.056176 8.64174 -71.3322 0.022729 8.65047 -68.6353 -0.509681 7.87961 -53.1825 -0.409705 8.06845 -55.192 -0.617225 7.66152 -51.1744 -0.731116 7.41325 -49.1673 -1.13407 6.37552 -42.5855 -1.27701 5.93259 -40.3065 -1.41679 5.4468 -38.036 -0.524207 9.77341 -37.03 -1.51768 5.05422 -36.3395 -0.780127 8.92369 -34.5235 -1.61368 4.63736 -34.6485 -1.70322 4.19616 -32.963 -1.02207 8.00046 -32.0288 -1.1359 7.51101 -30.7855 -1.24369 7.00283 -29.5445 -1.3765 6.29582 -27.8929 -1.49479 5.55474 -26.2438 -1.7421 2.15778 -154.157 -0.796485 5.74781 -112.534 1.51083 13.3097 -94.0879 1.33401 12.8806 -98.068 1.13967 12.4144 -102.109 1.897 14.3351 -82.0481 1.85299 14.2001 -84.0585 1.71139 14.5225 -63.5119 1.7712 14.5922 -64.9718 1.82498 14.6477 -66.5036 -0.317908 8.22898 -57.2033 -1.71158 0.308519 -186.813 -1.68742 2.50191 -149.335 -1.61692 2.86777 -144.512 -0.136512 7.70269 -90.8493 -0.215613 7.45856 -93.9199 -0.332374 7.11015 -98.0057 -0.415381 6.86681 -100.722 -0.588477 6.36209 -106.14 -0.002417 8.15343 -84.3307 -0.028479 8.62082 -65.9405 -0.161475 8.46889 -61.2314 -0.097815 8.55021 -63.2484 -0.235022 8.36214 -59.2164 -0.990882 6.77583 -44.8713 -0.850318 7.13386 -47.1608 -1.78483 3.73051 -31.2825 -1.85697 3.24028 -29.6065 -1.91782 2.7253 -27.9341 -1.96567 2.18532 -26.2644 -0.587989 0.644423 -192.755 -0.583106 -1.29546 -202.396 -0.41648 5.2608 -26.8207 -2.07761 1.84387 -31.2825 -2.15787 1.03686 -29.0487 0.208276 10.9245 -31.2825 0.538415 11.7582 -33.5242 1.86178 14.3579 -42.5855 2.24752 15.5579 -44.8713 -1.02421 5.77274 -55.192 -1.22782 5.14944 -52.513 2.98531 15.3367 -52.513 3.35299 16.4468 -55.192 3.59768 16.7883 -57.8741 3.85928 17.4037 -60.5595 -0.789771 6.14418 -62.8 4.00851 17.5813 -62.8 4.07711 17.3626 -65.0428 4.16561 17.1718 -86.071 3.9399 16.45 -90.0991 3.75161 15.8063 -92.7838 3.23922 14.5199 -100.813 3.55428 15.1492 -95.4653 2.35378 11.9304 -112.534 2.80789 13.1203 -106.14 1.29232 10.9418 -131.717 1.66219 11.537 -125.322 -2.06272 0.142174 -151.746 -1.97031 0.84441 -144.512 0.345605 9.88002 -151.746 0.683984 10.7422 -144.512 -2.06492 -0.494014 -166.219 -1.999 -1.10455 -178.284 -2.04533 -0.973142 -173.458 -1.94108 -1.22078 -183.109 -0.548316 5.36293 -183.109 -0.475318 4.9816 -178.284 -1.80527 -1.58244 -192.755 -0.443274 -3.34407 -192.755 -0.471778 -3.82369 -202.396 -0.369422 -5.09683 -192.755 -0.433082 -4.99197 -202.396 -0.368873 -6.03267 -192.755 -0.45481 -5.56742 -202.396 -0.418128 -6.56593 -192.755 -0.505774 -5.87508 -202.396 -0.486182 -6.83545 -192.755 -0.558814 -6.01594 -202.396 -0.804786 -7.03509 -192.755 -0.897376 -6.97463 -192.755 -0.811683 -6.10232 -202.396 -0.91471 -6.01594 -202.396 -1.06028 -6.7862 -192.755 -1.07499 -5.78504 -202.396 -1.25773 -6.4284 -192.755 -1.23447 -5.44055 -202.396 -1.47672 -5.8434 -192.755 -1.42728 -4.82104 -202.396 -1.66398 -5.09191 -192.755 -1.57328 -4.04081 -202.396 -1.81071 -4.06124 -192.755 -1.64908 -3.12646 -202.396 -1.86118 -2.87856 -192.755 -1.63853 -2.10776 -202.396 -0.345374 1.2089 -26.8207 -0.186377 -4.49765 -26.8207 -0.166602 -5.88695 -26.8207 -0.19358 -6.73457 -26.8207 -1.50529 -7.17653 -26.8207 -1.26682 -7.63626 -26.8207 -2.14231 -4.83906 -26.8207 -2.27909 -3.67223 -26.8207 -2.33408 -2.38002 -26.8207 -2.29673 -0.986194 -26.8207 -0.163428 2.06633 -29.0487 -0.105872 -3.07406 -29.0487 -0.268775 -1.95875 -26.8207 -0.078223 -4.98397 -29.0487 -0.094824 -6.21288 -29.0487 -0.140296 -6.93855 -29.0487 -0.252601 -7.30104 -26.8207 -0.22013 -7.51496 -29.0487 -0.32688 -7.65142 -26.8207 -0.312415 -7.86756 -29.0487 -0.427527 -7.90679 -26.8207 -0.431983 -8.11618 -29.0487 -0.520118 -8.03194 -26.8207 -0.542273 -8.23226 -29.0487 -0.631202 -8.10115 -26.8207 -0.668616 -8.28263 -29.0487 -0.758277 -8.10905 -26.8207 -0.808387 -8.26724 -29.0487 -0.891395 -8.05689 -26.8207 -1.73221 -6.58343 -26.8207 -1.74497 -6.75189 -29.0487 -1.96158 -5.99577 -29.0487 -1.93919 -5.85868 -26.8207 -2.1442 -5.10744 -29.0487 -2.27903 -4.10816 -29.0487 -2.35648 -3.00338 -29.0487 0.081322 6.45654 -31.2825 0.033288 2.03966 -31.2825 0.014184 -1.60572 -31.2825 0.022118 -4.28232 -31.2825 0.003014 -5.71154 -31.2825 -0.050696 -6.72693 -31.2825 -0.13053 -7.4064 -31.2825 -0.221778 -7.83653 -31.2825 -0.33982 -8.15753 -31.2825 -0.448523 -8.32517 -31.2825 -0.571814 -8.4228 -31.2825 -0.713904 -8.45169 -31.2825 -0.867713 -8.40881 -31.2825 -1.18113 -8.11922 -31.2825 -1.1027 -8.04413 -29.0487 -1.30387 -7.75973 -29.0487 -1.50413 -7.37302 -29.0487 -1.59818 -7.3394 -31.2825 -1.84043 -6.64463 -31.2825 -2.05521 -5.79808 -31.2825 -2.2266 -4.82269 -31.2825 -2.34409 -3.7232 -31.2825 -2.39597 -2.52263 -31.2825 -2.36802 -1.81454 -29.0487 -2.37449 -1.22909 -31.2825 -2.30759 -0.550592 -29.0487 -2.27531 0.134225 -31.2825 0.843103 12.0219 -35.7752 0.348474 7.21531 -33.5242 0.594628 7.26877 -35.7752 0.233178 2.52277 -33.5242 0.427087 2.6397 -35.7752 0.15957 -1.3504 -33.5242 0.299707 -1.41046 -35.7752 0.12893 -4.19458 -33.5242 1.00222 10.2171 -38.036 0.738793 5.45796 -38.036 0.538781 1.01172 -38.036 0.371972 -3.25703 -38.036 0.235925 -4.11955 -35.7752 0.282617 -5.28706 -38.036 0.171777 -5.72133 -35.7752 0.185571 -6.55774 -38.036 0.081322 -6.85812 -35.7752 0.07412 -7.42578 -38.036 -0.028601 -7.61751 -35.7752 -0.040625 -7.98959 -38.036 -0.143775 -8.09702 -35.7752 -0.180518 -8.4272 -38.036 -0.285621 -8.45338 -35.7752 -0.30503 -8.6713 -38.036 -0.412513 -8.63808 -35.7752 -0.442603 -8.83287 -38.036 -0.553687 -8.74384 -35.7752 -0.600318 -8.91661 -38.036 -0.713904 -8.77198 -35.7752 -0.773902 -8.91547 -38.036 -0.884986 -8.71931 -35.7752 -0.949988 -8.83208 -38.036 -1.0543 -8.59139 -35.7752 -1.12998 -8.66586 -38.036 -1.22782 -8.38527 -35.7752 -1.30479 -8.42714 -38.036 -1.45377 -8.00228 -35.7752 -1.53568 -7.99039 -38.036 -1.67197 -7.49851 -35.7752 -1.84721 3.24193 -38.036 0.972619 5.91868 -40.3065 1.42391 9.33327 -42.5855 1.05001 4.08185 -42.5855 0.711083 1.28106 -40.3065 0.685815 -1.54423 -42.5855 0.486474 -3.17173 -40.3065 0.5281 -4.24778 -42.5855 0.369226 -5.28916 -40.3065 0.389428 -6.01439 -42.5855 0.252893 -6.61407 -40.3065 0.264123 -7.07367 -42.5855 0.126184 -7.51861 -40.3065 0.109826 -7.93261 -42.5855 -0.00022 -8.10562 -40.3065 -0.039771 -8.47321 -42.5855 -0.151282 -8.56065 -40.3065 -0.170081 -8.78984 -42.5855 -0.284217 -8.8139 -40.3065 -0.312476 -9.01755 -42.5855 -0.429725 -8.98089 -40.3065 -0.474708 -9.16439 -42.5855 -0.595313 -9.0664 -40.3065 -0.652015 -9.22005 -42.5855 -0.776404 -9.06316 -40.3065 -0.840918 -9.18471 -42.5855 -0.959327 -8.97404 -40.3065 -1.03312 -9.05843 -42.5855 -1.14512 -8.79845 -40.3065 -1.21897 -8.85046 -42.5855 -1.32468 -8.54725 -40.3065 -1.40537 -8.55441 -42.5855 -1.5604 -8.08874 -40.3065 -1.64152 -8.04083 -42.5855 -1.78269 -7.49985 -40.3065 -1.86057 -7.39423 -42.5855 -1.98423 -6.78857 -40.3065 1.71871 10.1903 -44.8713 1.30398 5.15445 -44.8713 0.78927 -1.76796 -44.8713 0.599816 -4.50708 -44.8713 2.50167 15.5802 -47.1608 1.93459 10.2346 -47.1608 1.46517 5.04267 -47.1608 0.854882 -2.35295 -47.1608 0.65902 -4.79246 -47.1608 0.45968 -6.0548 -44.8713 0.496423 -6.3434 -47.1608 0.319421 -7.14917 -44.8713 0.337792 -7.4222 -47.1608 0.151086 -8.03604 -44.8713 2.52462 14.5922 -48.4984 1.91348 8.85036 -48.4984 1.39217 3.1898 -48.4984 0.888879 -2.65071 -48.4984 0.677087 -5.07736 -48.4984 0.50039 -6.60731 -48.4984 0.327417 -7.66916 -48.4984 0.189477 -8.13808 -47.1608 0.167688 -8.36026 -48.4984 0.019372 -8.71116 -47.1608 -0.014319 -8.90383 -48.4984 -0.126014 -9.04596 -47.1608 -0.16471 -9.20633 -48.4984 -0.282081 -9.28578 -47.1608 -0.333777 -9.42441 -48.4984 -0.457923 -9.43902 -47.1608 -0.514991 -9.54441 -48.4984 -0.647925 -9.49478 -47.1608 -0.713904 -9.56764 -48.4984 -0.848609 -9.45335 -47.1608 -0.92063 -9.49073 -48.4984 -1.05088 -9.31495 -47.1608 -1.11948 -9.32144 -48.4984 -1.24473 -9.08962 -47.1608 -1.31821 -9.05569 -48.4984 -1.43748 -8.77042 -47.1608 -1.50602 -8.70835 -48.4984 -1.67887 -8.21842 -47.1608 -1.74418 -8.10972 -48.4984 -1.89951 -7.52501 -47.1608 -1.95847 -7.36962 -48.4984 -2.09098 -6.69924 -47.1608 -2.14048 -6.4975 -48.4984 -2.24522 -5.75063 -47.1608 2.12283 9.85637 -49.8362 2.76699 15.5371 -49.8362 1.59689 4.50385 -49.8362 1.22219 0.570247 -49.8362 0.888574 -3.28343 -49.8362 0.688806 -5.37253 -49.8362 0.497583 -6.87853 -49.8362 0.313073 -7.90461 -49.8362 0.143029 -8.56855 -49.8362 -0.049475 -9.08085 -49.8362 -0.212195 -9.36383 -49.8362 -0.385596 -9.54785 -49.8362 -0.578223 -9.63806 -49.8362 -0.784705 -9.62636 -49.8362 -0.989295 -9.51663 -49.8362 -1.19352 -9.30813 -49.8362 -1.38718 -9.01367 -49.8362 -1.57688 -8.62411 -49.8362 -1.80997 -7.97875 -49.8362 -2.01621 -7.19246 -49.8362 -2.1868 -6.27488 -49.8362 -2.28171 -5.50321 -48.4984 -2.31327 -5.23611 -49.8362 -2.37357 -4.39694 -48.4984 2.2712 9.36426 -52.513 1.65188 3.47524 -52.513 1.04891 -2.60146 -52.513 0.795617 -5.1262 -52.513 0.590783 -6.71742 -52.513 0.396325 -7.82111 -52.513 0.220727 -8.53881 -52.513 0.023827 -9.10254 -52.513 -0.137 -9.41559 -52.513 -0.316077 -9.64046 -52.513 -0.506385 -9.76301 -52.513 -0.713904 -9.78452 -52.513 -0.928199 -9.70163 -52.513 -1.13309 -9.52261 -52.513 -1.33652 -9.24313 -52.513 -1.52738 -8.87881 -52.513 -1.76737 -8.25206 -52.513 -1.98063 -7.47827 -52.513 -2.29209 -5.52986 -52.513 -2.15848 -6.56742 -52.513 -2.3729 -4.37633 -52.513 -2.38731 -4.08662 -49.8362 -2.39292 -3.11794 -52.513 -2.40122 -2.83724 -49.8362 -2.34513 -1.76616 -52.513 -2.32432 -1.15465 -49.8362 -2.22398 -0.332859 -52.513 -2.13309 0.648615 -49.8362 2.58352 10.4957 -55.192 1.94369 4.88709 -55.192 1.36343 -0.39654 -55.192 1.00332 -3.93287 -55.192 0.755883 -6.02106 -55.192 0.563378 -7.26954 -55.192 0.345788 -8.30629 -55.192 0.150903 -8.96115 -55.192 -0.007483 -9.34243 -55.192 -0.182776 -9.63674 -55.192 -0.367774 -9.82701 -55.192 -0.571387 -9.91852 -55.192 -0.787879 -9.90284 -55.192 -1.00089 -9.78432 -55.192 -1.21183 -9.56215 -55.192 -1.41032 -9.24995 -55.192 -1.60288 -8.838 -55.192 -1.83689 -8.15689 -55.192 -2.04032 -7.32832 -55.192 -2.20432 -6.36256 -55.192 -2.31998 -5.27033 -55.192 -2.37882 -4.06277 -55.192 -2.37278 -2.75137 -55.192 -2.29533 -1.34801 -55.192 -2.14121 0.135042 -55.192 -2.02567 1.16966 -52.513 -1.90678 1.68502 -55.192 -1.74979 2.72884 -52.513 -1.5958 3.28937 -55.192 1.11062 -3.63079 -57.8741 0.847924 -5.80154 -57.8741 0.604272 -7.35629 -57.8741 2.99929 11.3538 -60.5595 3.11727 11.4709 -62.8 3.15218 11.1036 -65.0428 2.29873 5.17136 -62.8 2.31332 4.75695 -65.0428 1.70492 0.462368 -62.8 1.38271 -2.6628 -65.0428 1.21682 -3.69664 -62.8 1.04061 -5.37688 -65.0428 0.92727 -5.92169 -62.8 0.77633 -7.0862 -65.0428 0.663293 -7.51484 -62.8 0.536279 -8.27036 -65.0428 0.419396 -8.59517 -62.8 0.327417 -9.03904 -65.0428 0.205285 -9.27665 -62.8 0.099816 -9.6412 -65.0428 0.033715 -9.67272 -62.8 -0.082129 -9.97419 -65.0428 -0.154273 -9.9776 -62.8 -0.281226 -10.2116 -65.0428 -0.350623 -10.1736 -62.8 -0.489722 -10.3385 -65.0428 -0.564979 -10.266 -62.8 -0.713904 -10.356 -65.0428 -0.790992 -10.2462 -62.8 -0.942481 -10.2608 -65.0428 -1.01182 -10.1189 -62.8 -1.15848 -10.0622 -65.0428 -1.22867 -9.88334 -62.8 -1.36997 -9.75546 -65.0428 -1.43119 -9.55383 -62.8 -1.56577 -9.35758 -65.0428 -1.62607 -9.12015 -62.8 -1.80729 -8.67553 -65.0428 -1.8599 -8.40444 -62.8 -2.01603 -7.83575 -65.0428 -2.05942 -7.53506 -62.8 -2.18272 -6.84921 -65.0428 -2.21561 -6.52289 -62.8 -2.29832 -5.72733 -65.0428 -2.31931 -5.37929 -62.8 -2.35367 -4.48191 -65.0428 -2.36161 -4.11603 -62.8 -2.34067 -3.12514 -65.0428 -2.33451 -2.74524 -62.8 -2.25217 -1.66958 -65.0428 -2.23142 -1.27944 -62.8 -2.0825 -0.128166 -65.0428 -2.04673 0.268436 -62.8 -1.82761 1.48573 -65.0428 -1.77708 1.88501 -62.8 -1.48752 3.15856 -65.0428 -1.42667 3.55721 -62.8 -0.858619 5.75304 -65.0428 -0.638282 -10.4485 -67.2876 -0.86637 -10.3904 -67.2876 -1.09128 -10.2211 -67.2876 -1.30192 -9.95239 -67.2876 -1.50632 -9.57609 -67.2876 -1.75449 -8.93013 -67.2876 -1.97123 -8.12302 -67.2876 -2.14793 -7.16558 -67.2876 -2.27512 -6.06914 -67.2876 -2.34379 -4.84551 -67.2876 4.34469 18.1972 -68.9723 4.17397 17.4497 -67.2876 3.33767 11.622 -68.9723 3.22842 11.1513 -67.2876 2.46078 5.20809 -68.9723 2.36892 4.76454 -67.2876 1.87728 0.828126 -68.9723 1.4147 -2.70222 -67.2876 1.29812 -3.82149 -68.9723 1.06393 -5.4335 -67.2876 0.988122 -6.08696 -68.9723 0.793786 -7.15353 -67.2876 0.708215 -7.70866 -68.9723 0.549523 -8.34498 -67.2876 0.452417 -8.80792 -68.9723 0.337426 -9.11827 -67.2876 0.229516 -9.50092 -68.9723 0.106896 -9.72389 -67.2876 0.052025 -9.90337 -68.9723 -0.07688 -10.0587 -67.2876 -0.141578 -10.2128 -68.9723 -0.277991 -10.2972 -67.2876 -0.343116 -10.4112 -68.9723 -0.417518 -10.3944 -67.2876 -0.56211 -10.5039 -68.9723 -0.792273 -10.4822 -68.9723 -1.01652 -10.351 -68.9723 -1.23588 -10.1094 -68.9723 -1.43998 -9.77229 -68.9723 -1.63572 -9.32902 -68.9723 -1.86912 -8.59809 -68.9723 -2.0665 -7.7108 -68.9723 -2.21879 -6.6783 -68.9723 -2.31669 -5.51221 -68.9723 -2.3491 -3.88849 -68.9723 -2.34537 -3.50686 -67.2876 -2.267 -2.09259 -68.9723 1.08767 -5.5231 -70.6578 1.44729 -2.77444 -70.6578 0.81173 -7.25395 -70.6578 0.563012 -8.45276 -70.6578 0.347619 -9.2307 -70.6578 0.114099 -9.83981 -70.6578 -0.071814 -10.1764 -70.6578 -0.274817 -10.416 -70.6578 -0.41532 -10.5136 -70.6578 -0.637916 -10.5674 -70.6578 -0.867286 -10.5085 -70.6578 -1.0933 -10.3374 -70.6578 -1.30472 -10.0665 -70.6578 -1.50962 -9.68718 -70.6578 -1.75779 -9.03633 -70.6578 -1.9741 -8.22333 -70.6578 -2.14957 -7.25908 -70.6578 -2.27512 -6.15503 -70.6578 -2.34757 -4.60002 -70.6578 -2.31107 -2.86229 -70.6578 -2.15232 -0.980079 -70.6578 -2.05869 -0.162434 -68.9723 -1.86039 1.03243 -70.6578 4.29281 17.4781 -82.0481 4.42428 18.0594 -78.0348 3.39993 11.4519 -78.0348 3.27682 10.8005 -82.0481 2.50649 5.00632 -78.0348 2.40432 4.38857 -82.0481 1.45889 -2.97761 -78.0348 1.43502 -3.10769 -82.0481 -0.48722 -10.859 -82.0481 -0.637671 -10.7871 -78.0348 -0.713904 -10.8758 -82.0481 -0.867713 -10.7278 -78.0348 -0.944678 -10.7787 -82.0481 -1.09397 -10.5562 -78.0348 -1.16221 -10.5772 -82.0481 -1.30558 -10.2844 -78.0348 -1.37479 -10.2663 -82.0481 -1.51072 -9.90402 -78.0348 -1.57108 -9.86337 -82.0481 -1.75889 -9.25144 -78.0348 -1.81272 -9.17303 -82.0481 -1.97507 -8.43635 -78.0348 -2.0203 -8.32338 -82.0481 -2.15018 -7.46971 -78.0348 -2.18497 -7.32554 -82.0481 -2.27512 -6.36298 -78.0348 -2.30839 -3.06252 -78.0348 -2.14768 -1.17604 -78.0348 -2.23533 -2.08973 -82.0481 -2.05778 -0.532331 -82.0481 -1.85337 0.840927 -78.0348 2.38992 4.63529 -86.071 3.24142 10.9993 -86.071 1.77181 -0.121963 -86.071 1.2626 -4.32373 -86.071 1.07882 -5.84976 -82.0481 0.961572 -6.57155 -86.071 0.805017 -7.5765 -82.0481 0.688623 -8.18079 -86.071 0.557885 -8.77252 -82.0481 0.438012 -9.27178 -86.071 0.343774 -9.5487 -82.0481 0.219018 -9.95975 -86.071 0.111413 -10.1565 -82.0481 0.04403 -10.3594 -86.071 -0.073828 -10.4924 -82.0481 -0.147071 -10.6669 -86.071 -0.275977 -10.7316 -82.0481 -0.346412 -10.8642 -86.071 -0.563392 -10.9568 -86.071 -0.791785 -10.9359 -86.071 -1.01438 -10.8064 -86.071 -1.2327 -10.5675 -86.071 -1.43619 -10.2337 -86.071 -1.63163 -9.79458 -86.071 -1.86509 -9.0703 -86.071 -2.06339 -8.19083 -86.071 -2.21738 -7.16721 -86.071 -2.29752 -6.1911 -82.0481 -2.31779 -6.01094 -86.071 -2.34867 -4.93202 -82.0481 -2.35581 -4.73396 -86.071 -2.33042 -3.56066 -82.0481 -2.32322 -3.34856 -86.071 -2.21329 -1.86743 -86.071 -2.02079 -0.303653 -86.071 -1.79392 1.09801 -82.0481 -1.74222 1.32924 -86.071 -1.4437 2.78758 -82.0481 -1.38151 3.01804 -86.071 -0.798011 5.40764 -82.0481 -0.728003 5.63033 -86.071 3.04458 10.2479 -90.0991 2.88162 9.58378 -92.7838 2.76852 9.35209 -95.4653 1.28042 -2.34653 -100.813 1.12911 -4.63404 -95.4653 0.96383 -5.44992 -100.813 0.861718 -6.81427 -95.4653 0.715905 -7.47603 -100.813 0.614587 -8.37573 -95.4653 0.518823 -8.6888 -100.813 0.38363 -9.43504 -95.4653 0.298303 -9.66957 -100.813 0.178918 -10.1037 -95.4653 0.099084 -10.2842 -100.813 0.013695 -10.4926 -95.4653 -0.066687 -10.6421 -100.813 -0.168128 -10.7924 -95.4653 -0.241919 -10.897 -100.813 -0.358924 -10.9857 -95.4653 -0.435889 -11.0579 -100.813 -0.568091 -11.0777 -95.4653 -0.642676 -11.1131 -100.813 -0.789527 -11.0599 -95.4653 -0.858375 -11.063 -100.813 -1.00651 -10.9369 -95.4653 -1.07328 -10.9081 -100.813 -1.22062 -10.7079 -95.4653 -1.27671 -10.6594 -100.813 -1.42118 -10.3868 -95.4653 -1.47648 -10.3094 -100.813 -1.61509 -9.96361 -95.4653 -1.72257 -9.7066 -100.813 -1.8491 -9.26466 -95.4653 -1.94242 -8.95154 -100.813 -2.05057 -8.41503 -95.4653 -2.12742 -8.05424 -100.813 -2.21073 -7.42531 -95.4653 -2.26871 -7.02521 -100.813 -2.32041 -6.30656 -95.4653 -2.3574 -5.87536 -100.813 -2.37089 -5.07022 -95.4653 -2.38523 -4.61598 -100.813 -2.35429 -3.72813 -95.4653 -2.34489 -3.25875 -100.813 -2.26371 -2.29248 -95.4653 -2.23038 -1.8157 -100.813 -2.09409 -0.775904 -95.4653 -2.0936 -0.686896 -100.813 -1.84177 0.808533 -95.4653 -1.83988 0.876276 -100.813 -1.51072 2.448 -95.4653 -1.03098 4.56539 -100.813 2.51919 8.85662 -100.813 2.20388 7.91195 -106.14 1.01913 -3.97211 -106.14 0.773706 -6.47962 -106.14 0.574182 -8.06008 -106.14 0.383691 -9.15643 -106.14 0.211022 -9.86948 -106.14 0.016869 -10.4297 -106.14 -0.141883 -10.7409 -106.14 -0.319312 -10.9646 -106.14 -0.507911 -11.0868 -106.14 -0.713904 -11.1086 -106.14 -0.926917 -11.0268 -106.14 -1.13077 -10.8496 -106.14 -1.33341 -10.5726 -106.14 -1.52378 -10.2113 -106.14 -1.76371 -9.58955 -106.14 -1.97727 -8.82176 -106.14 -2.15598 -7.91777 -106.14 -2.31748 -6.60861 -106.14 -2.39359 -5.1303 -106.14 -2.38383 -3.83297 -106.14 -2.30387 -2.44858 -106.14 0.8453 -4.50776 -112.534 0.636621 -6.87369 -112.534 0.458093 -8.35252 -112.534 0.283227 -9.36042 -112.534 0.120385 -10.0129 -112.534 -0.065527 -10.5167 -112.534 -0.223426 -10.7954 -112.534 -0.39231 -10.977 -112.534 -0.580787 -11.0667 -112.534 -0.783423 -11.0564 -112.534 -0.9849 -10.95 -112.534 -1.1865 -10.7467 -112.534 -1.37839 -10.4589 -112.534 -1.62553 -9.93705 -112.534 -1.85282 -9.26976 -112.534 -2.05253 -8.46621 -112.534 -2.25053 -7.2815 -112.534 -2.37461 -5.92512 -112.534 -2.41062 -4.40477 -112.534 -2.07511 -8.29635 -118.928 -2.26603 -7.13373 -118.928 -2.38657 -5.79685 -118.928 -2.42142 -4.31725 -118.928 -2.34531 -2.75336 -112.534 -2.35837 -2.70452 -118.928 -2.21342 -1.34666 -112.534 -2.18931 -0.989834 -118.928 -2.00718 0.121221 -112.534 -1.91312 0.812905 -118.928 -1.73502 1.63897 -112.534 -1.478 3.05503 -118.928 -1.32401 3.58963 -112.534 1.94582 11.0957 -118.928 1.27401 6.72181 -125.322 1.54208 6.62438 -118.928 0.955285 1.89959 -125.322 1.17922 1.97232 -118.928 0.656579 -2.96982 -125.322 0.925378 -1.35269 -118.928 0.700585 -4.68095 -118.928 0.49392 -5.95863 -125.322 0.529382 -6.95158 -118.928 0.363488 -7.70342 -125.322 0.376428 -8.37142 -118.928 0.217004 -8.93232 -125.322 0.221093 -9.33977 -118.928 0.059472 -9.74844 -125.322 0.073022 -9.96726 -118.928 -0.092688 -10.2485 -125.322 -0.098975 -10.4525 -118.928 -0.222327 -10.5279 -125.322 -0.246985 -10.7216 -118.928 -0.371009 -10.7309 -125.322 -0.406775 -10.8977 -118.928 -0.533179 -10.8448 -125.322 -0.58628 -10.986 -118.928 -0.713904 -10.871 -125.322 -0.780677 -10.9787 -118.928 -0.904273 -10.806 -125.322 -0.975196 -10.8791 -118.928 -1.08982 -10.6567 -125.322 -1.17087 -10.6866 -118.928 -1.2775 -10.4194 -125.322 -1.35837 -10.4131 -118.928 -1.51823 -9.98182 -125.322 -1.60172 -9.91589 -118.928 -1.74607 -9.40891 -125.322 -1.82767 -9.27897 -118.928 -2.00077 -8.51791 -125.322 -2.21012 -7.43803 -125.322 -2.35569 -6.19924 -125.322 -2.4246 -4.80827 -125.322 -2.40378 -3.29491 -125.322 -2.28391 -1.6699 -125.322 -2.06138 0.037272 -125.322 -1.69022 2.17286 -125.322 0.960229 6.06262 -131.717 0.399072 -5.48848 -131.717 0.289086 -7.4639 -131.717 0.171411 -8.67733 -131.717 0.039879 -9.48701 -131.717 -0.092078 -9.99743 -131.717 -0.25022 -10.3757 -131.717 0.703271 6.09046 -138.114 0.97738 10.8218 -138.114 0.508386 1.39916 -138.114 0.716699 1.46846 -131.717 0.376794 -2.13863 -138.114 0.457971 6.06896 -144.512 0.31997 1.64387 -144.512 0.183801 -4.54401 -144.512 0.279016 -5.53807 -138.114 0.138879 -6.69703 -144.512 0.198571 -7.4136 -138.114 0.065514 -8.0771 -144.512 0.101525 -8.5663 -138.114 -0.0427 -9.01567 -144.512 -0.013525 -9.33608 -138.114 -0.171973 -9.60615 -144.512 0.183618 5.34412 -151.746 0.104699 0.910261 -151.746 0.058617 -3.31149 -151.746 0.049523 -5.96314 -151.746 0.008019 -7.54113 -151.746 -0.066321 -8.49195 -151.746 -0.165015 -9.11098 -151.746 -0.272315 -9.48868 -151.746 -0.305518 -9.94902 -144.512 -0.406592 -9.75379 -151.746 -0.425818 -10.1271 -144.512 -0.52793 -9.87637 -151.746 -0.560523 -10.2296 -144.512 -0.665076 -9.92781 -151.746 -0.713904 -10.2578 -144.512 -0.815284 -9.90814 -151.746 -0.878516 -10.2085 -144.512 -0.972083 -9.81703 -151.746 -1.04172 -10.0871 -144.512 -1.64512 -8.67981 -151.746 -1.88871 -8.291 -144.512 -1.88132 -7.94403 -151.746 -2.10239 -7.37603 -144.512 -2.11912 -6.87436 -151.746 -2.26682 -6.32336 -144.512 -2.28733 -5.61963 -151.746 -2.37083 -5.1383 -144.512 -2.36613 -4.20473 -151.746 -2.40208 -3.84586 -144.512 -2.35203 -2.9241 -151.746 -2.35252 -2.45492 -144.512 -2.25901 -1.56418 -151.746 -2.21787 -0.990507 -144.512 -0.034888 5.45104 -158.981 -0.072119 1.08908 -158.981 -0.057227 -4.56447 -158.981 -0.051917 -6.62404 -158.981 -0.092688 -7.78359 -158.981 -0.17417 -8.5667 -158.981 -0.282813 -9.05691 -158.981 -0.398414 -9.33081 -158.981 -0.501929 -9.46392 -158.981 -0.624122 -9.53597 -158.981 -0.761878 -9.54122 -158.981 -0.904578 -9.48127 -158.981 -1.05338 -9.35573 -158.981 -1.18168 -9.59199 -151.746 -1.25193 -9.09519 -158.981 -1.39139 -9.25286 -151.746 -1.49723 -8.62705 -158.981 -1.73301 -8.00297 -158.981 -1.98197 -7.0737 -158.981 -2.17539 -5.96434 -158.981 -2.29313 -4.69729 -158.981 -2.31913 -3.29661 -158.981 -2.07853 -0.199993 -158.981 -0.132972 -5.87541 -166.219 -0.144874 -7.19427 -166.219 -0.197425 -7.98089 -166.219 -0.278113 -8.49141 -166.219 -0.369422 -8.79375 -166.219 -0.486487 -8.99825 -166.219 -0.591712 -9.08425 -166.219 -0.713904 -9.11119 -166.219 -0.847327 -9.07635 -166.219 -0.387671 5.11864 -173.458 -0.356604 0.846333 -173.458 -0.231116 4.97974 -166.219 -0.224891 0.715774 -166.219 -0.247474 -4.2054 -173.458 -0.178077 -3.41715 -166.219 -0.202979 -6.14044 -173.458 -0.224585 -7.24603 -173.458 -0.288184 -7.88001 -173.458 -0.377906 -8.26499 -173.458 -0.476905 -8.47655 -173.458 -0.569129 -8.57583 -173.458 -0.675574 -8.61963 -173.458 -0.794105 -8.6079 -173.458 -0.919471 -8.54021 -173.458 -1.02921 -8.93792 -166.219 -1.08958 -8.36863 -173.458 -1.215 -8.69928 -166.219 -1.30503 -8.03067 -173.458 -1.44608 -8.26942 -166.219 -1.55949 -7.44994 -173.458 -1.6699 -7.69547 -166.219 -1.79117 -6.69578 -173.458 -1.90891 -6.83986 -166.219 -1.98179 -5.78545 -173.458 -2.09818 -5.81742 -166.219 -2.11393 -4.73738 -173.458 -2.21928 -4.64865 -166.219 -2.17258 -3.57137 -173.458 -2.25687 -3.3556 -166.219 -2.14732 -2.30886 -173.458 -2.2006 -1.96216 -166.219 -0.285804 -4.48325 -178.284 -0.245887 -6.07972 -178.284 -0.268409 -7.08255 -178.284 -0.332129 -7.64902 -178.284 -0.422278 -7.98946 -178.284 -0.520301 -8.16634 -178.284 -0.609412 -8.2414 -178.284 -0.713904 -8.26602 -178.284 -0.828772 -8.23777 -178.284 -0.986487 -8.12124 -178.284 -1.14878 -7.91881 -178.284 -1.35239 -7.55288 -178.284 -1.58878 -6.95395 -178.284 -1.79899 -6.19764 -178.284 -1.98838 -5.13681 -178.284 -2.09373 -3.91535 -178.284 -2.09659 -2.55837 -178.284 -0.48783 0.586456 -183.109 -0.42533 0.60881 -178.284 -0.3375 -4.19675 -183.109 -0.287085 -5.8479 -183.109 -1.08097 -7.62073 -183.109 -1.27433 -7.30059 -183.109 -1.49912 -6.76957 -183.109 -0.30387 -6.78216 -183.109 -0.360816 -7.3101 -183.109 -1.73337 -5.96427 -183.109 -1.91422 -4.97688 -183.109 -2.01737 -3.8395 -183.109 -2.02592 -2.57545 -183.109 -1.0767 -7.89632 -26.8207 -0.168799 6.436 -29.0487 1.30398 10.8821 -40.3065 -2.18082 0.483397 -26.8207 -1.93497 2.81153 -35.7752 -2.01279 2.34553 -33.5242 -1.3361 4.90188 -49.8362 -1.3928 4.76106 -48.4984 -1.45072 4.60858 -47.1608 -0.847999 6.06853 -60.5595 -0.929908 5.94139 -57.8741 -0.766272 5.70649 -74.0302 -0.78379 5.76431 -70.6578 -0.800086 5.77572 -68.9723 -0.82157 5.7747 -67.2876 4.43807 18.1376 -76.0318 4.43478 18.1902 -74.0302 4.38833 18.216 -70.6578 -0.905799 4.985 -95.4653 -0.848182 5.18358 -92.7838 -0.795508 5.37194 -90.0991 -0.770301 5.58296 -78.0348 -0.765174 5.65172 -76.0318 -1.16349 4.12703 -106.14 -1.5145 2.49121 -100.813 -1.61491 2.10605 -106.14 -1.91672 0.532989 -106.14 -2.14933 -0.989096 -106.14 -1.89902 1.25149 -138.114 -1.80503 1.69579 -131.717 -2.24222 -1.7883 -158.981 -1.52598 -0.739867 -202.396 -0.591224 -6.0661 -202.396 -0.561988 -6.97594 -192.755 -0.627784 -6.10232 -202.396 -0.631629 -7.03599 -192.755 -0.668677 -6.12428 -202.396 -0.713904 -6.13166 -202.396 -0.713904 -7.05636 -192.755 -0.762122 -6.12428 -202.396 -0.955726 -8.18567 -29.0487 -1.02158 -8.29882 -31.2825 -1.3917 -7.78323 -31.2825 -2.24778 0.531803 -33.5242 -2.37302 -0.915364 -33.5242 -2.41477 -2.28953 -33.5242 -2.37711 -3.56596 -33.5242 -2.26829 -4.73596 -33.5242 -2.10038 -5.77488 -33.5242 -1.88462 -6.67752 -33.5242 -1.63731 -7.41929 -33.5242 -1.42441 -7.89391 -33.5242 -1.20548 -8.25399 -33.5242 -1.03861 -8.44715 -33.5242 -0.876685 -8.56627 -33.5242 -0.713904 -8.61407 -33.5242 -0.562476 -8.58544 -33.5242 -0.43003 -8.48351 -33.5242 -0.311988 -8.30697 -33.5242 -0.182105 -7.96761 -33.5242 -0.078772 -7.51189 -33.5242 0.016015 -6.79108 -33.5242 0.087792 -5.71294 -33.5242 -2.20768 0.900701 -35.7752 -2.35972 -0.624799 -35.7752 -2.42252 -2.0744 -35.7752 -2.40018 -3.42194 -35.7752 -2.30131 -4.65814 -35.7752 -2.13828 -5.75681 -35.7752 -1.92289 -6.71234 -35.7752 -2.15769 1.24084 -38.036 -2.33652 -0.35756 -38.036 -2.42087 -1.87747 -38.036 -2.41471 -3.2914 -38.036 -2.32682 -4.58951 -38.036 -2.16971 -5.74415 -38.036 -1.95591 -6.74929 -38.036 -1.7551 -7.42859 -38.036 -2.19547 -5.73709 -40.3065 -2.34562 -4.53027 -40.3065 -2.42197 -3.17456 -40.3065 -2.41178 -1.69893 -40.3065 -2.30558 -0.113793 -40.3065 -2.10001 1.55214 -40.3065 -1.7523 3.63675 -40.3065 -1.65299 3.99604 -42.5855 -2.03702 1.83455 -42.5855 -2.2689 0.106394 -42.5855 -2.39652 -1.53894 -42.5855 -2.42332 -3.07157 -42.5855 -2.35892 -4.48059 -42.5855 -2.21622 -5.73578 -42.5855 -2.05479 -6.62295 -42.5855 -1.55161 4.31991 -44.8713 -1.97068 2.0881 -44.8713 -2.228 0.302965 -44.8713 -2.37662 -1.39756 -44.8713 -2.4199 -2.98253 -44.8713 -2.36753 -4.44057 -44.8713 -2.23252 -5.74029 -44.8713 -2.07468 -6.65955 -44.8713 -1.88163 -7.45926 -44.8713 -1.66148 -8.13027 -44.8713 -1.4224 -8.66388 -44.8713 -1.23258 -8.97197 -44.8713 -1.04252 -9.18896 -44.8713 -0.844886 -9.32151 -44.8713 -0.649817 -9.35997 -44.8713 -0.465918 -9.3042 -44.8713 -0.296729 -9.15396 -44.8713 -0.147193 -8.91986 -44.8713 -0.00907 -8.59369 -44.8713 -1.90311 2.31292 -47.1608 -2.18473 0.475984 -47.1608 -2.35361 -1.27477 -47.1608 -2.41282 -2.90744 -47.1608 -2.37223 -4.41022 -47.1608 -1.86368 2.43104 -48.4984 -2.15891 0.566221 -48.4984 -2.33909 -1.21161 -48.4984 -2.40732 -2.87001 -48.4984 -1.82493 2.53962 -49.8362 2.77578 10.7302 -57.8741 2.0881 5.02015 -57.8741 1.55032 0.426253 -57.8741 -1.52811 3.41497 -57.8741 -1.85508 1.78243 -57.8741 -2.10392 0.204797 -57.8741 -2.27042 -1.30516 -57.8741 -2.35831 -2.73442 -57.8741 -2.37272 -4.07045 -57.8741 -2.32059 -5.30109 -57.8741 -2.20957 -6.4146 -57.8741 -2.04868 -7.39957 -57.8741 -1.84678 -8.24502 -57.8741 -1.61283 -8.94043 -57.8741 -1.41898 -9.36136 -57.8741 -1.21879 -9.6807 -57.8741 -1.00541 -9.90838 -57.8741 -0.789222 -10.0305 -57.8741 -0.568824 -10.0478 -57.8741 -0.360694 -9.95592 -57.8741 -0.171119 -9.76325 -57.8741 0.009484 -9.46452 -57.8741 0.173303 -9.07708 -57.8741 0.376 -8.41116 -57.8741 -1.46891 3.50623 -60.5595 -1.80973 1.85019 -60.5595 -2.07072 0.249485 -60.5595 -2.24778 -1.28293 -60.5595 -2.34458 -2.73383 -60.5595 -2.36649 -4.09044 -60.5595 -2.32011 -5.34039 -60.5595 -2.21342 -6.4717 -60.5595 -2.05521 -7.47277 -60.5595 -1.85471 -8.33237 -60.5595 -1.62083 -9.03978 -60.5595 -1.42631 -9.46825 -60.5595 -1.22459 -9.7936 -60.5595 -1.00919 -10.0259 -60.5595 -0.79032 -10.1511 -60.5595 -0.566504 -10.1699 -60.5595 -0.354712 -10.0777 -60.5595 -0.161109 -9.88301 -60.5595 0.023827 -9.58063 -60.5595 0.192224 -9.18808 -60.5595 0.401574 -8.51293 -60.5595 0.639123 -7.44297 -60.5595 0.894677 -5.86548 -60.5595 1.17312 -3.66256 -60.5595 1.64108 0.454873 -60.5595 2.21182 5.11694 -60.5595 -1.46091 3.16449 -67.2876 -1.8071 1.48137 -67.2876 -2.06748 -0.142635 -67.2876 -2.24198 -1.69387 -67.2876 -1.44529 3.15645 -68.9723 -1.79508 1.46739 -68.9723 3.37179 11.6231 -70.6578 2.4858 5.19174 -70.6578 -1.43339 3.13822 -70.6578 3.4081 11.5785 -74.0302 2.51248 5.12865 -74.0302 1.46218 -2.86049 -74.0302 1.0986 -5.61707 -74.0302 0.819909 -7.35286 -74.0302 0.569116 -8.55502 -74.0302 0.352319 -9.33508 -74.0302 0.117272 -9.94578 -74.0302 -0.069373 -10.2831 -74.0302 -0.27323 -10.5233 -74.0302 -0.414405 -10.621 -74.0302 -0.637671 -10.6748 -74.0302 -0.867713 -10.6154 -74.0302 -1.09421 -10.4436 -74.0302 -1.30588 -10.1716 -74.0302 -1.51102 -9.79094 -74.0302 -1.75931 -9.13784 -74.0302 -1.97538 -8.32215 -74.0302 -2.15043 -7.3548 -74.0302 -2.27512 -6.24728 -74.0302 -2.34598 -4.68749 -74.0302 -2.30772 -2.94455 -74.0302 -2.14628 -1.05681 -74.0302 -1.85129 0.961469 -74.0302 -1.42081 3.07316 -74.0302 3.41061 11.5246 -76.0318 2.51443 5.07352 -76.0318 1.46328 -2.91721 -76.0318 1.09933 -5.67433 -76.0318 0.82052 -7.41046 -76.0318 0.569482 -8.61285 -76.0318 0.352624 -9.39306 -76.0318 0.117578 -10.0039 -76.0318 -0.069312 -10.3413 -76.0318 -0.27323 -10.5815 -76.0318 -0.414283 -10.6792 -76.0318 -0.63761 -10.733 -76.0318 -0.867774 -10.6736 -76.0318 -1.09428 -10.5017 -76.0318 -1.30601 -10.2296 -76.0318 -1.51108 -9.84887 -76.0318 -1.75938 -9.19563 -76.0318 -1.97538 -8.37975 -76.0318 -2.15043 -7.41218 -76.0318 -2.27512 -6.30442 -76.0318 -2.34598 -4.7443 -76.0318 -2.30741 -3.001 -76.0318 -2.14591 -1.11288 -76.0318 -1.85068 0.905792 -76.0318 -1.42002 3.01789 -76.0318 1.09622 -5.73238 -78.0348 0.818017 -7.46704 -78.0348 0.567712 -8.66844 -78.0348 0.35122 -9.44803 -78.0348 0.116601 -10.0584 -78.0348 -0.069983 -10.3955 -78.0348 -0.273597 -10.6356 -78.0348 -0.414588 -10.7332 -78.0348 -2.34641 -4.80428 -78.0348 -1.42368 2.95128 -78.0348 -1.43082 2.78767 -90.0991 -1.78019 1.11723 -90.0991 -2.04893 -0.497611 -90.0991 -2.23283 -2.04381 -90.0991 -2.33543 -3.50798 -90.0991 -2.36191 -4.87723 -90.0991 -2.31919 -6.13906 -90.0991 -2.21519 -7.28133 -90.0991 -2.05888 -8.2923 -90.0991 -1.85929 -9.16063 -90.0991 -1.62553 -9.87544 -90.0991 -1.43058 -10.3086 -90.0991 -1.22819 -10.6376 -90.0991 -1.01151 -10.8729 -90.0991 -0.79087 -10.9999 -90.0991 -0.565223 -11.0196 -90.0991 -0.351111 -10.9272 -90.0991 -0.155005 -10.7314 -90.0991 0.032677 -10.4268 -90.0991 0.203881 -10.0311 -90.0991 0.417626 -9.35034 -90.0991 0.660791 -8.27114 -90.0991 0.923974 -6.67969 -90.0991 1.21218 -4.45705 -90.0991 1.69839 -0.302569 -90.0991 2.28982 4.40132 -90.0991 2.15768 3.79404 -92.7838 -1.46897 2.62166 -92.7838 -1.80973 0.965865 -92.7838 -2.07072 -0.634598 -92.7838 -2.24772 -2.16678 -92.7838 -2.34458 -3.61746 -92.7838 -2.36637 -4.97386 -92.7838 -2.31992 -6.22362 -92.7838 -2.21317 -7.35476 -92.7838 -2.05503 -8.35567 -92.7838 -1.85453 -9.21513 -92.7838 -1.62058 -9.92243 -92.7838 -1.42618 -10.3508 -92.7838 -1.22459 -10.6761 -92.7838 -1.00907 -10.9084 -92.7838 -0.79032 -11.0336 -92.7838 -0.566626 -11.0524 -92.7838 -0.354773 -10.9601 -92.7838 -0.16117 -10.7655 -92.7838 0.023583 -10.4632 -92.7838 0.191979 -10.0707 -92.7838 0.401391 -9.39562 -92.7838 0.638818 -8.32583 -92.7838 0.894311 -6.74857 -92.7838 1.17257 -4.54599 -92.7838 1.64059 -0.429172 -92.7838 2.07339 3.62112 -95.4653 1.53188 -0.95832 -95.4653 1.88717 3.25855 -100.813 1.68551 2.88276 -106.14 1.32119 -0.711938 -106.14 1.87338 7.27222 -112.534 1.43289 2.42506 -112.534 1.12399 -1.03946 -112.534 0.547814 -1.90736 -131.717 -2.13181 -0.341654 -131.717 -2.32242 -1.96945 -131.717 -2.41642 -3.51775 -131.717 -2.41752 -4.95855 -131.717 -2.33457 -6.28175 -131.717 -2.1807 -7.45913 -131.717 -1.96812 -8.48446 -131.717 -1.71451 -9.32943 -131.717 -1.49058 -9.87195 -131.717 -1.25602 -10.2855 -131.717 -1.07438 -10.509 -131.717 -0.895911 -10.6489 -131.717 -0.713904 -10.7084 -131.717 -0.542212 -10.6812 -131.717 -0.389319 -10.5708 -131.717 -2.18442 -0.685515 -138.114 -2.34562 -2.23221 -138.114 -2.41611 -3.70233 -138.114 -2.39957 -5.06933 -138.114 -2.30509 -6.32373 -138.114 -2.14481 -7.43892 -138.114 -1.9307 -8.40916 -138.114 -1.67991 -9.20777 -138.114 -1.46091 -9.71979 -138.114 -1.23331 -10.1093 -138.114 -1.05833 -10.3192 -138.114 -0.887305 -10.4497 -138.114 -0.713904 -10.504 -138.114 -0.551307 -10.4761 -138.114 -0.40763 -10.3695 -138.114 -0.277991 -10.1828 -138.114 -0.132483 -9.82195 -138.114 -1.64237 -9.04327 -144.512 -1.4293 -9.5249 -144.512 -1.20957 -9.8906 -144.512 -0.443396 -7.62761 -183.109 -0.533973 -7.79279 -183.109 -0.616675 -7.86308 -183.109 -0.713904 -7.88645 -183.109 -0.821021 -7.86062 -183.109 -0.929725 -7.78852 -183.109 -0.968116 3.39317 -208.822 -0.705909 3.393 -215.096 -0.905921 3.393 -215.096 -1.39432 0.047482 -208.822 -1.3209 0.408411 -211.974 -1.22782 0.865815 -215.096 -1.44901 -0.22112 -205.626 -1.40739 -0.733062 -213.017 -1.56962 -1.61215 -206.696 -1.47367 -1.1279 -210.928 -0.669227 1.34086 -213.017 -0.619422 0.088477 -215.096 -0.536475 -1.9357 -213.017 -0.540015 -1.68856 -215.096 -0.503272 -2.89638 -213.017 -0.530127 -2.40695 -215.096 -0.524085 -3.37116 -213.017 -0.560279 -2.72032 -215.096 -0.576209 -3.61657 -213.017 -0.610572 -2.88001 -215.096 -0.634681 -3.71648 -213.017 -0.657081 -2.93786 -215.096 -0.696814 -3.74984 -213.017 -0.714881 -2.95699 -215.096 -0.76908 -3.73852 -213.017 -0.781775 -2.93575 -215.096 -0.468604 -3.83044 -204.552 -0.441199 -4.83265 -204.552 -0.468116 -5.36976 -204.552 -0.522681 -5.65052 -204.552 -0.98722 -5.65073 -204.552 -0.858375 -5.79841 -204.552 -1.16868 -5.31384 -204.552 -1.3635 -4.75468 -204.552 -1.53471 -3.93194 -204.552 -0.586829 -1.1628 -204.552 -0.483313 -3.43811 -206.696 -0.61283 -0.461121 -206.696 -0.452186 -4.50117 -206.696 -0.546607 -2.0326 -208.822 -0.653785 0.733731 -208.822 -0.473304 -3.61286 -208.822 -0.472876 -4.34242 -208.822 -0.478003 -5.01663 -206.696 -0.512122 -4.70754 -208.822 -0.530372 -5.28608 -206.696 -0.57688 -4.91133 -208.822 -0.599524 -5.42801 -206.696 -0.637916 -4.98757 -208.822 -0.671729 -5.48225 -206.696 -0.735389 -5.01176 -208.822 -0.758826 -5.48225 -206.696 -0.823401 -4.97255 -208.822 -0.852576 -5.42801 -206.696 -0.937781 -4.85504 -208.822 -0.976172 -5.28628 -206.696 -1.1041 -4.56646 -208.822 -1.15043 -4.96297 -206.696 -1.28361 -4.07857 -208.822 -1.33732 -4.42635 -206.696 -1.44523 -3.35232 -208.822 -1.50162 -3.63676 -206.696 -1.53489 -2.46688 -208.822 -1.58597 -2.6867 -206.696 -1.52988 -1.46202 -208.822 -0.575416 -1.23584 -210.928 -0.688575 2.12547 -210.928 -0.495521 -2.97022 -210.928 -0.487098 -3.75313 -210.928 -0.525977 -4.15002 -210.928 -0.586402 -4.33979 -210.928 -0.643226 -4.41078 -210.928 -0.733924 -4.43331 -210.928 -0.815894 -4.39679 -210.928 -0.864478 -3.66441 -213.017 -0.922522 -4.28737 -210.928 -1.00541 -3.45298 -213.017 -1.07719 -4.01866 -210.928 -1.16172 -3.07302 -213.017 -1.24442 -3.56435 -210.928 -1.3093 -2.48943 -213.017 -1.39487 -2.88808 -210.928 -1.40678 -1.67685 -213.017 -1.47837 -2.06359 -210.928 -1.60538 -1.8223 -204.552 -0.850806 -2.87654 -215.096 -0.955787 -2.72371 -215.096 -1.09458 -2.40522 -215.096 -1.24277 -1.83698 -215.096 -1.32981 -1.11289 -215.096 -1.33042 -0.276091 -215.096 -0.594703 -5.79841 -204.552 -0.67002 -5.85493 -204.552 -0.760718 -5.85493 -204.552 -1.6226 -2.94197 -204.552</float_array>
          <technique_common>
            <accessor source="#GeometrySource-array" count="3734" stride="3">
              <param name="X" type="float"/>
              <param name="Y" type="float"/>
              <param name="Z" type="float"/>
            </accessor>
          </technique_common>
        </source>
        <source id="GeometrySource1" name="MeshBody1Nrm">
          <float_array id="GeometrySource1-array" count="11202">0.939801 0.039971 0.339376 0.780841 0.162187 0.60331 0.706309 -0.021866 0.707566 0.555964 0.305937 0.772856 0.600661 -0.022285 0.799193 0.376414 0.581197 0.721472 -0.022957 0.557554 0.829823 0.555472 -0.381241 0.73899 -0.275456 0.508069 0.816082 -0.422286 0.43121 0.797328 -0.426082 -0.269339 0.863661 -0.644946 0.382217 0.661782 -0.614386 0.225641 0.756053 -0.592517 -0.060832 0.803258 -0.776234 0.163174 0.608963 -0.806088 0.064465 0.588274 -0.939167 -0.027685 0.342344 -0.749175 -0.662348 0.005688 -0.994036 -0.108355 0.012271 -0.994674 -0.102558 0.010289 -0.993809 -0.110904 0.00657 -0.845317 -0.532763 0.040018 -0.99264 -0.120169 0.014997 0.860269 -0.508565 0.036041 -0.998648 -0.045489 0.025148 -0.998485 -0.053504 0.01286 -0.99867 -0.047325 0.020444 0.999482 -0.032112 -0.002268 0.999194 -0.0401 -0.001885 0.999946 -0.001003 0.010305 0.992018 0.116383 0.048526 0.932744 0.338461 0.124233 0.706181 0.666789 0.238119 0.197155 0.924102 0.327361 -0.401948 0.861822 0.309355 0.999413 -0.034266 0.000032 0.999194 -0.040094 0.002124 0.999982 -0.003112 0.005084 0.999724 0.02221 0.007611 0.995768 0.090848 0.013869 0.989923 0.139548 0.024064 0.969004 0.245272 0.029545 0.937779 0.343016 0.053943 0.893001 0.446988 0.052442 -0.829517 0.552055 0.08448 -0.62106 0.775446 0.113877 -0.742073 0.666163 0.074528 -0.869818 0.490126 0.056515 -0.917496 0.392805 0.062499 -0.934799 0.352567 0.042987 -0.964223 0.261266 0.044869 -0.9715 0.234779 0.032662 -0.989265 0.142923 0.03047 0.999277 -0.038027 -0.000359 0.999352 -0.035974 0.000718 0.999225 -0.039347 -0.000673 0.999979 0.002265 0.006018 0.999062 -0.043264 -0.001786 0.999482 -0.032161 -0.000718 0.999747 -0.022316 0.002791 0.997959 0.060056 0.021691 0.993988 0.106585 0.025052 0.973826 0.219333 0.059625 0.954113 0.293176 0.060962 0.863431 0.488704 0.125119 0.792384 0.598048 0.120277 0.493477 0.843511 0.212062 0.350662 0.918382 0.183334 -0.125369 0.962582 0.240248 -0.237994 0.95275 0.188748 -0.5753 0.793552 0.198258 -0.621641 0.768287 0.152635 -0.794435 0.588806 0.148931 -0.814022 0.569433 0.114518 -0.902397 0.416976 0.108678 -0.910888 0.404086 0.083654 -0.957376 0.278193 0.07772 -0.9614 0.268607 0.059672 -0.986229 0.156746 0.052754 -0.988141 0.148236 0.040032 -0.998423 0.045847 0.032393 -0.998974 0.038344 0.024114 -0.998997 -0.040843 0.018354 0.999206 -0.039754 -0.002555 0.999702 -0.024399 -0.000422 0.999475 -0.032408 0.000422 0.999171 0.036134 0.018734 0.980558 0.186376 0.061405 0.884884 0.445133 0.137246 0.560595 0.792638 0.239705 -0.041069 0.956966 0.287279 -0.536833 0.807881 0.243183 -0.72611 0.647272 0.231954 -0.778017 0.601072 0.182763 -0.873834 0.456424 0.167602 -0.895177 0.425473 0.132782 -0.944358 0.306414 0.119579 -0.953779 0.285149 0.094843 -0.980842 0.177152 0.081033 -0.984709 0.161911 0.064286 -0.997182 0.056791 0.049009 -0.998034 0.048819 0.039314 0.999383 -0.034978 0.003141 -0.995037 -0.098821 0.011611 -0.998641 -0.051105 0.010219 -0.998826 -0.045583 0.016418 0.754873 0.648313 0.09928 0.768414 0.635789 0.07288 0.356056 0.924369 0.13699 0.604407 0.791908 0.087028 0.257362 0.959992 0.110367 -0.219358 0.965349 0.141361 0.052451 0.992764 0.108025 -0.308478 0.945398 0.105188 -0.530425 0.842733 0.091929 -0.999415 0.02865 0.018706 -0.999195 0.035624 0.018446 -0.991577 0.127168 0.024548 -0.990532 -0.136653 0.013117 -0.651285 -0.752948 0.094323 -0.655483 -0.748816 0.098062 -0.989511 -0.144257 0.007604 -0.505505 -0.856209 0.106636 -0.643177 -0.760303 0.090899 -0.637293 -0.765355 0.089946 -0.988001 -0.154385 0.004289 -0.986393 -0.164396 -0.00186 -0.48864 -0.865973 0.106406 -0.627146 -0.773665 0.090167 -0.984095 -0.177607 -0.003534 -0.619606 -0.779679 0.090494 -0.981438 -0.191503 -0.010301 -0.467228 -0.877215 0.110414 -0.606946 -0.789358 0.092356 -0.978617 -0.205201 -0.01422 -0.452492 -0.884519 0.113476 -0.593292 -0.79948 0.094005 -0.975353 -0.220216 -0.013823 -0.583857 -0.806354 0.094361 -0.971686 -0.235539 -0.018635 -0.426096 -0.897216 0.115956 -0.569176 -0.81689 0.093429 -0.967729 -0.251492 -0.015899 -0.558471 -0.824419 0.091892 -0.96415 -0.264844 -0.016477 -0.551166 -0.829595 0.089375 -0.955182 -0.295666 0.014417 -0.521765 -0.853082 0.003438 -0.5209 -0.853534 0.011978 -0.955636 -0.29395 0.018779 -0.523049 -0.852282 -0.00586 -0.532104 -0.845251 -0.049161 -0.528993 -0.84779 -0.037657 -0.957856 -0.285769 0.02913 -0.958884 -0.281981 0.032055 -0.536042 -0.841984 -0.061006 -0.959879 -0.277588 0.039707 -0.384659 -0.91803 -0.096223 -0.543699 -0.834896 -0.085679 -0.392783 -0.911305 -0.123475 -0.961646 -0.271643 0.038045 -0.550792 -0.828013 -0.104988 -0.400531 -0.904637 -0.145626 -0.963478 -0.264357 0.042732 -0.558509 -0.82024 -0.123587 -0.563902 -0.815077 -0.132909 -0.965706 -0.256718 0.038845 -0.967772 -0.247731 0.045233 -0.415319 -0.891581 -0.180539 -0.573754 -0.804188 -0.155204 -0.970254 -0.238395 0.042121 -0.581111 -0.796235 -0.168287 -0.975413 -0.216981 0.038582 -0.593637 -0.780634 -0.195464 -0.97262 -0.228145 0.04426 -0.601924 -0.770599 -0.209438 -0.361803 -0.911315 -0.196479 -0.752582 -0.597806 -0.276131 -0.992644 -0.118473 0.024927 -0.992951 -0.117006 0.018914 -0.991539 -0.128225 0.020203 -0.991125 -0.13184 0.017041 -0.991741 -0.127561 0.013309 -0.990803 -0.134919 0.010275 -0.989585 -0.143733 0.007949 -0.988811 -0.149073 0.005405 -0.98717 -0.159652 0.002412 -0.980718 -0.195349 -0.005599 -0.982363 -0.186913 -0.005125 -0.979014 -0.20373 -0.005124 -0.975887 -0.218162 -0.007066 -0.971904 -0.235186 -0.009457 -0.95955 -0.281537 -0.001221 -0.956715 -0.290978 -0.005265 -0.957708 -0.287624 -0.008206 -0.957815 -0.287318 0.006166 -0.955264 -0.295741 0.002869 -0.957795 -0.287442 0.002598 -0.955015 -0.296488 0.006455 -0.957743 -0.287479 0.0092 -0.954953 -0.296561 0.010762 -0.958418 -0.285144 0.011295 -0.958198 -0.285761 0.014023 -0.965116 -0.26066 0.024647 -0.963948 -0.2652 0.021761 -0.966146 -0.256571 0.027088 -0.96836 -0.248586 0.022006 -0.974922 -0.221444 0.022142 -0.977355 -0.210692 0.019657 -0.978994 -0.202997 0.019071 -0.977948 -0.205213 0.038789 -0.980641 -0.195243 0.014948 -0.981054 -0.191895 0.026632 -0.982808 -0.184525 0.006196 -0.984334 -0.176209 0.006134 -0.65827 -0.745786 0.102391 -0.615455 -0.751401 -0.237932 -0.624343 -0.739154 -0.252682 -0.983497 -0.179161 0.02519 -0.63219 -0.727117 -0.267651 -0.985234 -0.169995 0.020401 -0.639048 -0.71534 -0.282678 -0.986935 -0.160352 0.015691 -0.646273 -0.702554 -0.297909 -0.988732 -0.149369 0.009866 -0.653745 -0.688749 -0.313436 -0.990433 -0.137981 0.001885 -0.992818 -0.117743 -0.021181 -0.986871 -0.161494 0.002424 -0.970357 -0.241591 -0.006423 -0.532927 -0.842876 0.074497 -0.381372 -0.919418 0.096047 -0.958998 -0.283138 -0.012437 -0.539241 -0.838113 0.082372 -0.960554 -0.277764 -0.013503 -0.544356 -0.834429 0.08605 -0.962233 -0.271798 -0.015268 -0.364624 -0.930878 0.022721 -0.520779 -0.853093 0.031953 -0.521516 -0.852233 0.041484 -0.522854 -0.85095 0.050079 -0.955611 -0.29463 -0.001028 -0.524622 -0.849375 0.057731 -0.95605 -0.293193 -0.002604 -0.526673 -0.847624 0.06441 -0.529414 -0.845477 0.069929 -0.95712 -0.288473 0.026554 -0.526611 -0.849693 -0.026513 -0.956461 -0.290865 0.024072 -0.524633 -0.851179 -0.015936 -0.955973 -0.292571 0.022744 -0.961766 -0.272736 0.024914 -0.435608 -0.871365 -0.225764 -0.458909 -0.845274 -0.273706 -0.992036 -0.124908 0.016213 -0.985648 -0.168814 0.000433 -0.983536 -0.18069 -0.002877 -0.960646 -0.277759 -0.003106 -0.962025 -0.272919 -0.004787 -0.963202 -0.268686 -0.007 -0.964204 -0.265043 -0.007971 -0.966667 -0.255913 -0.007998 -0.958611 -0.284717 0.000893 -0.958343 -0.2851 0.017208 -0.959245 -0.281782 0.021159 -0.959751 -0.280245 0.018461 -0.960578 -0.277171 0.021565 -0.972582 -0.231333 0.023871 -0.970694 -0.239259 0.022541 -0.986329 -0.164781 0.001438 -0.988184 -0.15322 -0.003944 -0.989962 -0.141015 -0.009456 -0.991485 -0.129308 -0.015405 -0.991848 -0.115664 -0.053479 0.816474 -0.576942 0.022529 0.816162 -0.576328 0.041537 0.815116 -0.576226 0.059571 0.813101 -0.577091 0.076375 0.683024 -0.723589 0.099482 0.809341 -0.578431 0.101904 0.806445 -0.580466 0.112719 0.803695 -0.58245 0.121764 0.671576 -0.727306 0.14146 0.798477 -0.586354 0.136468 0.792613 -0.592434 0.144177 0.78724 -0.598265 0.149439 0.647871 -0.743367 0.16634 0.775718 -0.61205 0.153805 0.769568 -0.619965 0.153 0.76333 -0.628189 0.150685 0.618669 -0.769175 0.160057 0.752749 -0.642547 0.143187 0.747133 -0.650152 0.138182 0.741034 -0.658225 0.132697 0.590481 -0.794857 0.139765 0.728183 -0.674275 0.122895 0.72477 -0.67911 0.116268 0.5737 -0.809377 0.12561 0.717502 -0.688068 0.108412 0.805033 -0.586107 0.091652 0.707038 -0.699909 0.101115 0.552583 -0.825419 0.115483 0.816696 -0.577059 0.003104 0.816079 -0.57775 -0.014821 0.815052 -0.578528 -0.031557 0.813469 -0.579478 -0.049734 0.683528 -0.72671 -0.068428 0.809579 -0.580639 -0.086252 0.806787 -0.581246 -0.106055 0.803319 -0.582001 -0.126306 0.670144 -0.726153 -0.153648 0.79568 -0.582587 -0.165788 0.790905 -0.583684 -0.183799 0.656476 -0.724249 -0.210956 0.783444 -0.583944 -0.212661 0.779776 -0.584398 -0.224563 0.774481 -0.585065 -0.240579 0.639361 -0.720228 -0.269236 0.766812 -0.583725 -0.266955 0.628307 -0.716882 -0.302175 0.755876 -0.583171 -0.297595 0.749255 -0.585347 -0.309815 0.60646 -0.711917 -0.354091 0.736603 -0.584857 -0.339645 0.728875 -0.5845 -0.356511 0.72181 -0.584893 -0.369987 0.576899 -0.702877 -0.416115 0.710012 -0.583493 -0.394232 0.70174 -0.58769 -0.402717 0.552233 -0.697605 -0.456493 0.689534 -0.588559 -0.422067 0.681504 -0.589155 -0.434107 0.876228 -0.457262 -0.152107 0.9997 -0.022835 0.008802 -0.994823 -0.099837 -0.018988 -0.99368 -0.090895 -0.065871 0.994011 -0.007164 -0.109044 -0.99082 -0.135095 -0.005093 -0.993614 -0.112016 -0.013529 0.991599 0.033132 -0.125033 0.990699 0.045593 -0.12821 0.989527 0.093634 -0.109861 0.988048 0.104506 -0.113314 -0.969747 -0.243315 0.019738 -0.97316 -0.229376 0.018612 0.988504 0.126378 -0.082999 0.987981 0.135412 -0.074542 0.987587 0.142501 -0.066073 0.987502 0.147275 -0.056131 -0.966202 -0.25725 0.016595 0.98724 0.151288 -0.049697 0.987539 0.1525 -0.038877 0.987676 0.154649 0.024074 0.988361 0.149035 0.030531 0.988837 0.144791 0.035167 0.990226 0.131604 0.046185 0.989452 0.1393 0.039745 0.992959 0.107016 0.050797 0.991714 0.119735 0.046552 0.996287 0.071236 0.048353 0.995365 0.08252 0.049382 -0.990365 -0.138457 0.002482 -0.987219 -0.159365 -0.000922 0.998683 0.034796 0.037706 0.998013 0.047291 0.041626 -0.993768 -0.111155 0.008301 -0.995097 -0.098074 0.012789 -0.99559 -0.093111 0.011453 -0.995833 -0.089852 0.015595 0.999898 -0.006075 0.012886 0.999862 -0.005274 0.015775 -0.996656 -0.079483 0.018953 0.999226 -0.038685 0.007092 0.99967 -0.024835 0.006628 0.999157 0.039773 0.010193 0.987307 0.157698 0.018878 0.92742 0.372205 0.036818 -0.368004 0.925991 0.084345 -0.63697 0.767643 0.070662 -0.814514 0.57759 0.054371 -0.909638 0.413301 0.041726 -0.955323 0.293697 0.033174 -0.981735 0.188354 0.026816 -0.995685 0.090067 0.022341 -0.999805 -0.000753 0.019755 0.996334 -0.02198 -0.082676 0.998833 -0.027245 -0.03988 0.999138 -0.036103 -0.020493 0.998471 -0.027527 -0.047936 0.999356 -0.021906 -0.028419 0.999295 0.006125 -0.037033 0.999693 0.005699 -0.024099 0.997738 0.05932 -0.031631 0.996127 0.084299 -0.024993 0.988792 0.146081 -0.030829 0.988007 0.152341 -0.025167 0.962079 0.270592 -0.034402 0.935629 0.351763 -0.029333 0.879736 0.473336 -0.044906 0.830434 0.555315 -0.044769 0.696122 0.715386 -0.060305 0.651879 0.756059 -0.058554 -0.973809 0.226254 -0.022453 -0.972021 0.233512 -0.025432 -0.960088 0.279321 -0.014538 -0.996879 0.076463 -0.019623 -0.992271 0.112366 -0.052661 -0.994919 0.073662 -0.068624 -0.997131 0.037803 -0.065575 -0.999815 0.001492 -0.019203 -0.99748 -0.007477 -0.070556 -0.998241 -0.056202 -0.018892 -0.996049 -0.053051 -0.071216 0.995438 -0.005233 -0.095269 0.998024 -0.013185 -0.061441 0.997551 -0.031015 -0.06269 0.999091 -0.000464 -0.042621 0.998624 0.039441 -0.034552 0.994165 0.103298 -0.031072 0.9794 0.199415 -0.031784 0.936613 0.348332 -0.037693 0.821649 0.567812 -0.049832 0.564598 0.822766 -0.065457 0.343783 0.936112 -0.074218 0.132911 0.988252 -0.075452 -0.116666 0.990153 -0.077363 -0.306874 0.949041 -0.071756 -0.498387 0.864341 -0.067265 -0.601325 0.796644 -0.061365 -0.946108 0.322482 -0.029745 -0.91153 0.409621 -0.036372 -0.944616 0.326858 -0.029395 -0.969033 0.245743 -0.024187 -0.984692 0.173138 -0.020099 -0.987019 0.159173 -0.021382 -0.994329 0.105019 -0.016757 -0.999055 0.040836 -0.01489 0.994086 0.0204 -0.106664 0.99702 0.006652 -0.07685 0.998413 0.003058 -0.056236 0.998913 0.005565 -0.046291 0.998701 0.035372 -0.036682 0.99557 0.088663 -0.031278 0.98534 0.167889 -0.030315 0.957503 0.28649 -0.033343 0.885205 0.463305 -0.041945 0.715843 0.696074 -0.055225 0.37356 0.925038 -0.068984 -0.090106 0.993306 -0.072283 -0.467768 0.881522 -0.064131 -0.687421 0.724294 -0.053395 -0.755257 0.653396 -0.051577 -0.811738 0.582371 -0.043869 -0.85449 0.517786 -0.041756 -0.925499 0.377546 -0.030183 -0.906392 0.420964 -0.035242 -0.960744 0.276532 -0.022391 -0.979663 0.19991 -0.017209 -0.991312 0.130884 -0.013035 -0.997743 0.066408 -0.009964 -0.999953 0.005413 -0.008054 -0.999705 -0.018543 -0.015672 -0.998616 -0.052069 -0.007367 -0.997829 -0.063785 -0.016384 -0.995013 -0.099561 -0.006041 0.990848 0.056777 -0.122463 0.993045 0.036744 -0.111851 0.993903 0.042539 -0.101717 0.995413 0.022264 -0.093049 0.996282 0.033087 -0.079549 0.997388 0.015996 -0.070433 0.997857 0.026579 -0.059785 0.998557 0.019451 -0.05005 0.991573 0.063489 -0.112928 0.994849 0.048619 -0.088943 0.996845 0.041535 -0.067637 0.997972 0.040765 -0.048891 0.99837 0.034182 -0.045697 0.997408 0.061258 -0.037743 0.997628 0.056957 -0.038651 0.994052 0.104162 -0.03178 0.993764 0.106488 -0.033075 0.985363 0.167927 -0.029314 0.983049 0.180658 -0.031268 0.965235 0.259641 -0.030134 0.956686 0.289198 -0.03342 0.918905 0.392922 -0.035016 0.892483 0.449283 -0.040229 0.817608 0.574116 -0.043678 0.747257 0.662551 -0.051315 0.594245 0.80234 -0.055877 0.446467 0.892483 -0.064346 0.184203 0.980711 -0.065386 -0.010767 0.997509 -0.069705 -0.27162 0.960337 -0.063054 -0.421768 0.904528 -0.062784 -0.588537 0.806732 -0.05299 -0.670401 0.740188 -0.051813 -0.76044 0.647983 -0.043005 -0.804331 0.592661 -0.042482 -0.85682 0.514458 -0.034537 -0.883678 0.466846 -0.034186 -0.914989 0.402575 -0.026996 -0.935733 0.351721 -0.026378 -0.98457 -0.174718 0.009792 0.993691 0.061746 -0.093626 0.992509 0.077043 -0.094817 0.995031 0.066765 -0.073857 0.995981 0.053678 -0.071701 0.99681 0.059124 -0.053619 0.997359 0.051369 -0.05134 0.996912 0.066157 -0.042292 0.996895 0.067915 -0.039848 0.994493 0.099426 -0.033128 0.993628 0.107645 -0.033399 0.987928 0.152298 -0.028349 0.985474 0.167129 -0.030156 0.973023 0.229058 -0.027545 0.966959 0.253089 -0.030609 0.942212 0.333635 -0.030386 0.926409 0.37494 -0.034458 0.880945 0.471861 -0.035815 0.840261 0.540573 -0.04174 0.747745 0.66247 -0.044849 0.651619 0.756696 -0.052957 0.456279 0.888053 -0.056316 0.281502 0.95745 -0.063607 0.003392 0.998109 -0.061379 -0.18694 0.980303 -0.063722 -0.416206 0.907592 -0.055213 -0.542162 0.838512 -0.054385 -0.675474 0.736015 -0.044901 -0.739653 0.671549 -0.043999 -0.809956 0.585387 -0.03596 -0.844498 0.534367 -0.035703 -0.886501 0.461849 -0.028472 -0.90798 0.418056 -0.028309 -0.933719 0.357352 -0.021612 -0.946185 0.322877 -0.022024 -0.961866 0.273052 -0.015984 -0.971794 0.235292 -0.015944 0.990747 0.09163 -0.100122 0.993547 0.078656 -0.08172 0.996012 0.070089 -0.055212 0.996105 0.079385 -0.038381 0.988438 0.110654 -0.103661 0.991546 0.096132 -0.087147 0.994084 0.084876 -0.067772 0.99573 0.079814 -0.046391 0.99523 0.090901 -0.035414 0.993646 0.107731 -0.032582 0.991893 0.123522 -0.029856 0.98849 0.148355 -0.029651 0.984368 0.173982 -0.027396 0.973445 0.227198 -0.028016 0.989031 0.113799 -0.094167 0.992301 0.096863 -0.07718 0.994467 0.088555 -0.056514 0.995541 0.085244 -0.040389 0.994399 0.100421 -0.032955 0.990172 0.137051 -0.027867 0.981065 0.191975 -0.025622 0.970362 0.240092 -0.027461 0.962559 0.269805 -0.026169 0.944606 0.326914 -0.029108 0.924649 0.379727 -0.028846 0.889935 0.454832 -0.033829 0.848475 0.528083 -0.03492 0.776012 0.629336 -0.041728 0.684 0.728146 -0.044123 0.524813 0.849593 -0.052569 0.346531 0.936495 -0.053793 0.096343 0.99359 -0.059131 -0.122897 0.990866 -0.055509 -0.351075 0.934738 -0.054872 -0.510067 0.858804 -0.047833 -0.645649 0.762318 -0.044812 -0.731097 0.681219 -0.037925 -0.798703 0.600678 -0.035475 -0.843267 0.536652 -0.030093 -0.880485 0.473214 -0.028552 -0.90633 0.421897 -0.02387 -0.930859 0.364716 -0.021992 -0.94613 0.323302 -0.017711 -0.961354 0.274829 -0.016341 -0.970483 0.240841 -0.012588 -0.979311 0.202031 -0.011558 -0.985021 0.172245 -0.008076 -0.991626 0.128967 -0.006754 0.990788 0.107213 -0.082734 0.988147 0.122123 -0.093012 0.99315 0.096712 -0.065578 0.994691 0.091018 -0.048016 0.995162 0.091551 -0.035646 0.993053 0.114083 -0.028814 0.98733 0.156689 -0.025076 0.975457 0.21888 -0.023972 0.95103 0.308055 -0.025395 0.90016 0.43457 -0.029349 0.796838 0.603094 -0.036432 0.57256 0.818567 -0.046076 0.162229 0.985303 -0.053474 -0.29927 0.952808 -0.05093 -0.617908 0.785139 -0.041802 -0.787044 0.616019 -0.032905 -0.873425 0.486265 -0.025965 -0.924482 0.380695 -0.020099 -0.957331 0.288629 -0.014492 -0.977312 0.211582 -0.009703 -0.989272 0.145989 -0.005375 -0.993513 0.113562 -0.00601 -0.996192 0.087174 -0.001396 -0.998525 0.054234 -0.00252 0.9918 0.109389 -0.066088 0.993486 0.101641 -0.051529 0.994535 0.09738 -0.037655 0.993347 0.111272 -0.02968 0.988839 0.146775 -0.025589 0.979347 0.200817 -0.023482 0.960227 0.278185 -0.02401 0.922385 0.385327 -0.026994 0.847447 0.529907 -0.03213 0.68796 0.72462 -0.040457 0.36035 0.931497 -0.049612 -0.109308 0.992663 -0.051696 -0.504126 0.862477 -0.044603 -0.731407 0.681028 -0.035276 -0.845902 0.53262 -0.02768 -0.908267 0.417826 -0.021742 -0.947695 0.31876 -0.016295 -0.97203 0.234579 -0.011412 -0.994615 0.103591 -0.003271 -0.986288 0.164879 -0.007146 -0.998874 0.047433 0.000303 -0.999979 -0.005387 0.003603 -0.999443 0.033356 0.000198 -0.999904 -0.013718 0.002044 -0.998373 -0.056658 0.006497 -0.997435 -0.071286 0.00638 -0.994267 -0.106508 0.009424 -0.990915 -0.134121 0.009971 0.990707 0.119994 -0.064031 0.992556 0.110839 -0.050474 0.993849 0.104502 -0.036657 0.993572 0.109614 -0.028271 0.990286 0.137086 -0.023244 0.982802 0.183453 -0.021087 0.96755 0.251818 -0.020842 0.939004 0.343122 -0.023201 0.886652 0.461647 -0.027011 0.778463 0.626798 -0.033463 0.540499 0.840279 -0.042335 0.119481 0.991652 -0.048493 -0.334323 0.941362 -0.045454 -0.64066 0.76694 -0.036844 -0.801733 0.596994 -0.028686 -0.883585 0.467736 -0.022387 -0.931795 0.362582 -0.017074 -0.962506 0.270997 -0.011944 -0.980933 0.194197 -0.00757 -0.991666 0.128783 -0.003652 -0.997544 0.070049 -0.000048 -0.999874 0.015545 0.003306 -0.99933 -0.036032 0.006381 -0.996326 -0.085146 0.009172 -0.991168 -0.132101 0.01167 -0.988329 -0.151963 0.010599 -0.984459 -0.175065 0.013863 -0.982306 -0.186885 0.012227 -0.977185 -0.211731 0.016728 0.993156 0.113711 -0.026645 0.990205 0.137911 -0.021801 0.98279 0.183679 -0.019635 0.989983 0.132391 -0.049045 0.989345 0.138749 -0.044114 0.990186 0.136045 -0.031976 0.99123 0.127292 -0.0355 0.991551 0.127098 -0.025935 0.99218 0.121501 -0.028555 0.99213 0.123804 -0.018743 0.992373 0.121508 -0.020754 0.990047 0.139984 -0.014538 0.989435 0.143867 -0.017901 0.983955 0.177903 -0.013506 0.982083 0.187702 -0.016781 0.972017 0.234501 -0.013856 0.967238 0.253285 -0.017235 0.949043 0.31477 -0.015387 0.939868 0.341026 -0.018696 0.905038 0.424929 -0.018471 0.890751 0.453941 -0.022346 0.820497 0.571163 -0.023611 0.793333 0.608151 -0.027834 0.647998 0.761013 -0.030937 0.580513 0.813469 -0.035669 0.310645 0.949778 -0.037691 0.187049 0.981451 -0.042023 -0.160931 0.986204 -0.038758 -0.279032 0.959422 -0.040629 -0.542797 0.839223 -0.032807 -0.613005 0.789372 -0.0334 -0.756932 0.652992 -0.025589 -0.791627 0.610459 -0.025827 -0.863447 0.504056 -0.019669 -0.880648 0.473346 -0.020039 -0.921968 0.38698 -0.014876 -0.930843 0.365097 -0.015363 -0.957899 0.286896 -0.010927 -0.962559 0.270836 -0.011322 -0.979031 0.203579 -0.00735 -0.981535 0.191133 -0.007633 -0.990921 0.134377 -0.004275 -0.992261 0.124092 -0.004398 -0.997303 0.073381 -0.001481 -0.997928 0.06433 -0.00145 -0.999848 0.017388 0.001099 -0.999957 0.009153 0.001285 -0.999335 -0.036217 0.00426 -0.999077 -0.042792 0.003823 -0.996183 -0.087048 0.006436 -0.995718 -0.092233 0.00617 -0.990859 -0.134632 0.008517 -0.990187 -0.139498 0.00832 -0.983715 -0.179437 0.010342 -0.983009 -0.18326 0.010414 -0.975694 -0.218787 0.012423 -0.97521 -0.220926 0.012518 -0.967934 -0.250786 0.014513 -0.005752 0.999281 -0.037478 -0.436764 0.898946 -0.033653 -0.702995 0.7107 -0.026519 -0.836938 0.546914 -0.020471 -0.907318 0.420142 -0.015978 -0.949811 0.3126 -0.011865 -0.974678 0.223459 -0.008283 -0.988512 0.151051 -0.005286 -0.996104 0.088142 -0.002647 -0.999556 0.029806 0.000466 0.987275 0.157068 -0.024842 0.987413 0.155132 -0.030809 0.989446 0.143071 -0.022986 0.989646 0.140835 -0.02769 0.990905 0.132915 -0.020991 0.991229 0.130533 -0.020661 0.991697 0.127601 -0.015969 0.991904 0.126042 -0.015498 0.991547 0.129238 -0.011468 0.990387 0.137615 -0.013954 0.988016 0.153992 -0.01053 0.984923 0.172501 -0.013039 0.979815 0.199618 -0.01078 0.974017 0.226081 -0.013365 0.963814 0.266302 -0.012103 0.95327 0.301734 -0.01524 0.934445 0.355812 -0.014482 0.913738 0.405889 -0.018371 0.880954 0.472859 -0.018026 0.837734 0.545611 -0.022571 0.774396 0.632277 -0.023167 0.69456 0.718884 -0.028154 0.560537 0.827597 -0.029681 0.42649 0.903835 -0.034478 0.181206 0.982828 -0.034822 -0.286718 0.957422 -0.033712 -0.620547 0.783685 -0.027544 -0.796816 0.60385 -0.021226 -0.884299 0.466632 -0.016394 -0.934591 0.355507 -0.012403 -0.965562 0.260023 -0.008877 -0.983431 0.181185 -0.005895 -0.993406 0.114599 -0.003318 -0.998665 0.051651 -0.00047 -0.999928 -0.011875 0.001805 -0.99961 -0.0278 0.002608 -0.997214 -0.074511 0.00355 0.989437 0.144746 -0.007907 0.991544 0.129194 -0.01225 0.983151 0.182616 -0.008156 0.970935 0.23916 -0.009318 0.947537 0.319452 -0.011144 0.903074 0.429253 -0.01413 0.817793 0.575201 -0.018935 0.660706 0.750238 -0.024712 0.377519 0.925508 -0.030248 -0.063387 0.997481 -0.031831 -0.476358 0.87881 -0.027857 -0.72365 0.689822 -0.021843 -0.847653 0.530288 -0.016736 -0.914499 0.404405 -0.012189 -0.954478 0.298153 -0.008707 -0.977385 0.211389 -0.005814 -0.990093 0.140372 -0.003357 -0.997205 0.074718 -0.000608 -0.999965 0.008184 0.001824 -0.998374 -0.056849 0.004186 -0.993006 -0.117896 0.00638 -0.991285 -0.131581 0.006434 -0.9847 -0.174051 0.008494 0.987549 0.156708 0.013808 0.987178 0.159497 0.006381 0.989054 0.147493 0.004168 0.989912 0.141207 0.011627 0.990904 0.134537 0.002826 0.991372 0.130843 0.007807 0.991537 0.129818 0.000743 0.991905 0.126884 0.00507 0.347165 0.937583 -0.020359 0.047444 0.998538 -0.025882 -0.164605 0.986124 -0.02153 -0.397082 0.917473 -0.023852 -0.546142 0.837491 -0.018361 -0.682955 0.730212 -0.019029 -0.759534 0.650312 -0.014222 -0.827725 0.560944 -0.014598 -0.865426 0.500915 -0.011003 -0.903018 0.429452 -0.011332 -0.923463 0.383593 -0.008555 -0.947867 0.318555 -0.008478 -0.958997 0.283344 -0.006359 -0.973822 0.227227 -0.006199 -0.979812 0.199865 -0.004674 -0.98811 0.153687 -0.004392 -0.991413 0.130727 -0.003344 -0.996708 0.081029 -0.002783 -0.998748 -0.050029 0.000011 -0.993981 -0.109545 0.001378 -0.996316 -0.085762 0.00052 -0.990781 -0.135467 0.001474 -0.9853 -0.17081 0.002905 0.991359 0.130406 0.014195 0.990122 0.138691 0.020561 0.992252 0.123793 0.010569 0.991851 0.12725 0.006184 0.990286 0.139031 0.00187 0.988173 0.153298 0.00379 0.984754 0.173955 -0.000289 0.979633 0.200792 0.00134 0.973776 0.227494 -0.002477 0.962816 0.270157 -0.001117 0.952947 0.303096 -0.004992 0.932603 0.360884 -0.003897 0.913203 0.407428 -0.007943 0.878041 0.478541 -0.006564 0.837115 0.54691 -0.011305 0.766788 0.641823 -0.009997 0.678328 0.734588 -0.0159 0.524818 0.851098 -0.014126 0.100745 0.994766 -0.017067 -0.352402 0.935707 -0.016292 -0.655521 0.755063 -0.013163 -0.813219 0.581869 -0.010169 -0.892403 0.451169 -0.007913 -0.93856 0.345062 -0.006172 -0.96754 0.252676 -0.004656 -0.984455 0.175603 -0.003565 -0.993924 0.110033 -0.002698 -0.997324 0.073054 -0.002731 -0.998688 0.051178 -0.001961 -0.999763 0.021676 -0.001991 -0.999994 -0.00336 -0.001281 -0.999438 -0.033505 -0.000647 -0.99849 -0.054927 -0.000607 -0.994579 -0.103984 0.000074 -0.988564 -0.150801 0.000783 -0.98389 -0.178762 0.001961 -0.981067 -0.193663 0.001359 -0.976497 -0.215515 0.002507 -0.973138 -0.230219 0.001492 -0.966572 -0.25637 0.003615 -0.964677 -0.263429 0.001656 0.990635 0.134017 0.026109 0.991076 0.129913 0.029853 0.991747 0.124272 0.031535 0.994242 0.105242 0.020167 0.993546 0.112553 0.01409 0.993736 0.110835 0.014311 0.990952 0.133829 0.010163 0.989971 0.1409 0.010199 0.984268 0.176556 0.006649 0.981624 0.190691 0.007234 0.97041 0.241431 0.00393 0.964473 0.264136 0.004796 0.944313 0.329044 0.001577 0.931733 0.363131 0.003072 0.898067 0.439859 -0.000505 0.870392 0.492358 0.001393 0.806218 0.591613 -0.002689 0.741785 0.670638 -0.000119 0.604623 0.796495 -0.00518 0.464165 0.885747 -0.001697 0.222462 0.974914 -0.007364 0.01508 0.999883 -0.002672 -0.247397 0.968883 -0.00776 -0.418157 0.908371 -0.002662 -0.593519 0.804793 -0.006546 -0.688217 0.725502 -0.002174 -0.780282 0.625407 -0.005096 -0.825467 0.564447 -0.001641 -0.873588 0.48665 -0.00395 -0.898473 0.439026 -0.001222 -0.92622 0.376971 -0.003156 -0.943131 0.332418 -0.001077 -0.959442 0.281893 -0.002795 -0.969835 0.24376 -0.00114 -0.979428 0.20178 -0.002488 -0.985153 0.171674 -0.001338 -0.99091 0.134504 -0.002372 -0.994185 0.107679 -0.001534 -0.997209 0.074619 -0.002334 -0.998827 0.048378 -0.001922 -0.99981 0.019352 -0.00231 -0.99998 -0.005856 -0.00234 -0.999461 -0.032748 -0.002261 -0.998406 -0.056386 -0.002501 -0.996602 -0.082343 -0.002148 -0.994724 -0.102554 -0.002598 -0.991685 -0.128674 -0.001968 -0.989441 -0.144914 -0.002561 -0.985103 -0.171957 -0.001523 -0.982986 -0.183663 -0.002711 -0.977204 -0.212292 -0.001995 -0.968921 -0.24733 -0.00456 0.992234 0.118299 0.038436 0.993709 0.105117 0.038624 0.995192 0.096148 0.018685 0.993918 0.109108 0.014948 0.989287 0.145549 0.011244 0.979627 0.200651 0.008402 0.96009 0.279616 0.006486 0.921186 0.389087 0.005181 0.843505 0.537105 0.004291 0.677277 0.735718 0.003724 0.337591 0.941287 0.003392 -0.13308 0.991101 0.002962 -0.519193 0.854654 0.002383 -0.738458 0.674297 0.001937 -0.849042 0.528323 0.001528 -0.911975 0.410245 0.001137 -0.950756 0.30994 0.000527 -0.973672 0.227953 -0.000058 -0.987808 0.155678 -0.00051 -0.996296 0.085987 -0.001216 -0.99975 0.022265 -0.001843 -0.999444 -0.033273 -0.00232 -0.996539 -0.083077 -0.002742 0.996118 0.085809 0.019621 0.994053 0.107966 0.014228 0.988334 0.151892 0.011206 0.976504 0.215303 0.009229 0.951769 0.30671 0.008077 0.899482 0.436889 0.007731 0.792297 0.610082 0.008062 0.559224 0.828967 0.009016 0.141091 0.98995 0.009593 -0.314078 0.949357 0.008734 -0.624315 0.78114 0.007145 -0.78889 0.614508 0.005665 -0.877511 0.479534 0.004569 -0.930485 0.366314 0.003364 -0.96189 0.273427 0.002434 -0.979523 0.201325 0.001385 -0.991143 0.1328 0.000351 -0.998087 0.061825 -0.000721 -0.999995 -0.002609 -0.001523 -0.979505 0.201407 0.002464 -0.992936 0.118646 0.000698 -0.998749 0.049999 -0.00071 -0.999899 -0.014055 -0.001862 -0.99817 -0.060428 -0.002283 -0.997287 -0.073574 -0.00248 -0.993769 -0.111422 -0.002788 -0.991776 -0.127951 -0.002893 -0.987807 -0.155647 -0.003241 -0.985097 -0.171959 -0.003685 -0.981634 -0.190729 -0.004039 -0.977206 -0.212219 -0.005545 -0.975247 -0.221066 -0.00476 0.996479 0.07252 0.042076 0.994438 0.092601 0.050177 0.995555 0.083916 0.04275 0.997388 0.063646 0.034139 0.996498 0.076543 0.033648 0.997926 0.059434 0.024719 0.996802 0.07514 0.027192 0.99731 0.069916 0.022017 0.99774 0.064752 0.017968 0.995999 0.087829 0.016508 0.995059 0.098248 0.014346 0.99166 0.128221 0.013025 0.987711 0.155808 0.012302 0.981818 0.189509 0.010974 0.970598 0.240423 0.011661 0.960791 0.277093 0.010032 0.933691 0.357864 0.012458 0.916084 0.400857 0.010136 0.856299 0.516276 0.014553 0.822766 0.568266 0.011425 0.688941 0.724593 0.018048 0.620583 0.784023 0.013585 0.346587 0.937766 0.021708 0.23583 0.971671 0.015462 -0.12064 0.992448 0.022196 -0.231139 0.972807 0.014874 -0.501372 0.865019 0.019182 -0.573332 0.819229 0.012418 -0.720094 0.693704 0.015489 -0.760518 0.64924 0.009968 -0.83812 0.545344 0.012412 -0.860811 0.508863 0.00794 -0.906866 0.421308 0.009668 -0.920207 0.391385 0.006025 -0.947818 0.318727 0.007351 -0.956213 0.292638 0.004348 -0.973236 0.229752 0.005106 -0.988525 0.151024 0.003111 -0.996728 0.080823 0.001368 -0.999877 0.015712 -0.000077 -0.998953 -0.045731 -0.001189 -0.99464 -0.103376 -0.001976 -0.988404 -0.151819 -0.002869 -0.981589 -0.19097 -0.003694 0.99731 0.060542 0.04133 0.998643 0.048555 0.01883 0.996908 0.077114 0.01506 0.991425 0.130026 0.013065 0.977992 0.208258 0.012694 0.946128 0.323487 0.014081 0.871646 0.48983 0.017324 0.997995 0.049592 0.039314 0.99725 0.05892 0.044947 0.998792 0.038698 0.030296 0.998124 0.05146 0.033181 0.999059 0.036352 0.023639 0.998344 0.043329 0.037839 0.999119 0.027594 0.031612 0.999577 0.020745 0.020365 0.999232 0.034256 0.019016 0.999236 0.036172 0.014808 0.998066 0.060364 0.014858 0.996474 0.082867 0.013126 0.993571 0.112446 0.013164 0.986948 0.160469 0.013558 0.981489 0.191053 0.013377 0.960436 0.278024 0.016279 0.9991 0.027841 0.032011 0.999654 0.012794 0.022994 0.999836 0.007171 0.016645 0.999807 0.012954 0.014775 0.998695 0.049459 0.012701 0.993297 0.114856 0.013001 0.976376 0.215504 0.015752 0.929553 0.368058 0.021547 0.894153 0.447233 0.021736 0.810255 0.585265 0.030858 0.740929 0.670922 0.029812 0.547893 0.835493 0.04201 0.429161 0.902409 0.038452 0.112457 0.992452 0.048912 -0.029536 0.998691 0.041749 -0.327175 0.943829 0.046302 -0.433156 0.900537 0.037542 -0.622513 0.781657 0.038588 -0.678856 0.733617 0.030977 -0.93426 0.356097 0.018772 -0.959732 0.280609 0.013138 -0.966717 0.255431 0.014605 -0.97986 0.199431 0.010065 -0.985195 0.171074 0.011139 -0.991941 0.12649 0.007365 -0.995644 0.092861 0.008322 -0.998244 0.059005 0.005191 -0.999739 0.021994 0.006224 -0.999987 -0.003631 0.003468 -0.999154 -0.040848 0.004849 -0.998088 -0.061762 0.002361 -0.99564 -0.093203 0.003775 -0.993772 -0.111427 0.001396 0.99943 0.017451 0.028905 0.99973 0.003044 0.023028 0.999876 -0.00206 0.015592 0.999788 0.016741 0.011955 0.997451 0.070334 0.012006 0.987164 0.159036 0.014683 0.954894 0.296233 0.020579 0.868333 0.495051 0.030382 0.663926 0.746537 0.043423 0.282003 0.957865 0.054484 -0.182885 0.98157 0.055439 -0.532631 0.844983 0.048038 -0.73642 0.675409 0.038849 -0.789029 0.613583 0.030791 -0.850846 0.524498 0.031025 -0.880101 0.474165 0.024295 -0.915756 0.400981 0.024597 -0.953715 0.300074 0.019602 -0.977548 0.210152 0.015354 -0.991769 0.127483 0.011909 -0.998647 0.051162 0.009293 -0.999784 -0.019355 0.007576 -0.991755 -0.128061 0.00474 0.999908 -0.007368 0.01138 0.99935 0.034348 0.010925 0.994041 0.108205 0.013164 0.974731 0.222605 0.018587 0.916522 0.398978 0.028349 0.761947 0.646215 0.042917 0.438455 0.896887 0.057883 -0.0229 0.997702 0.063769 -0.43496 0.898612 0.057492 0.999824 -0.000075 0.018777 0.999697 0.006901 0.023608 0.999766 -0.01443 0.016135 0.999791 -0.006438 0.019388 0.999737 -0.019806 0.011526 0.999813 -0.012394 0.014829 0.999946 -0.003812 0.009616 0.998443 0.054667 0.011112 0.987974 0.153798 0.015939 0.950753 0.308924 0.025184 0.843303 0.535965 0.039754 0.592664 0.803392 0.057546 0.171235 0.982774 0.069521 -0.276186 0.958714 0.067743 -0.598451 0.799134 0.056933 -0.694188 0.718289 0.046521 -0.781531 0.622231 0.045141 -0.831463 0.554371 0.036638 -0.880042 0.473562 0.035564 -0.905376 0.423611 0.029115 -0.934946 0.353663 0.028248 -0.947514 0.318865 0.023288 -0.966465 0.2558 0.022609 -0.973534 0.227787 0.018574 -0.985322 0.169708 0.018411 -0.989383 0.144576 0.014813 -0.995829 0.089973 0.015112 -0.997623 0.067865 0.011969 -0.9998 0.015278 0.012904 -0.999942 -0.004006 0.010014 -0.998471 -0.05413 0.011163 -0.997964 -0.06315 0.008972 0.999623 -0.025695 0.009702 0.999946 0.005403 0.008839 0.996775 0.079312 0.012199 0.979028 0.202767 0.019748 0.915969 0.39987 0.033246 0.745237 0.664754 0.052198 0.401399 0.913212 0.070168 -0.059819 0.995309 0.076036 -0.454569 0.88811 0.068022 -0.703433 0.708631 0.054997 -0.835874 0.547188 0.0436 -0.908371 0.416715 0.034792 -0.951188 0.307332 0.028089 -0.976968 0.212157 0.022852 -0.992203 0.123203 0.018831 -0.999118 0.038868 0.015913 -0.999055 -0.041214 0.013809 0.999678 -0.02264 0.011478 0.999714 -0.019387 0.013974 0.999442 -0.032224 0.008774 0.999932 -0.00845 0.00807 -0.797496 0.601161 0.051036 -0.884721 0.46429 0.041273 -0.938798 0.342899 0.032827 0.998082 0.060853 0.011392 0.983569 0.179506 0.019207 -0.970851 0.238231 0.026337 -0.989489 0.143022 0.021342 -0.998389 0.053815 0.017992 -0.999546 -0.02542 0.016187 -0.765112 0.64183 -0.051552 -0.858462 0.512175 -0.026817 -0.852481 0.520919 -0.043805 -0.742394 0.667817 -0.05359 -0.68976 0.720828 -0.068102 0.999601 -0.02799 0.003838 0.992902 0.013332 -0.118187 0.990483 0.07881 -0.112838 -0.987928 -0.154863 0.004053 -0.989773 -0.142652 -0.000616 -0.975545 -0.219011 0.018623 -0.977436 -0.210545 0.017023 -0.978255 -0.20679 0.015985 -0.968024 -0.250254 0.01738 -0.969288 -0.245243 0.018376 -0.965646 -0.259713 0.008818 -0.965928 -0.258597 0.01056 -0.966276 -0.25723 0.01198 -0.966772 -0.255293 0.013299 0.987355 0.158522 -0.001149 0.987269 0.158827 -0.008581 0.987222 0.158428 -0.017149 -0.968001 -0.250934 -0.002313 -0.967099 -0.254399 -0.001204 -0.966206 -0.257769 0.000144 -0.965649 -0.259779 0.006034 -0.966615 -0.256135 0.007044 -0.972429 -0.233146 -0.00499 -0.976952 -0.213433 -0.003437 -0.979219 -0.20277 -0.003839 -0.985558 -0.169306 -0.003201 -0.991677 -0.128717 -0.002837 -0.985365 -0.170445 -0.002012 -0.98319 -0.182551 -0.003423 -0.996943 -0.077875 0.006336 0.784706 0.617174 0.057728 0.448852 0.889831 0.082057 0.018257 0.995724 0.090552 0.998893 -0.042263 -0.020675 0.998915 -0.041654 -0.020833 0.999131 0.03525 -0.022259 0.973588 0.226592 -0.027986 0.438492 0.896022 -0.069782 0.141377 0.986864 -0.078174 -0.130225 0.988272 -0.079743 -0.3597 0.929601 -0.080361 -0.563884 0.822764 -0.07137 -0.905157 0.424993 -0.008454 -0.925366 0.379064 0.002845 -0.945242 0.326369 -0.001005 -0.981817 0.18589 -0.038482 -0.987637 0.150043 -0.04539 -0.885286 0.463617 -0.036438 -0.994228 -0.107247 -0.002811 -0.998296 -0.05819 -0.004325 -0.999984 -0.000311 -0.005719 -0.998092 0.061212 -0.00815 -0.991927 0.126271 -0.011658 -0.980416 0.196274 -0.016138 -0.961287 0.274704 -0.021582 -0.931283 0.363228 -0.027872 -0.884574 0.465102 -0.034779 -0.80759 0.588171 -0.043049 -0.677886 0.733279 -0.052647 -0.442904 0.894318 -0.063497 -0.049149 0.996264 -0.071007 0.408319 0.9104 -0.066683 0.729372 0.682033 -0.053357 0.887477 0.459021 -0.041037 0.956516 0.289751 -0.033476 0.983964 0.175687 -0.030816 0.994629 0.098299 -0.032399 0.998191 0.0466 -0.03798 -0.992759 -0.120117 0.00143 -0.997468 -0.071116 -0.00054 -0.99991 -0.013231 -0.002365 -0.99882 0.048295 -0.005192 -0.993505 0.113431 -0.00901 -0.982909 0.183585 -0.013683 -0.964796 0.262296 -0.019232 -0.991215 -0.132163 0.005011 -0.996529 -0.083202 0.002688 -0.999677 -0.025411 0.000441 -0.999343 0.036131 -0.002685 -0.994827 0.101363 -0.006694 -0.98509 0.171656 -0.011517 -0.968711 0.24756 -0.017684 -0.949283 0.31366 -0.021884 -0.986998 0.160441 -0.00965 -0.995927 0.09004 -0.004727 -0.999692 0.024802 -0.000547 -0.99932 -0.036768 0.002766 -0.995506 -0.09455 0.005292 -0.989634 -0.143393 0.007953 -0.982945 -0.183521 0.011813 -0.980919 -0.193887 0.01434 -0.988041 -0.153846 0.01031 -0.994436 -0.105076 0.007435 -0.99887 -0.047293 0.004697 -0.999898 0.014222 0.001177 -0.996831 0.079485 -0.003093 -0.989027 0.147482 -0.008617 -0.979054 0.203237 -0.012152 -0.978952 -0.203445 0.01624 -0.986469 -0.163499 0.012122 -0.993349 -0.114777 0.009102 -0.998351 -0.057066 0.006174 -0.999987 0.004438 0.002555 -0.997561 0.069779 -0.001716 -0.990619 0.136497 -0.00647 -0.979282 0.202198 -0.011056 -0.961746 0.27348 -0.015919 -0.932381 0.360834 -0.021547 -0.883473 0.467636 -0.028142 -0.804018 0.593542 -0.035528 -0.659518 0.750363 -0.044621 -0.382114 0.922489 -0.054805 0.049904 0.996956 -0.059909 0.487855 0.871248 -0.054078 0.759956 0.648546 -0.043069 0.884506 0.465241 -0.034621 0.942334 0.333357 -0.029662 -0.985044 -0.171788 0.013335 -0.992336 -0.123141 0.010227 -0.997828 -0.065471 0.007213 -0.999986 -0.003951 0.003573 -0.998114 0.061388 -0.000716 -0.984073 -0.177211 0.014036 -0.991638 -0.128591 0.010895 -0.997448 -0.070961 0.007819 -0.999947 -0.009452 0.004144 -0.983121 -0.182386 0.014457 0.990324 0.126717 -0.056581 0.992028 0.117637 -0.045184 0.993142 0.111621 -0.034781 -0.976887 -0.213247 0.014757 -0.984322 -0.175948 0.012372 -0.991124 -0.132552 0.010176 -0.996322 -0.085336 0.007779 -0.999341 -0.035928 0.00513 -0.999871 0.015938 0.002213 -0.99748 0.070942 -0.000942 -0.991448 0.130429 -0.004326 -0.980359 0.197056 -0.008027 -0.961077 0.27601 -0.012214 -0.929225 0.369128 -0.016911 -0.879319 0.475726 -0.02197 -0.791685 0.610278 -0.028227 -0.617319 0.785872 -0.036357 -0.291637 0.9555 -0.044355 0.167904 0.984717 -0.046271 0.568206 0.821925 -0.039748 0.789397 0.613083 -0.031331 0.89051 0.454256 -0.025383 0.939978 0.340541 -0.021747 0.967693 0.251345 -0.019911 -0.975784 -0.218287 0.013979 -0.98341 -0.181015 0.011763 -0.990437 -0.137626 0.009691 -0.995873 -0.090454 0.007391 -0.999144 -0.041077 0.004874 -0.99994 0.010741 0.002136 -0.997832 0.0658 -0.000801 -0.992109 0.125315 -0.003964 -0.981365 0.192012 -0.007404 -0.962498 0.271054 -0.011306 -0.931106 0.364411 -0.015718 -0.881784 0.471206 -0.020534 -0.794883 0.606185 -0.026481 -0.621454 0.782704 -0.034204 -0.296546 0.954103 -0.041808 0.162859 0.985683 -0.043666 0.564022 0.824908 -0.03749 0.786229 0.617233 -0.029463 0.888218 0.45881 -0.023699 0.938261 0.345343 -0.020102 0.966408 0.256369 -0.018163 0.981983 0.188116 -0.017932 0.989619 0.142372 -0.019586 0.992629 0.118878 -0.023551 0.992676 0.116898 -0.030475 0.991641 0.122947 -0.03914 -0.975543 -0.219554 0.010626 -0.98367 -0.179761 0.008896 -0.990832 -0.134914 0.007099 -0.996427 -0.084266 0.005713 -0.975236 -0.220951 0.009739 -0.983566 -0.180361 0.008239 0.989377 0.144426 -0.016548 0.991043 0.13287 -0.013384 -0.975381 -0.220325 0.009466 0.989342 0.145323 -0.009164 0.990981 0.133774 -0.007784 0.991442 0.13039 -0.006377 0.989488 0.14449 -0.006004 0.983412 0.181263 -0.006687 0.971734 0.235942 -0.008013 0.949478 0.313669 -0.010161 0.906273 0.422484 -0.013269 0.822686 0.568225 -0.017541 0.671432 0.740718 -0.022696 0.40861 0.912284 -0.027841 -0.007932 0.999505 -0.030449 -0.435382 0.899828 -0.027416 -0.70243 0.711422 -0.021681 -0.837462 0.546242 -0.016639 -0.909333 0.415877 -0.012652 -0.951907 0.306246 -0.009293 -0.976061 0.2174 -0.006544 -0.989391 0.145213 -0.004311 -0.996883 0.078859 -0.002257 -0.999929 0.011887 -0.000137 -0.998569 -0.05345 0.001919 -0.993383 -0.114786 0.003828 -0.985067 -0.172079 0.005616 -0.97539 -0.22037 0.007116 0.989354 0.145503 -0.002776 0.990984 0.133947 -0.002857 0.991434 0.130575 -0.003136 0.989472 0.144676 -0.003634 0.983391 0.18144 -0.004756 0.971697 0.236144 -0.006374 0.949463 0.31376 -0.0086 0.906167 0.422758 -0.011726 0.822581 0.568427 -0.015832 0.671428 0.740781 -0.020683 0.408554 0.912377 -0.025536 -0.008068 0.999574 -0.028036 -0.435578 0.899796 -0.025275 -0.702577 0.711327 -0.019984 -0.837589 0.546084 -0.015353 -0.909443 0.415663 -0.0117 -0.951961 0.3061 -0.008625 -0.976107 0.217205 -0.00615 -0.989411 0.145082 -0.004135 -0.996894 0.078715 -0.002313 -0.999932 0.011683 -0.000482 -0.998561 -0.053613 0.001346 -0.993365 -0.114961 0.003035 -0.985042 -0.172255 0.004631 -0.975364 -0.220522 0.005951 0.989545 0.144219 -0.001334 0.983484 0.180972 -0.002867 0.971818 0.235684 -0.004714 0.94963 0.313295 -0.007033 0.906391 0.42232 -0.010079 0.822891 0.568027 -0.013989 0.663782 0.747708 -0.018074 0.442512 0.896473 -0.022782 -0.999911 0.013305 -0.001234 -0.975477 -0.22005 0.004706 -0.975067 -0.221909 0.000081 -0.98281 -0.184617 -0.000022 -0.989965 -0.141309 -0.000518 -0.995557 -0.094155 -0.001019 -0.998996 -0.044784 -0.00147 -0.999973 0.007118 -0.001901 -0.998065 0.062135 -0.002333 -0.992567 0.121666 -0.002806 -0.982089 0.188388 -0.003403 -0.96354 0.26753 -0.004226 -0.932544 0.361018 -0.00531 -0.883711 0.467984 -0.006745 -0.79739 0.603403 -0.00866 -0.624535 0.780917 -0.011178 -0.300278 0.953756 -0.013535 0.159329 0.987131 -0.013626 0.561187 0.827619 -0.010778 0.784253 0.620399 -0.007191 0.886804 0.462127 -0.004218 0.937144 0.348938 -0.001765 0.965602 0.260023 0.000692 0.981446 0.19171 0.003371 0.989259 0.146039 0.006315 0.992415 0.122548 0.009739 0.992568 0.120747 0.015102 0.991625 0.127612 0.019874 0.992175 0.123033 0.021243 -0.975837 -0.218495 -0.000945 -0.983442 -0.181222 -0.000909 -0.990455 -0.13783 -0.001228 -0.995881 -0.090659 -0.001571 -0.999145 -0.041291 -0.001864 -0.999942 0.010607 -0.002102 -0.997841 0.065634 -0.002324 -0.992138 0.125125 -0.002581 -0.981425 0.191825 -0.002928 -0.962594 0.270926 -0.003476 -0.9313 0.364229 -0.004264 -0.882106 0.471021 -0.005362 -0.795247 0.606247 -0.006854 -0.621812 0.783116 -0.008836 -0.29705 0.954803 -0.010642 0.162751 0.98661 -0.010578 0.564118 0.825654 -0.008128 0.786507 0.617561 -0.005046 0.888439 0.458989 -0.002454 0.938334 0.345729 -0.000235 0.966511 0.256616 0.002145 0.982102 0.188289 0.004872 0.989751 0.14258 0.00801 0.992976 0.117633 0.012706 0.992968 0.11723 0.016484 0.992723 0.117861 0.024699 0.993267 0.114516 0.017514 0.993491 0.110098 0.029209 0.994351 0.101237 0.031887 0.995111 0.095623 0.024684 0.994455 0.096445 0.041934 0.995423 0.089498 0.03352 0.996083 0.084312 0.026628 0.998636 0.045471 0.025648 -0.990512 -0.137416 -0.001836 -0.996073 -0.08853 -0.000891 -0.999528 -0.030738 0.000022 -0.999522 0.030875 0.001323 -0.995371 0.096061 0.00299 -0.986048 0.166388 0.004992 -0.969393 0.245403 0.007351 -0.942212 0.334867 0.010032 -0.898778 0.438214 0.01294 -0.825729 0.563828 0.016409 -0.700736 0.713127 0.020454 -0.470726 0.881922 0.025101 -0.079481 0.996427 0.02857 0.380998 0.924173 0.027282 0.709115 0.704747 0.022079 -0.992178 -0.12483 -0.000396 -0.997115 -0.075899 0.000566 -0.999837 -0.018 0.0016 -0.999047 0.043541 0.00304 -0.994065 0.108673 0.004899 -0.98384 0.178906 0.007166 -0.966173 0.257707 0.009852 -0.937868 0.34675 0.012947 -0.893075 0.449607 0.016413 -0.818432 0.574234 0.020588 -0.69159 0.72184 0.025489 -0.459419 0.887675 0.031093 -0.066806 0.997148 0.0351 0.392721 0.919061 0.03311 0.717895 0.695654 0.026313 0.879781 0.474966 0.019799 0.951645 0.306811 0.015447 -0.930741 0.365318 0.016252 -0.888294 0.458829 0.020219 -0.811202 0.58423 0.025015 0.929046 0.368472 0.033205 0.774325 0.630521 0.053511 0.45229 0.888814 0.073775 0.000008 0.996625 0.082087 -0.398167 0.914207 0.075426 -0.660632 0.748106 0.062474 -0.99876 -0.005547 -0.049478 -0.995017 -0.023144 -0.096976 -0.997888 -0.00328 -0.064871 -0.993403 -0.011099 -0.11414 -0.997711 0.000882 -0.067616 -0.995393 -0.059196 -0.075418 -0.992548 -0.06647 -0.102126 -0.993562 -0.040462 -0.105814 -0.994238 0.01487 -0.106158 -0.993257 -0.002635 -0.115906 -0.996118 0.052119 -0.070933 -0.99387 0.06494 -0.089467 -0.992706 0.095246 -0.07391 -0.991791 0.119358 -0.045873 -0.989632 0.143369 -0.008642 -0.978259 0.207386 0.000945 -0.992528 -0.042047 -0.114542 -0.992953 -0.006148 -0.118352 -0.993167 0.02476 -0.114046 -0.993072 0.055652 -0.103489 -0.991966 0.09057 -0.088322 -0.988616 0.135641 -0.065113 -0.992875 -0.032827 -0.114548 -0.995878 0.089545 -0.014424 -0.998512 0.006266 -0.054163 -0.982461 0.183571 -0.032738 -0.956407 0.291783 0.012156 -0.993706 0.03132 -0.107551 -0.999973 -0.003614 0.006445 -0.99371 -0.1103 0.019357 -0.993007 -0.11452 0.028671 -0.998298 -0.05823 0.003195 -0.99959 -0.012647 -0.025696 -0.911099 -0.412149 0.005569 -0.797695 -0.602933 -0.012443 -0.713033 -0.700621 -0.02672 -0.627342 -0.777759 -0.039139 -0.970491 -0.238995 0.032075 -0.936736 -0.349477 0.019799 -0.90867 -0.416929 0.022129 -0.943987 -0.328275 0.033533 -0.70506 -0.708771 0.023128 -0.752669 -0.657446 0.035407 -0.330487 -0.943767 -0.009061 0.262553 -0.963895 -0.044404 0.283821 -0.957497 -0.051425 -0.161989 -0.984177 -0.071794 -0.145722 -0.987498 -0.060114 -0.104008 -0.993842 -0.038222 -0.487396 -0.872689 0.029306 -0.650392 -0.759041 0.0291 -0.580733 -0.813305 0.035825 -0.442574 -0.896483 0.021142 -0.553533 -0.832658 0.016805 -0.299225 -0.954132 0.009824 -0.218591 -0.975814 -0.002172 -0.445496 -0.895276 0.003841 -0.117401 -0.992928 -0.017626 -0.000363 -0.999716 -0.023822 -0.217196 -0.975847 -0.02342 0.458444 -0.886104 -0.068185 0.722165 -0.686432 -0.085374 -0.289491 -0.955507 -0.05657 -0.457635 -0.888261 -0.03952 -0.622686 -0.78223 -0.019443 -0.764655 -0.644437 0.001634 -0.870086 -0.49244 0.02128 -0.256387 -0.965817 -0.038254 -0.399273 -0.916534 -0.023359 -0.540155 -0.841537 -0.006953 -0.667886 -0.7442 0.009776 -0.773514 -0.633266 0.025491 -0.851381 -0.523345 0.035505 0.258012 -0.965 0.046952 0.194988 -0.978944 0.060402 0.033115 -0.998687 0.039083 0.747427 -0.661909 0.056829 0.729787 -0.678662 0.082634 0.571951 -0.818658 0.051689 0.088697 -0.995993 0.011458 0.29487 -0.955371 -0.017832 0.923513 -0.381883 0.035905 0.963957 -0.261389 0.049615 0.975278 -0.220013 0.020656 0.920348 -0.383438 0.077035 0.859009 -0.510092 0.043708 0.992278 -0.122027 0.022198 0.985297 -0.157778 0.065549 0.996974 -0.071507 0.030493 0.980251 -0.181009 -0.079642 0.980959 -0.184421 -0.060899 0.983937 -0.173561 -0.041766 0.990731 -0.129811 -0.040016 0.987571 -0.148438 0.051673 0.972009 -0.226607 0.062035 0.925915 -0.374905 0.046125 0.980974 -0.190759 0.036072 -0.539924 -0.841479 0.019883 -0.354691 -0.934267 0.0366 -0.24117 -0.969969 0.031584 -0.112367 -0.993431 0.021661 0.936659 -0.343503 -0.068383 0.838832 -0.540221 -0.067239 0.709965 -0.702668 -0.046978 0.539418 -0.84143 -0.031995 -0.084882 -0.995371 0.045079 0.018092 -0.999012 0.040587 0.170721 -0.984581 0.038133 0.327591 -0.944149 0.035592 0.386462 -0.922169 0.015843 0.545515 -0.838029 0.010991 0.661529 -0.749885 -0.007261 0.822035 -0.569007 -0.022123 0.941678 -0.334858 -0.033365 -0.128146 -0.991262 0.031269 -0.314492 -0.948821 0.028887 0.558331 -0.828531 0.042452 0.412819 -0.908985 0.057678 0.736272 -0.676182 0.026111 0.952115 -0.305735 -0.001645 0.876327 -0.481532 0.013296 0.847433 -0.529044 0.044385 0.757175 -0.650312 0.061481 0.634057 -0.770305 0.067837 0.518264 -0.851934 0.074901 0.437492 -0.898086 0.045183 0.887806 -0.455577 0.065187 0.999604 -0.026712 -0.008842 0.999218 -0.039239 0.004953 0.999069 -0.035524 0.024468 0.998722 -0.029118 0.041304 0.998862 -0.027041 0.039295 0.999939 -0.000721 -0.011012 0.999645 0.022992 -0.013456 0.999862 -0.013973 -0.008923 0.999793 -0.020195 -0.002433 0.999613 -0.027775 0.001351 0.999083 -0.026427 0.033692 0.999215 -0.023688 0.031736 0.999491 -0.025909 0.018601 0.999921 -0.010579 -0.006737 0.99968 0.019746 -0.015801 0.999798 -0.016437 0.011579 0.944957 0.326782 0.016453 0.869638 0.493689 0.001108 0.953315 0.301968 0.002208 0.99994 0.004019 -0.010203 0.999935 -0.011111 0.002553 0.999589 -0.025707 0.012678 0.999289 -0.0341 0.016077 0.990519 0.137034 0.009641 0.998571 0.052197 0.011458 0.997807 0.066193 -0.000327 0.999932 -0.005526 0.010284 0.999183 -0.006041 0.039949 0.988542 0.150608 0.010112 0.999977 0.006221 0.002567 0.999772 0.019941 -0.007592 0.999964 0.001319 -0.008442 0.999938 0.002737 -0.010835 0.999999 -0.000958 -0.000824 0.999887 -0.000996 0.015011 0.536166 0.842196 -0.056849 0.698272 0.714325 -0.046431 0.850444 0.525063 -0.032464 0.926451 0.3756 -0.024758 0.965647 0.259338 -0.016411 0.979586 0.200368 -0.016243 0.991721 0.12719 -0.01767 0.997234 0.072579 -0.015994 0.999229 0.035792 -0.016132 0.999894 0.001726 -0.014431 0.819387 0.572233 -0.033986 0.535006 0.842993 -0.05596 0.927118 0.373985 -0.024248 0.969855 0.24312 -0.016561 0.985826 0.16709 -0.01512 0.993232 0.115132 -0.015321 0.997891 0.062884 -0.016123 0.999729 0.017438 -0.015412 0.999754 -0.019759 -0.010065 0.99945 -0.033031 0.003014 0.999286 -0.031139 0.021404 0.872886 0.487477 -0.020891 0.691388 0.721762 -0.032288 0.957287 0.288711 -0.015723 0.98859 0.149991 -0.01386 0.996534 0.082132 -0.013208 0.801103 0.598334 -0.015203 0.918432 0.395455 -0.009866 0.971912 0.235222 -0.007566 0.992014 0.125823 -0.00874 0.997482 0.069626 -0.013496 0.999213 0.03684 -0.014691 0.999634 -0.021311 0.016657 0.984008 0.178119 -0.001096 0.995429 0.095366 -0.005195 0.998799 0.04784 -0.01057 0.999493 0.031086 -0.006875 0.983045 0.181409 0.026721 -0.965322 0.260972 0.006853 -0.970439 0.24132 0.003525 -0.807036 0.590211 0.018548 0.456057 0.88908 -0.039367 -0.954387 0.297958 0.019162 -0.954737 0.296838 0.019072 -0.886373 0.461614 0.03543 -0.732123 0.678829 0.05645 -0.42559 0.904218 0.035535 -0.57053 0.818139 0.071715 -0.304367 0.949358 0.077978 0.08117 0.996043 0.0362 -0.051664 0.995518 0.079218 0.251351 0.965483 0.068299 0.554772 0.831596 0.025981 0.857455 0.514235 0.018284 0.86198 0.506145 0.02843 0.690051 0.722907 0.035144 -0.843059 0.537812 0.00297 -0.888478 0.458385 0.022141 -0.773491 0.63291 -0.033713 -0.837124 0.545016 0.046696 -0.803935 0.59298 0.04541 -0.748268 0.661746 0.046767 -0.591761 0.802875 -0.072183 -0.669257 0.741261 -0.051255 -0.923591 0.382478 0.026284 -0.914383 0.403784 0.029359 -0.907322 0.419262 0.031412 -0.90129 0.431942 0.033192 -0.904275 0.425092 0.039802 -0.947128 0.320058 0.022594 -0.949322 0.313588 0.02124 -0.949058 0.31437 0.021454 -0.948821 0.315084 0.021478 -0.957598 0.287602 0.017068 -0.86674 0.497999 0.02754 -0.803919 0.594546 0.015144 -0.717351 0.696495 -0.017386 -0.613474 0.788546 -0.042949 -0.48571 0.871797 -0.063683 -0.287097 0.955166 -0.072335 -0.370279 0.925339 -0.081489 0.026157 0.996392 -0.080741 -0.081462 0.99306 -0.084823 0.243216 0.96667 -0.07997 0.197403 0.977367 -0.076067 -0.824075 0.56529 0.036727 -0.698375 0.714757 0.037333 -0.737859 0.67423 0.031267 -0.591012 0.806277 0.024945 -0.643603 0.76518 0.01657 -0.468079 0.883665 0.006221 -0.524053 0.851663 -0.006213 -0.3342 0.942361 -0.016334 -0.428408 0.903273 -0.023783 -0.183057 0.982428 -0.03639 -0.278924 0.959153 -0.047185 0.040108 0.997941 -0.050056 -0.064157 0.996303 -0.057129 0.314681 0.947991 -0.047844 0.261964 0.963338 -0.057917 -0.893446 0.447572 0.037859 -0.897149 0.440185 0.036886 -0.804333 0.591929 0.051664 -0.817567 0.573737 0.04909 -0.684419 0.726693 0.059054 -0.711104 0.700909 0.055293 -0.524372 0.849427 0.059233 -0.569523 0.820189 0.054162 -0.328662 0.942999 0.052294 -0.39592 0.917134 0.045961 -0.108816 0.993298 0.038961 -0.199093 0.979478 0.031375 0.110924 0.99359 0.021796 0.001996 0.999918 0.012664 0.306343 0.951894 0.007251 0.188791 0.982012 -0.003305 0.505353 0.862903 -0.004024 0.397627 0.917422 -0.015177 0.690482 0.723327 -0.005751 0.637837 0.769958 -0.018116 0.786609 0.617442 0.003362 0.83192 0.554655 0.016306 0.612468 0.790453 0.00816 0.706589 0.70735 0.019717 0.426249 0.904419 0.018398 0.53588 0.843798 0.028935 0.225795 0.973671 0.031317 0.335329 0.941243 0.040211 -0.010357 0.998847 0.046865 0.087891 0.994651 0.054255 -0.25335 0.965582 0.058866 -0.174844 0.982437 0.065171 -0.47283 0.878781 0.064624 -0.417326 0.906049 0.070103 -0.653425 0.754346 0.063236 -0.619684 0.781935 0.06759 -0.78917 0.611771 0.054284 -0.772371 0.632584 0.057278 -0.889084 0.456086 0.038918 -0.884235 0.465307 0.040216 -0.878682 0.475598 0.041531 -0.752625 0.655659 0.060549 -0.580333 0.811168 0.072255 -0.354247 0.93208 0.075743 -0.088739 0.993482 0.071552 0.190142 0.979831 0.061456 0.539494 0.840698 0.046608 0.442733 0.895327 0.048747 0.637773 0.769232 0.039073 0.790589 0.611554 0.031156 0.932408 0.361017 0.01678 0.899923 0.435341 0.024823 -0.84417 0.53509 0.032495 -0.764733 0.643631 0.03038 -0.638917 0.769275 -0.001011 -0.518559 0.854353 -0.034306 -0.379097 0.923649 -0.056191 -0.173337 0.98272 -0.064926 0.115594 0.991191 -0.064633 -0.898439 0.437606 0.036177 -0.656332 0.753236 0.043164 -0.527158 0.849153 0.032297 -0.37981 0.924945 0.014902 -0.22316 0.97476 -0.006569 -0.061747 0.997785 -0.024739 0.158191 0.986695 -0.037537 -0.900663 0.43304 0.035813 -0.829736 0.556204 0.04665 -0.736179 0.674827 0.051477 -0.612551 0.788917 0.048912 -0.460651 0.886703 0.039476 -0.287831 0.957394 0.023477 -0.107876 0.994159 0.003316 0.067421 0.997629 -0.01384 0.283055 0.958743 -0.026299 0.517638 0.855166 -0.02725 -0.998159 0.060657 0.000057 -0.998159 -0.060657 -0.000057 0.894811 -0.446445 -0.000423 0.0274 -0.999624 -0.000304 0.99704 -0.076886 0.00002 0.537833 -0.843051 -0.000357 -0.474382 -0.880319 -0.000166 -0.869016 -0.494785 0.000031 0.99704 0.076886 -0.00002 -0.474403 0.880308 0.00017 -0.869056 0.494713 -0.000031 0.02775 0.999615 0.000304 0.537496 0.843266 0.000353 0.894877 0.446314 0.000428 -0.99371 0.1103 -0.019357 -0.999973 0.003614 -0.006445 -0.99959 0.012647 0.025696 -0.99876 0.005547 0.049478 -0.997888 0.00328 0.064871 -0.997711 -0.000882 0.067616 -0.998512 -0.006266 0.054163 -0.995878 -0.089545 0.014424 -0.807036 -0.590211 -0.018548 -0.42559 -0.904218 -0.035535 0.08117 -0.996043 -0.0362 0.554772 -0.831596 -0.025981 -0.970439 -0.24132 -0.003525 0.988542 -0.150608 -0.010112 0.857455 -0.514235 -0.018284 0.999977 -0.006221 -0.002567 0.999964 -0.001319 0.008442 0.999999 0.000958 0.000824 0.999887 0.000996 -0.015011 0.996986 0.071335 -0.030485 0.858683 0.510634 -0.043786 0.926024 0.374636 -0.046119 0.258666 0.964829 -0.046862 0.034206 0.998652 -0.039042 0.981053 0.190356 -0.036056 0.746622 0.662811 -0.05689 0.57125 0.819148 -0.051681 0.437755 0.897963 -0.045093 -0.127768 0.991309 -0.031349 -0.314492 0.948816 -0.029021 -0.705255 0.708576 -0.023142 -0.54024 0.841275 -0.019946 -0.90867 0.416929 -0.022129 -0.943987 0.328275 -0.033533 -0.752669 0.657446 -0.035407 -0.330487 0.943767 0.009061 0.262553 0.963895 0.044404 0.283821 0.957497 0.051425 -0.361803 0.911315 0.196479 -0.627342 0.777759 0.039139 -0.161989 0.984177 0.071794 -0.145722 0.987498 0.060114 -0.104008 0.993842 0.038222 0.876228 0.457262 0.152107 -0.487396 0.872689 -0.029306 -0.650392 0.759041 -0.0291 -0.580816 0.813244 -0.035856 -0.442574 0.896483 -0.021142 -0.299225 0.954132 -0.009824 -0.553532 0.832658 -0.016805 -0.218592 0.975814 0.002172 -0.445496 0.895276 -0.003841 -0.117403 0.992928 0.017626 -0.000364 0.999716 0.023822 -0.217196 0.975847 0.02342 0.458444 0.886104 0.068185 0.722165 0.686432 0.085374 -0.289491 0.955507 0.05657 -0.713033 0.700621 0.02672 -0.457635 0.888261 0.039519 -0.797695 0.602933 0.012443 -0.622686 0.78223 0.019443 -0.911099 0.412149 -0.005569 -0.764655 0.644437 -0.001634 -0.936736 0.349477 -0.019799 -0.870086 0.49244 -0.02128 -0.970491 0.238995 -0.032075 -0.993007 0.11452 -0.028671 -0.256387 0.965817 0.038254 -0.399273 0.916534 0.023359 -0.540155 0.841537 0.006953 -0.667886 0.7442 -0.009776 -0.773514 0.633266 -0.025491 -0.851381 0.523345 -0.035504 -0.995393 0.059196 0.075418 -0.991979 0.114788 0.052927 -0.992818 0.117743 0.021181 -0.998298 0.05823 -0.003195 -0.992644 0.118473 -0.024927 -0.995017 0.023144 0.096976 -0.993403 0.011099 0.11414 -0.992546 0.066031 0.102431 -0.993562 0.040462 0.105814 -0.994238 -0.01487 0.106158 -0.993257 0.002635 0.115906 -0.996118 -0.052119 0.070933 -0.99387 -0.06494 0.089468 -0.992706 -0.095246 0.07391 -0.991791 -0.119358 0.045873 -0.989632 -0.143369 0.008642 -0.978259 -0.207386 -0.000945 -0.99399 0.087726 0.065475 -0.992465 0.040963 0.115477 -0.996265 0.049201 0.070958 -0.992877 0.005309 0.119023 -0.997609 0.001977 0.069079 -0.993277 -0.027044 0.112557 -0.996149 -0.054357 0.068793 -0.993142 -0.055883 0.102697 -0.992875 0.032827 0.114548 -0.992085 -0.089012 0.088566 -0.992321 -0.108985 0.058491 -0.988388 -0.138118 0.063345 -0.987913 -0.150231 0.038194 -0.980047 -0.195614 0.035243 -0.982183 -0.185286 0.031386 -0.970491 -0.240095 0.022414 -0.955871 -0.293508 -0.012807 -0.956989 -0.290045 0.006777 -0.945228 -0.326407 0.00171 -0.993706 -0.03132 0.107551 -0.965322 -0.260972 -0.006853 -0.911036 -0.412326 -0.000716 -0.922531 -0.385068 -0.025654 0.801103 -0.598334 0.015203 0.456057 -0.88908 0.039367 0.691388 -0.721761 0.032288 -0.954387 -0.297958 -0.019162 -0.954737 -0.296838 -0.019072 -0.886373 -0.461614 -0.03543 -0.732123 -0.678829 -0.05645 -0.57053 -0.818139 -0.071715 -0.304367 -0.949358 -0.077978 -0.051664 -0.995518 -0.079218 0.251351 -0.965483 -0.068299 0.86198 -0.506145 -0.02843 0.690051 -0.722907 -0.035144 -0.860492 -0.508766 0.026669 -0.844108 -0.536138 -0.006125 -0.773491 -0.632909 0.033727 -0.837124 -0.545016 -0.046696 -0.803935 -0.59298 -0.04541 -0.748268 -0.661746 -0.046767 -0.75934 -0.648772 0.049978 -0.624554 -0.777901 0.069303 -0.57721 -0.813804 0.067469 -0.669256 -0.741261 0.051272 -0.914383 -0.403784 -0.029359 -0.907322 -0.419262 -0.031412 -0.90129 -0.431942 -0.033192 -0.904275 -0.425092 -0.039803 -0.947128 -0.320058 -0.022594 -0.949322 -0.313588 -0.021239 -0.949058 -0.31437 -0.021454 -0.948821 -0.315084 -0.021478 -0.957598 -0.287602 -0.017068 -0.86674 -0.497999 -0.02754 -0.881631 -0.471329 -0.024 -0.803919 -0.594546 -0.015144 -0.717351 -0.696495 0.017386 -0.613474 -0.788546 0.042949 -0.48571 -0.871797 0.063683 -0.287098 -0.955166 0.072335 -0.384944 -0.919683 0.077466 0.026157 -0.996392 0.080741 -0.105829 -0.991052 0.081335 0.243217 -0.96667 0.07997 0.183779 -0.980283 0.072596 0.536166 -0.842196 0.056849 0.449745 -0.89044 0.069616 -0.824074 -0.56529 -0.036727 -0.698375 -0.714757 -0.037334 -0.737859 -0.67423 -0.031267 -0.591012 -0.806277 -0.024946 -0.643603 -0.76518 -0.016569 -0.468079 -0.883665 -0.006221 -0.524053 -0.851663 0.006213 -0.3342 -0.942361 0.016334 -0.428408 -0.903273 0.023783 -0.183057 -0.982428 0.03639 -0.278924 -0.959153 0.047185 0.040108 -0.997941 0.050056 -0.064157 -0.996303 0.057129 0.314681 -0.947991 0.047844 0.261964 -0.963338 0.057916 0.535007 -0.842992 0.05596 -0.893446 -0.447572 -0.03786 -0.897149 -0.440185 -0.036886 -0.804333 -0.591929 -0.051664 -0.817567 -0.573737 -0.04909 -0.684419 -0.726693 -0.059054 -0.711104 -0.700909 -0.055293 -0.524372 -0.849427 -0.059233 -0.569523 -0.820189 -0.054162 -0.328662 -0.942999 -0.052294 -0.39592 -0.917134 -0.045961 -0.108816 -0.993298 -0.038962 -0.199093 -0.979478 -0.031375 0.110924 -0.99359 -0.021796 0.001996 -0.999918 -0.012664 0.306343 -0.951894 -0.007251 0.188791 -0.982012 0.003305 0.505353 -0.862903 0.004024 0.397627 -0.917422 0.015177 0.690482 -0.723327 0.005751 0.637837 -0.769958 0.018116 0.869638 -0.493689 -0.001108 0.786609 -0.617442 -0.003362 0.944957 -0.326782 -0.016453 0.83192 -0.554655 -0.016306 0.612468 -0.790453 -0.00816 0.706589 -0.70735 -0.019717 0.426249 -0.904419 -0.018398 0.53588 -0.843798 -0.028935 0.225795 -0.973671 -0.031317 0.335329 -0.941243 -0.040211 -0.010357 -0.998847 -0.046865 0.087891 -0.994651 -0.054256 -0.25335 -0.965582 -0.058866 -0.174844 -0.982437 -0.065171 -0.47283 -0.878781 -0.064624 -0.417326 -0.906049 -0.070103 -0.653425 -0.754346 -0.063236 -0.619684 -0.781935 -0.06759 -0.78917 -0.611771 -0.054284 -0.772371 -0.632584 -0.057278 -0.889084 -0.456086 -0.038918 -0.884235 -0.465307 -0.040216 -0.878682 -0.475598 -0.041531 -0.752625 -0.655659 -0.060549 -0.580333 -0.811168 -0.072255 -0.354247 -0.93208 -0.075743 -0.088739 -0.993482 -0.071552 0.190142 -0.979831 -0.061456 0.539494 -0.840698 -0.046608 0.442733 -0.895327 -0.048747 0.637773 -0.769232 -0.039072 0.790589 -0.611554 -0.031156 0.932408 -0.361017 -0.01678 0.899923 -0.435341 -0.024823 0.983045 -0.181409 -0.026721 -0.48545 -0.870878 0.076872 -0.208131 -0.974799 0.080305 0.107883 -0.990964 0.079691 -0.84417 -0.53509 -0.032495 -0.764733 -0.643631 -0.03038 -0.638917 -0.769275 0.001011 -0.518559 -0.854353 0.034306 -0.379097 -0.923649 0.05619 -0.173337 -0.98272 0.064926 0.115594 -0.991192 0.064633 -0.898439 -0.437606 -0.036178 -0.656332 -0.753236 -0.043164 -0.527158 -0.849153 -0.032297 -0.37981 -0.924945 -0.014902 -0.22316 -0.97476 0.006569 -0.061747 -0.997785 0.024739 0.158191 -0.986695 0.037537 -0.900663 -0.43304 -0.035813 -0.829736 -0.556204 -0.046649 -0.736179 -0.674827 -0.051477 -0.612551 -0.788916 -0.048912 -0.460651 -0.886703 -0.039475 -0.287831 -0.957394 -0.023477 -0.107876 -0.994159 -0.003316 0.067421 -0.997629 0.01384 0.283055 -0.958743 0.026299 0.517638 -0.855166 0.02725 0.998676 0.028698 -0.042694 0.999027 0.035281 -0.026478 0.999162 0.035213 0.020876 0.998845 0.026407 0.040132 0.998862 0.027041 -0.039295 0.999939 0.000721 0.011012 0.999645 -0.022992 0.013456 0.999863 0.013973 0.008923 0.999793 0.020195 0.002433 0.999613 0.027775 -0.001351 0.999491 0.025909 -0.018601 0.999083 0.026427 -0.033692 0.999215 0.023688 -0.031736 0.999921 0.010579 0.006737 0.99968 -0.019746 0.015801 0.999798 0.016437 -0.011579 0.953315 -0.301968 -0.002208 0.99994 -0.004019 0.010203 0.999935 0.011111 -0.002553 0.999589 0.025707 -0.012678 0.999289 0.0341 -0.016077 0.998571 -0.052197 -0.011458 0.990519 -0.137034 -0.009641 0.997807 -0.066193 0.000327 0.999932 0.005526 -0.010284 0.999183 0.006041 -0.039949 0.999603 0.027866 -0.004067 0.999772 -0.019941 0.007592 0.999938 -0.002737 0.010835 0.696766 -0.715776 0.046703 0.655235 -0.753054 0.059814 0.845635 -0.532738 0.033045 0.803533 -0.593342 0.047755 0.921102 -0.388587 0.023894 0.881089 -0.47122 0.040422 0.958465 -0.284489 0.020269 0.943188 -0.330701 0.032155 0.980111 -0.197687 0.017368 0.976062 -0.21591 0.026172 0.991948 -0.125379 0.017865 0.98958 -0.141942 0.024156 0.997467 -0.06916 0.016641 0.998099 -0.058224 0.020211 0.999479 -0.029454 0.013165 0.999911 -0.002632 0.013078 0.999744 -0.002918 0.022446 0.999594 0.0275 0.007488 0.999184 0.03342 0.022697 0.999219 0.039084 -0.005863 0.998931 0.041474 0.020391 0.819387 -0.572233 0.033986 0.927118 -0.373985 0.024248 0.969855 -0.24312 0.016561 0.985826 -0.16709 0.01512 0.993232 -0.115132 0.015321 0.997891 -0.062884 0.016123 0.999729 -0.017438 0.015412 0.999754 0.019759 0.010065 0.99945 0.033031 -0.003014 0.999286 0.031139 -0.021404 0.872886 -0.487477 0.020891 0.957287 -0.288711 0.015723 0.98859 -0.149991 0.01386 0.996534 -0.082132 0.013208 0.918432 -0.395455 0.009866 0.971912 -0.235222 0.007566 0.992014 -0.125823 0.00874 0.997482 -0.069626 0.013496 0.999213 -0.03684 0.014691 0.999634 0.021311 -0.016657 0.984008 -0.178119 0.001096 0.995429 -0.095366 0.005195 0.998799 -0.04784 0.01057 0.999493 -0.031086 0.006875 0.195189 0.978904 -0.060406 0.729727 0.678731 -0.0826 0.088698 0.995993 -0.011458 0.294869 0.955371 0.017832 -0.084864 0.995366 -0.045214 0.018092 0.999012 -0.040587 0.923513 0.381883 -0.035905 0.963957 0.261389 -0.049615 0.975278 0.220013 -0.020656 0.920147 0.383905 -0.077118 0.992279 0.122027 -0.022198 0.985287 0.15783 -0.065572 0.980251 0.181009 0.079642 0.980959 0.184421 0.060899 0.983937 0.173561 0.041766 0.990731 0.129811 0.040016 0.987571 0.148438 -0.051673 0.972009 0.226607 -0.062035 -0.354704 0.934258 -0.036694 -0.24117 0.969969 -0.031584 -0.112367 0.993431 -0.021661 0.936659 0.343503 0.068383 0.838832 0.540221 0.067239 0.709965 0.702668 0.046978 0.539418 0.84143 0.031995 0.170721 0.984581 -0.038133 0.327591 0.944149 -0.035592 0.386462 0.922169 -0.015843 0.545515 0.838029 -0.010991 0.661529 0.749885 0.007261 0.822035 0.569007 0.022123 0.941678 0.334858 0.033365 0.412819 0.908985 -0.057678 0.558331 0.828532 -0.042452 0.736272 0.676181 -0.026111 0.876327 0.481532 -0.013296 0.952115 0.305735 0.001645 0.847432 0.529044 -0.044385 0.757175 0.650312 -0.061481 0.634057 0.770305 -0.067837 0.518486 0.851808 -0.074801 0.887806 0.455577 -0.065187 -0.364624 0.930877 -0.022721 0.816474 0.576942 -0.022529 -0.52078 0.853093 -0.031953 0.816162 0.576329 -0.041537 -0.521516 0.852232 -0.041483 0.815116 0.576227 -0.059571 -0.522855 0.850949 -0.050079 0.8131 0.577092 -0.076375 -0.524622 0.849376 -0.05773 0.683026 0.723588 -0.099481 -0.526672 0.847625 -0.06441 0.809342 0.57843 -0.101905 -0.529413 0.845477 -0.06993 0.806446 0.580464 -0.112719 -0.532924 0.842877 -0.074496 0.803697 0.582448 -0.121762 -0.381373 0.919418 -0.096047 0.671573 0.727309 -0.141462 -0.539245 0.838111 -0.082373 0.798476 0.586356 -0.136467 -0.544356 0.834429 -0.086049 0.792613 0.592434 -0.144178 -0.551166 0.829595 -0.089377 0.78724 0.598265 -0.149441 -0.558471 0.824419 -0.091892 0.647871 0.743367 -0.166339 -0.569176 0.81689 -0.093429 0.775718 0.61205 -0.153806 -0.426096 0.897216 -0.115956 0.769568 0.619965 -0.152999 -0.583856 0.806355 -0.09436 0.76333 0.628189 -0.150685 -0.593292 0.79948 -0.094005 0.618669 0.769175 -0.160057 -0.452492 0.884519 -0.113476 0.752749 0.642546 -0.143187 -0.606946 0.789358 -0.092356 0.747133 0.650152 -0.138183 -0.467228 0.877215 -0.110414 0.741034 0.658225 -0.132697 -0.619606 0.779679 -0.090494 0.590481 0.794857 -0.139765 -0.627146 0.773665 -0.090167 0.728183 0.674275 -0.122895 -0.48864 0.865973 -0.106406 0.72477 0.67911 -0.116268 -0.637293 0.765355 -0.089946 0.5737 0.809377 -0.12561 -0.643177 0.760303 -0.090899 0.717502 0.688068 -0.108412 -0.505505 0.856209 -0.106636 0.805033 0.586107 -0.091652 -0.651285 0.752948 -0.094323 0.707038 0.699909 -0.101115 -0.655483 0.748816 -0.098062 0.552583 0.825419 -0.115483 -0.65827 0.745786 -0.102391 0.860269 0.508565 -0.036041 -0.845317 0.532763 -0.040018 0.816696 0.577059 -0.003104 -0.5209 0.853534 -0.011978 0.816079 0.57775 0.014821 -0.521765 0.853082 -0.003438 0.815052 0.578528 0.031557 -0.523049 0.852283 0.00586 0.813469 0.579478 0.049733 -0.524633 0.851179 0.015936 0.683528 0.72671 0.068428 -0.526611 0.849693 0.026513 0.809579 0.580639 0.086252 -0.528993 0.84779 0.037657 0.806787 0.581246 0.106056 -0.532104 0.845251 0.049161 0.803319 0.582001 0.126306 -0.536041 0.841984 0.061006 0.670144 0.726154 0.153648 -0.384659 0.91803 0.096223 0.79568 0.582587 0.165789 -0.543699 0.834896 0.08568 0.790905 0.583684 0.1838 -0.392783 0.911304 0.123475 0.656476 0.724249 0.210954 -0.550792 0.828013 0.104987 0.783445 0.583944 0.21266 -0.400531 0.904637 0.145627 0.779775 0.584398 0.224565 -0.558509 0.82024 0.123588 0.774481 0.585065 0.240578 -0.563902 0.815077 0.132908 0.639362 0.720228 0.269236 -0.415319 0.891581 0.180539 0.766812 0.583725 0.266954 -0.573754 0.804188 0.155203 0.628308 0.716882 0.302176 -0.581111 0.796234 0.168288 0.755876 0.583171 0.297596 -0.435608 0.871364 0.225764 0.749255 0.585347 0.309815 -0.593637 0.780634 0.195464 0.60646 0.711917 0.354092 -0.601924 0.770599 0.209438 0.736603 0.584857 0.339644 -0.458909 0.845274 0.273705 0.728875 0.584501 0.356511 -0.615455 0.751401 0.237932 0.72181 0.584893 0.369987 -0.624343 0.739154 0.252682 0.576899 0.702876 0.416116 -0.63219 0.727117 0.267651 0.710013 0.583493 0.394231 -0.639048 0.71534 0.282677 0.701741 0.58769 0.402717 -0.646273 0.702554 0.297909 0.552233 0.697605 0.456493 -0.653745 0.688749 0.313436 0.689534 0.588558 0.422068 -0.752582 0.597806 0.276132 0.681504 0.589155 0.434107 -0.990532 0.136653 -0.013117 -0.989511 0.144257 -0.007604 -0.988001 0.154385 -0.004289 -0.986393 0.164396 0.00186 -0.984095 0.177607 0.003534 -0.981438 0.191503 0.010301 -0.978617 0.205201 0.01422 -0.975353 0.220216 0.013823 -0.971686 0.235539 0.018635 -0.967729 0.251492 0.015899 -0.96415 0.264844 0.016477 -0.955182 0.295666 -0.014417 -0.955636 0.29395 -0.018779 -0.957856 0.285769 -0.02913 -0.958884 0.281981 -0.032056 -0.959879 0.277588 -0.039707 -0.961646 0.271643 -0.038045 -0.963478 0.264357 -0.042732 -0.965705 0.256718 -0.038845 -0.967772 0.247731 -0.045233 -0.970254 0.238395 -0.042121 -0.975413 0.216981 -0.038582 -0.97262 0.228145 -0.04426 -0.991539 0.128225 -0.020203 -0.992951 0.117006 -0.018914 -0.99264 0.120169 -0.014997 -0.991125 0.13184 -0.017041 -0.991741 0.127561 -0.013309 -0.990803 0.134919 -0.010275 -0.989585 0.143733 -0.007949 -0.988811 0.149073 -0.005405 -0.98717 0.159652 -0.002412 -0.980718 0.195349 0.005599 -0.982363 0.186913 0.005125 -0.979014 0.20373 0.005124 -0.975887 0.218162 0.007066 -0.971904 0.235186 0.009457 -0.956715 0.290978 0.005265 -0.95955 0.281537 0.001221 -0.957708 0.287624 0.008206 -0.955264 0.295741 -0.002869 -0.957815 0.287318 -0.006166 -0.957795 0.287442 -0.002598 -0.955015 0.296489 -0.006455 -0.957743 0.287479 -0.0092 -0.954953 0.296561 -0.010762 -0.958418 0.285144 -0.011295 -0.958198 0.285761 -0.014023 -0.965116 0.26066 -0.024647 -0.963948 0.2652 -0.021761 -0.966146 0.256571 -0.027088 -0.96836 0.248586 -0.022007 -0.974922 0.221444 -0.022142 -0.977355 0.210692 -0.019657 -0.978994 0.202997 -0.019071 -0.977948 0.205213 -0.038789 -0.980641 0.195243 -0.014948 -0.981054 0.191895 -0.026632 -0.982808 0.184525 -0.006196 -0.984334 0.176209 -0.006134 -0.983497 0.179161 -0.02519 -0.985234 0.169995 -0.020401 -0.986935 0.160352 -0.015691 -0.988732 0.149369 -0.009866 -0.990433 0.137981 -0.001885 -0.986871 0.161494 -0.002424 -0.970357 0.241591 0.006423 -0.958999 0.283138 0.012437 -0.960554 0.277764 0.013503 -0.962233 0.271798 0.015268 -0.955611 0.29463 0.001028 -0.95605 0.293193 0.002604 -0.95712 0.288473 -0.026554 -0.956461 0.290865 -0.024072 -0.955973 0.292571 -0.022744 -0.961766 0.272736 -0.024914 -0.992036 0.124908 -0.016213 -0.985648 0.168814 -0.000433 -0.983536 0.18069 0.002877 -0.960646 0.277759 0.003106 -0.962025 0.272919 0.004787 -0.963202 0.268686 0.007 -0.964204 0.265042 0.007971 -0.966667 0.255913 0.007998 -0.958611 0.284717 -0.000893 -0.958343 0.2851 -0.017208 -0.959245 0.281782 -0.021159 -0.959751 0.280245 -0.018461 -0.960578 0.277171 -0.021565 -0.972582 0.231333 -0.023871 -0.970694 0.239259 -0.022541 -0.986329 0.164781 -0.001438 -0.988184 0.15322 0.003944 -0.989962 0.141015 0.009456 -0.991555 0.128744 0.015639 0.9997 0.022835 -0.008802 0.999383 0.034978 -0.003141 0.993976 0.00704 0.109372 -0.99082 0.135095 0.005093 -0.993614 0.112016 0.013529 0.991599 -0.033132 0.125032 0.990699 -0.045593 0.12821 0.989527 -0.093634 0.109861 0.988048 -0.104506 0.113314 -0.969747 0.243315 -0.019738 -0.97316 0.229376 -0.018612 0.988504 -0.126377 0.082999 0.987981 -0.135412 0.074542 0.987587 -0.142501 0.066073 0.987502 -0.147275 0.056131 -0.966202 0.25725 -0.016595 0.98724 -0.151288 0.049697 0.987539 -0.1525 0.038877 0.987676 -0.154649 -0.024074 0.988361 -0.149035 -0.030532 0.988837 -0.14479 -0.035167 0.990226 -0.131604 -0.046185 0.989452 -0.1393 -0.039744 0.992959 -0.107015 -0.050797 0.991714 -0.119735 -0.046552 0.996287 -0.071236 -0.048353 0.995365 -0.08252 -0.049382 -0.990365 0.138457 -0.002482 -0.987219 0.159365 0.000922 0.998683 -0.034796 -0.037706 0.998013 -0.047291 -0.041626 -0.993768 0.111155 -0.008301 -0.995097 0.098074 -0.012789 -0.99559 0.093111 -0.011453 -0.995833 0.089852 -0.015595 0.999898 0.006075 -0.012886 0.999862 0.005274 -0.015775 -0.996656 0.079483 -0.018953 0.999226 0.038685 -0.007092 0.999194 0.040094 -0.002124 0.99967 0.024835 -0.006628 0.999982 0.003112 -0.005084 0.999157 -0.039773 -0.010193 0.995768 -0.090848 -0.013869 0.987307 -0.157698 -0.018878 0.969004 -0.245272 -0.029545 0.92742 -0.372205 -0.036818 0.893001 -0.446988 -0.052442 -0.368004 -0.925991 -0.084345 -0.63697 -0.767643 -0.070662 -0.530425 -0.842733 -0.091929 -0.742073 -0.666163 -0.074528 -0.814514 -0.57759 -0.054371 -0.869818 -0.490126 -0.056515 -0.909638 -0.413301 -0.041726 -0.934799 -0.352567 -0.042987 -0.955323 -0.293697 -0.033174 -0.9715 -0.234779 -0.032662 -0.981735 -0.188354 -0.026816 -0.991577 -0.127168 -0.024548 -0.995685 -0.090067 -0.022341 -0.999415 -0.02865 -0.018706 -0.999805 0.000753 -0.019755 -0.998826 0.045583 -0.016418 0.996252 0.021774 0.083709 0.998413 0.026004 0.049947 0.999257 -0.00383 0.038361 0.997676 -0.059925 0.03244 -0.912348 -0.407812 0.036195 -0.852482 -0.520919 0.043795 -0.987341 -0.157063 0.0221 -0.996074 -0.086279 0.019813 -0.999807 -0.003131 0.019399 -0.998288 0.05536 0.018899 0.995438 0.005233 0.09527 0.998024 0.013185 0.061441 0.997447 0.030723 0.064466 0.999091 0.000464 0.042621 0.998624 -0.039441 0.034552 0.994165 -0.103298 0.031072 0.989281 -0.142686 0.031053 0.9794 -0.199415 0.031784 0.963135 -0.266817 0.034356 0.936613 -0.348332 0.037693 0.885216 -0.463045 0.04451 0.821649 -0.567812 0.049832 0.689693 -0.721583 0.060339 0.564598 -0.822766 0.065457 0.314047 -0.946437 0.07504 0.132911 -0.988252 0.075452 -0.131352 -0.988322 0.077239 -0.306874 -0.949041 0.071757 -0.523144 -0.849615 0.06689 -0.947995 -0.316826 0.030448 -0.944616 -0.326858 0.029395 -0.969033 -0.245743 0.024187 -0.969589 -0.243471 0.02488 -0.984692 -0.173138 0.020099 -0.994329 -0.105019 0.016757 -0.999055 -0.040836 0.01489 0.994086 -0.0204 0.106664 0.99702 -0.006652 0.07685 0.998413 -0.003058 0.056236 0.998912 -0.005565 0.04629 0.998701 -0.035372 0.036682 0.99557 -0.088663 0.031278 0.98534 -0.167889 0.030315 0.957503 -0.28649 0.033343 0.885205 -0.463305 0.041945 0.715843 -0.696074 0.055225 0.37356 -0.925038 0.068984 -0.090106 -0.993306 0.072283 -0.467768 -0.881522 0.064131 -0.796289 -0.603192 0.04564 -0.737877 -0.672852 0.052989 -0.85449 -0.517786 0.041756 -0.906392 -0.420964 0.035242 -0.925499 -0.377546 0.030183 -0.960744 -0.276532 0.022391 -0.979663 -0.19991 0.017209 -0.991312 -0.130884 0.013035 -0.997743 -0.066408 0.009964 -0.999953 -0.005413 0.008054 -0.999705 0.018543 0.015672 -0.998616 0.052069 0.007367 -0.997829 0.063785 0.016384 -0.995013 0.099561 0.006041 0.990848 -0.056777 0.122463 0.993045 -0.036744 0.111851 0.993903 -0.042539 0.101717 0.995413 -0.022264 0.093049 0.996282 -0.033087 0.079549 0.997388 -0.015996 0.070433 0.997857 -0.026579 0.059785 0.998557 -0.019451 0.05005 0.991573 -0.063489 0.112928 0.994849 -0.048619 0.088943 0.996845 -0.041535 0.067637 0.997972 -0.040765 0.048891 0.99837 -0.034182 0.045697 0.997408 -0.061258 0.037743 0.997628 -0.056957 0.038651 0.994052 -0.104162 0.03178 0.993764 -0.106488 0.033075 0.985363 -0.167927 0.029314 0.983049 -0.180658 0.031268 0.965235 -0.259641 0.030134 0.956686 -0.289198 0.03342 0.918905 -0.392922 0.035016 0.892483 -0.449283 0.040229 0.817608 -0.574116 0.043678 0.747257 -0.662551 0.051315 0.594245 -0.80234 0.055877 0.446467 -0.892483 0.064346 0.184203 -0.980711 0.065385 -0.010767 -0.99751 0.069705 -0.27162 -0.960337 0.063054 -0.421768 -0.904528 0.062784 -0.588537 -0.806732 0.05299 -0.670401 -0.740188 0.051813 -0.76044 -0.647983 0.043005 -0.804331 -0.592661 0.042482 -0.85682 -0.514458 0.034537 -0.883678 -0.466846 0.034186 -0.914989 -0.402575 0.026996 -0.935733 -0.35172 0.026378 -0.98457 0.174718 -0.009792 0.993691 -0.061746 0.093626 0.992509 -0.077043 0.094817 0.995031 -0.066765 0.073857 0.995981 -0.053678 0.071701 0.99681 -0.059124 0.053619 0.997359 -0.051369 0.05134 0.996912 -0.066157 0.042292 0.996895 -0.067915 0.039848 0.994493 -0.099426 0.033128 0.993628 -0.107645 0.033399 0.987928 -0.152298 0.028349 0.985474 -0.167129 0.030156 0.973023 -0.229058 0.027545 0.966959 -0.253089 0.030609 0.942212 -0.333635 0.030386 0.926408 -0.37494 0.034458 0.880945 -0.471861 0.035815 0.840261 -0.540573 0.04174 0.747745 -0.66247 0.044849 0.651619 -0.756696 0.052957 0.456279 -0.888053 0.056316 0.281502 -0.95745 0.063607 0.003392 -0.998109 0.061379 -0.18694 -0.980303 0.063722 -0.416206 -0.907592 0.055213 -0.542162 -0.838512 0.054385 -0.675474 -0.736015 0.044901 -0.739653 -0.671549 0.043998 -0.809956 -0.585387 0.03596 -0.844498 -0.534367 0.035703 -0.886502 -0.461849 0.028472 -0.90798 -0.418056 0.028309 -0.933719 -0.357352 0.021612 -0.946185 -0.322877 0.022024 -0.961866 -0.273052 0.015984 -0.971794 -0.235292 0.015944 0.990747 -0.09163 0.100122 0.993547 -0.078656 0.08172 0.996012 -0.070089 0.055212 0.996105 -0.079385 0.038381 0.988438 -0.110654 0.103661 0.991546 -0.096132 0.087147 0.994084 -0.084876 0.067772 0.99573 -0.079814 0.046391 0.99523 -0.090901 0.035414 0.993646 -0.107731 0.032582 0.991893 -0.123522 0.029856 0.98849 -0.148355 0.029651 0.984368 -0.173982 0.027397 0.973445 -0.227198 0.028016 0.989031 -0.113799 0.094168 0.992301 -0.096863 0.07718 0.994467 -0.088555 0.056514 0.995541 -0.085244 0.040389 0.994399 -0.100421 0.032955 0.990172 -0.137051 0.027867 0.981065 -0.191975 0.025622 0.970362 -0.240092 0.027461 0.962559 -0.269805 0.026169 0.944606 -0.326914 0.029109 0.924649 -0.379727 0.028846 0.889935 -0.454832 0.033829 0.848474 -0.528083 0.03492 0.776012 -0.629336 0.041729 0.684 -0.728146 0.044123 0.524813 -0.849593 0.052569 0.346531 -0.936495 0.053793 0.096343 -0.99359 0.059131 -0.122897 -0.990866 0.055509 -0.351075 -0.934738 0.054872 -0.510067 -0.858804 0.047833 -0.645649 -0.762318 0.044812 -0.731097 -0.681219 0.037925 -0.798703 -0.600678 0.035476 -0.843267 -0.536652 0.030093 -0.880485 -0.473214 0.028552 -0.90633 -0.421897 0.02387 -0.930859 -0.364716 0.021992 -0.94613 -0.323302 0.017711 -0.961354 -0.274829 0.016341 -0.970483 -0.240841 0.012588 -0.979311 -0.202031 0.011558 -0.985021 -0.172245 0.008076 -0.991626 -0.128967 0.006754 0.990788 -0.107213 0.082734 0.988147 -0.122123 0.093012 0.99315 -0.096712 0.065578 0.994691 -0.091018 0.048017 0.995162 -0.091551 0.035646 0.993053 -0.114083 0.028814 0.98733 -0.156689 0.025076 0.975457 -0.21888 0.023972 0.95103 -0.308055 0.025395 0.90016 -0.43457 0.029349 0.796838 -0.603094 0.036432 0.57256 -0.818567 0.046076 0.162229 -0.985303 0.053474 -0.29927 -0.952808 0.05093 -0.617908 -0.785139 0.041802 -0.787044 -0.616019 0.032905 -0.873425 -0.486265 0.025965 -0.924482 -0.380695 0.020099 -0.957331 -0.288629 0.014492 -0.977312 -0.211582 0.009703 -0.989272 -0.145989 0.005375 -0.993513 -0.113562 0.00601 -0.996192 -0.087174 0.001396 -0.998525 -0.054234 0.00252 0.9918 -0.109389 0.066088 0.993486 -0.101641 0.051529 0.994535 -0.09738 0.037655 0.993347 -0.111272 0.02968 0.988839 -0.146775 0.025589 0.979347 -0.200817 0.023482 0.960227 -0.278185 0.02401 0.922385 -0.385327 0.026994 0.847447 -0.529907 0.03213 0.68796 -0.72462 0.040457 0.36035 -0.931497 0.049612 -0.109308 -0.992663 0.051696 -0.504126 -0.862477 0.044603 -0.731407 -0.681028 0.035276 -0.845902 -0.53262 0.02768 -0.908267 -0.417826 0.021742 -0.947695 -0.31876 0.016295 -0.97203 -0.234579 0.011412 -0.994615 -0.103591 0.003271 -0.986288 -0.164879 0.007146 -0.998874 -0.047433 -0.000303 -0.999443 -0.033356 -0.000198 -0.999979 0.005387 -0.003603 -0.999904 0.013718 -0.002044 -0.998373 0.056658 -0.006497 -0.997435 0.071286 -0.00638 -0.994267 0.106508 -0.009424 -0.990915 0.134121 -0.009971 0.990707 -0.119994 0.064031 0.992556 -0.110839 0.050474 0.993849 -0.104502 0.036657 0.993572 -0.109614 0.028271 0.990286 -0.137086 0.023244 0.982802 -0.183453 0.021087 0.96755 -0.251818 0.020842 0.939004 -0.343122 0.023201 0.886652 -0.461647 0.027011 0.778463 -0.626798 0.033463 0.540499 -0.840279 0.042335 0.119481 -0.991652 0.048493 -0.334323 -0.941362 0.045454 -0.64066 -0.76694 0.036844 -0.801733 -0.596994 0.028686 -0.883585 -0.467736 0.022387 -0.931796 -0.362582 0.017074 -0.962506 -0.270997 0.011944 -0.980933 -0.194197 0.00757 -0.991666 -0.128783 0.003652 -0.997544 -0.070049 0.000048 -0.999874 -0.015545 -0.003306 -0.99933 0.036032 -0.006381 -0.996326 0.085146 -0.009172 -0.991168 0.132101 -0.01167 -0.988329 0.151963 -0.010599 -0.984459 0.175065 -0.013863 -0.982306 0.186885 -0.012227 -0.977185 0.211731 -0.016728 0.993156 -0.113711 0.026645 0.990205 -0.137911 0.021802 0.98279 -0.18368 0.019635 0.989983 -0.132391 0.049045 0.989345 -0.138749 0.044114 0.990186 -0.136045 0.031976 0.99123 -0.127292 0.0355 0.991551 -0.127098 0.025935 0.99218 -0.121501 0.028555 0.99213 -0.123804 0.018743 0.992373 -0.121508 0.020754 0.990047 -0.139984 0.014538 0.989435 -0.143867 0.017901 0.983955 -0.177903 0.013506 0.982083 -0.187702 0.016781 0.972017 -0.234501 0.013856 0.967238 -0.253285 0.017235 0.949043 -0.31477 0.015387 0.939868 -0.341026 0.018696 0.905038 -0.424929 0.018471 0.890751 -0.453941 0.022346 0.820497 -0.571163 0.023611 0.793333 -0.608151 0.027834 0.647998 -0.761014 0.030937 0.580513 -0.813469 0.035669 0.310645 -0.949778 0.037691 0.187049 -0.981451 0.042023 -0.160931 -0.986204 0.038758 -0.279032 -0.959422 0.040629 -0.542797 -0.839223 0.032807 -0.613005 -0.789372 0.0334 -0.756932 -0.652992 0.025589 -0.791627 -0.610459 0.025827 -0.863447 -0.504056 0.019669 -0.880648 -0.473346 0.020039 -0.921968 -0.38698 0.014876 -0.930843 -0.365097 0.015363 -0.957899 -0.286896 0.010927 -0.962559 -0.270836 0.011322 -0.979031 -0.203579 0.00735 -0.981535 -0.191133 0.007633 -0.990921 -0.134377 0.004275 -0.992261 -0.124092 0.004398 -0.997303 -0.073381 0.001481 -0.997928 -0.06433 0.00145 -0.999848 -0.017388 -0.001099 -0.999957 -0.009153 -0.001285 -0.999335 0.036217 -0.00426 -0.999077 0.042792 -0.003823 -0.996183 0.087048 -0.006436 -0.995718 0.092233 -0.00617 -0.990859 0.134632 -0.008517 -0.990187 0.139498 -0.00832 -0.983715 0.179437 -0.010342 -0.983009 0.18326 -0.010414 -0.975694 0.218787 -0.012423 -0.97521 0.220926 -0.012518 -0.967934 0.250786 -0.014513 -0.005752 -0.999281 0.037478 -0.436764 -0.898946 0.033653 -0.702995 -0.7107 0.026519 -0.836938 -0.546914 0.020471 -0.907318 -0.420142 0.015978 -0.949811 -0.3126 0.011865 -0.974678 -0.223459 0.008283 -0.988512 -0.151051 0.005286 -0.996104 -0.088142 0.002647 -0.999556 -0.029806 -0.000466 0.987275 -0.157068 0.024842 0.987413 -0.155132 0.030809 0.989446 -0.143071 0.022986 0.989646 -0.140835 0.02769 0.990905 -0.132915 0.020991 0.991229 -0.130533 0.020661 0.991697 -0.127601 0.015969 0.991904 -0.126042 0.015498 0.991547 -0.129238 0.011468 0.990387 -0.137615 0.013954 0.988016 -0.153992 0.01053 0.984923 -0.172501 0.013039 0.979815 -0.199618 0.01078 0.974017 -0.226081 0.013365 0.963814 -0.266302 0.012103 0.95327 -0.301734 0.01524 0.934445 -0.355812 0.014482 0.913738 -0.405889 0.018371 0.880954 -0.472859 0.018026 0.837734 -0.545611 0.022571 0.774396 -0.632277 0.023167 0.69456 -0.718884 0.028154 0.560537 -0.827597 0.029681 0.42649 -0.903835 0.034478 0.181206 -0.982828 0.034822 -0.286718 -0.957422 0.033712 -0.620547 -0.783685 0.027544 -0.796816 -0.60385 0.021226 -0.884299 -0.466632 0.016394 -0.934591 -0.355507 0.012403 -0.965562 -0.260023 0.008877 -0.983431 -0.181185 0.005895 -0.993406 -0.114599 0.003318 -0.998665 -0.051651 0.00047 -0.999928 0.011875 -0.001805 -0.99961 0.0278 -0.002608 -0.997214 0.074511 -0.00355 0.989437 -0.144746 0.007907 0.991544 -0.129194 0.01225 0.983151 -0.182616 0.008156 0.970935 -0.23916 0.009318 0.947537 -0.319452 0.011144 0.903074 -0.429253 0.01413 0.817793 -0.575201 0.018935 0.660706 -0.750237 0.024712 0.377519 -0.925508 0.030248 -0.063387 -0.997481 0.031831 -0.476358 -0.87881 0.027857 -0.72365 -0.689822 0.021843 -0.847653 -0.530288 0.016736 -0.914499 -0.404405 0.012189 -0.954478 -0.298153 0.008707 -0.977385 -0.211389 0.005814 -0.990093 -0.140372 0.003357 -0.997205 -0.074718 0.000608 -0.999965 -0.008184 -0.001824 -0.998374 0.056849 -0.004186 -0.993006 0.117896 -0.00638 -0.991285 0.131581 -0.006434 -0.9847 0.174051 -0.008494 0.987549 -0.156708 -0.013808 0.987178 -0.159497 -0.006381 0.989054 -0.147493 -0.004168 0.989912 -0.141207 -0.011627 0.990904 -0.134537 -0.002826 0.991372 -0.130843 -0.007807 0.991537 -0.129818 -0.000743 0.991905 -0.126884 -0.00507 0.347165 -0.937583 0.020359 0.047444 -0.998538 0.025882 -0.164605 -0.986124 0.02153 -0.397082 -0.917473 0.023852 -0.546143 -0.837491 0.018361 -0.682955 -0.730212 0.019029 -0.759534 -0.650312 0.014222 -0.827725 -0.560944 0.014597 -0.865426 -0.500915 0.011003 -0.903018 -0.429452 0.011332 -0.923463 -0.383593 0.008555 -0.947867 -0.318555 0.008478 -0.958997 -0.283344 0.006359 -0.973822 -0.227227 0.006199 -0.979812 -0.199865 0.004674 -0.98811 -0.153687 0.004392 -0.991413 -0.130727 0.003344 -0.996708 -0.081029 0.002783 -0.998748 0.050029 -0.000011 -0.993981 0.109545 -0.001378 -0.996316 0.085762 -0.00052 -0.990781 0.135467 -0.001474 -0.9853 0.17081 -0.002905 0.991359 -0.130406 -0.014195 0.990122 -0.138691 -0.020561 0.992252 -0.123793 -0.010569 0.991851 -0.12725 -0.006184 0.990286 -0.139031 -0.00187 0.988173 -0.153298 -0.00379 0.984754 -0.173955 0.000289 0.979633 -0.200792 -0.00134 0.973776 -0.227494 0.002477 0.962816 -0.270157 0.001117 0.952947 -0.303096 0.004992 0.932603 -0.360884 0.003897 0.913203 -0.407428 0.007943 0.878041 -0.478541 0.006564 0.837115 -0.54691 0.011305 0.766788 -0.641823 0.009997 0.678328 -0.734588 0.0159 0.524818 -0.851098 0.014126 0.100745 -0.994766 0.017067 -0.352402 -0.935707 0.016292 -0.655521 -0.755063 0.013163 -0.813219 -0.581869 0.010169 -0.892403 -0.451169 0.007913 -0.93856 -0.345062 0.006172 -0.96754 -0.252676 0.004657 -0.984455 -0.175603 0.003565 -0.993924 -0.110033 0.002698 -0.997324 -0.073054 0.002731 -0.998688 -0.051178 0.001961 -0.999763 -0.021676 0.001992 -0.999994 0.00336 0.001281 -0.999438 0.033505 0.000647 -0.99849 0.054927 0.000607 -0.994579 0.103984 -0.000074 -0.988564 0.150801 -0.000783 -0.98389 0.178762 -0.001961 -0.981067 0.193663 -0.001359 -0.976497 0.215515 -0.002507 -0.973138 0.230219 -0.001492 -0.966572 0.25637 -0.003615 -0.964677 0.263429 -0.001656 0.990635 -0.134017 -0.02611 0.991076 -0.129913 -0.029853 0.991747 -0.124272 -0.031535 0.994242 -0.105242 -0.020167 0.993546 -0.112553 -0.01409 0.993736 -0.110835 -0.014311 0.990952 -0.133829 -0.010163 0.989971 -0.1409 -0.010199 0.984268 -0.176556 -0.006649 0.981624 -0.190691 -0.007234 0.97041 -0.241431 -0.00393 0.964473 -0.264136 -0.004796 0.944313 -0.329044 -0.001577 0.931733 -0.363131 -0.003072 0.898067 -0.439859 0.000505 0.870392 -0.492358 -0.001393 0.806218 -0.591613 0.002689 0.741785 -0.670638 0.000119 0.604623 -0.796495 0.00518 0.464165 -0.885747 0.001697 0.222462 -0.974914 0.007364 0.01508 -0.999883 0.002672 -0.247397 -0.968883 0.00776 -0.418157 -0.908371 0.002662 -0.593519 -0.804793 0.006546 -0.688217 -0.725502 0.002174 -0.780282 -0.625407 0.005096 -0.825467 -0.564447 0.001641 -0.873588 -0.48665 0.00395 -0.898473 -0.439026 0.001222 -0.92622 -0.376971 0.003156 -0.943131 -0.332418 0.001077 -0.959442 -0.281893 0.002794 -0.969835 -0.24376 0.00114 -0.979428 -0.20178 0.002488 -0.985153 -0.171674 0.001338 -0.99091 -0.134504 0.002372 -0.994185 -0.107679 0.001534 -0.997209 -0.074619 0.002334 -0.998827 -0.048378 0.001922 -0.99981 -0.019352 0.00231 -0.99998 0.005856 0.00234 -0.999461 0.032748 0.002261 -0.998406 0.056386 0.002501 -0.996602 0.082343 0.002148 -0.994724 0.102554 0.002598 -0.991685 0.128674 0.001968 -0.989441 0.144914 0.002561 -0.985103 0.171957 0.001523 -0.982986 0.183663 0.002711 -0.977204 0.212292 0.001995 -0.968921 0.24733 0.00456 0.992234 -0.118299 -0.038436 0.993709 -0.105117 -0.038624 0.995192 -0.096148 -0.018685 0.993918 -0.109108 -0.014948 0.989287 -0.145549 -0.011244 0.979627 -0.200651 -0.008402 0.96009 -0.279616 -0.006486 0.921186 -0.389087 -0.005181 0.843505 -0.537105 -0.004291 0.677277 -0.735718 -0.003724 0.337591 -0.941287 -0.003392 -0.13308 -0.991101 -0.002962 -0.519193 -0.854654 -0.002383 -0.738458 -0.674297 -0.001937 -0.849042 -0.528323 -0.001528 -0.911975 -0.410245 -0.001137 -0.950756 -0.30994 -0.000527 -0.973672 -0.227953 0.000058 -0.987808 -0.155678 0.00051 -0.996296 -0.085987 0.001216 -0.99975 -0.022265 0.001843 -0.999444 0.033273 0.00232 -0.996539 0.083077 0.002742 0.996118 -0.085809 -0.019621 0.994053 -0.107966 -0.014228 0.988334 -0.151892 -0.011206 0.976504 -0.215303 -0.009229 0.951769 -0.30671 -0.008077 0.899482 -0.436889 -0.007731 0.792297 -0.610082 -0.008062 0.559224 -0.828967 -0.009016 0.141091 -0.98995 -0.009593 -0.314078 -0.949357 -0.008734 -0.624315 -0.78114 -0.007145 -0.78889 -0.614509 -0.005665 -0.877511 -0.479534 -0.004569 -0.930485 -0.366314 -0.003364 -0.96189 -0.273427 -0.002434 -0.979523 -0.201325 -0.001385 -0.991143 -0.1328 -0.000351 -0.998087 -0.061825 0.000721 -0.999995 0.002609 0.001523 -0.979505 -0.201407 -0.002464 -0.992936 -0.118646 -0.000698 -0.998749 -0.049999 0.00071 -0.999899 0.014055 0.001862 -0.99817 0.060428 0.002283 -0.997287 0.073574 0.00248 -0.993769 0.111422 0.002788 -0.991776 0.127951 0.002893 -0.987807 0.155647 0.003241 -0.985097 0.171959 0.003685 -0.981634 0.190729 0.004039 -0.977206 0.212219 0.005545 -0.975247 0.221066 0.00476 0.994438 -0.092602 -0.050177 0.996479 -0.07252 -0.042076 0.995555 -0.083916 -0.04275 0.997388 -0.063646 -0.034139 0.996498 -0.076543 -0.033648 0.997926 -0.059434 -0.024719 0.996802 -0.07514 -0.027192 0.99731 -0.069916 -0.022017 0.99774 -0.064752 -0.017968 0.995999 -0.087829 -0.016508 0.995059 -0.098248 -0.014346 0.99166 -0.128221 -0.013025 0.987711 -0.155808 -0.012302 0.981818 -0.189509 -0.010974 0.970598 -0.240423 -0.011661 0.960791 -0.277093 -0.010032 0.933691 -0.357864 -0.012457 0.916085 -0.400857 -0.010136 0.856299 -0.516276 -0.014553 0.822766 -0.568266 -0.011425 0.688941 -0.724593 -0.018048 0.620583 -0.784023 -0.013585 0.346587 -0.937766 -0.021708 0.23583 -0.971671 -0.015462 -0.12064 -0.992448 -0.022196 -0.231139 -0.972807 -0.014874 -0.501372 -0.865019 -0.019182 -0.573332 -0.819229 -0.012418 -0.720094 -0.693704 -0.015489 -0.760518 -0.64924 -0.009968 -0.83812 -0.545344 -0.012412 -0.860811 -0.508863 -0.00794 -0.906866 -0.421308 -0.009668 -0.920207 -0.391385 -0.006025 -0.947818 -0.318727 -0.007351 -0.956213 -0.292638 -0.004348 -0.973236 -0.229752 -0.005106 -0.988525 -0.151024 -0.003111 -0.996728 -0.080823 -0.001368 -0.999877 -0.015712 0.000077 -0.998953 0.045731 0.001189 -0.99464 0.103376 0.001976 -0.988404 0.151819 0.002869 -0.981589 0.19097 0.003694 0.99731 -0.060542 -0.04133 0.998643 -0.048555 -0.01883 0.996908 -0.077114 -0.01506 0.991425 -0.130026 -0.013065 0.977992 -0.208258 -0.012694 0.946128 -0.323487 -0.014081 0.871646 -0.48983 -0.017324 0.997995 -0.049592 -0.039314 0.99725 -0.05892 -0.044947 0.998792 -0.038698 -0.030296 0.998124 -0.05146 -0.033181 0.999059 -0.036352 -0.023639 0.998344 -0.043329 -0.037839 0.999119 -0.027594 -0.031612 0.999577 -0.020745 -0.020365 0.999232 -0.034256 -0.019016 0.999236 -0.036172 -0.014808 0.998066 -0.060364 -0.014858 0.996474 -0.082867 -0.013126 0.993571 -0.112446 -0.013164 0.986948 -0.160469 -0.013558 0.981489 -0.191053 -0.013377 0.960436 -0.278024 -0.016279 0.9991 -0.027841 -0.032011 0.999654 -0.012794 -0.022994 0.999836 -0.007171 -0.016645 0.999807 -0.012954 -0.014775 0.998695 -0.049459 -0.012701 0.993297 -0.114856 -0.013001 0.976376 -0.215504 -0.015752 0.929553 -0.368058 -0.021547 0.894153 -0.447233 -0.021736 0.810255 -0.585265 -0.030858 0.740929 -0.670922 -0.029812 0.547893 -0.835493 -0.04201 0.429161 -0.902409 -0.038452 0.112457 -0.992452 -0.048912 -0.029536 -0.998691 -0.041749 -0.327175 -0.943829 -0.046302 -0.433156 -0.900537 -0.037542 -0.622513 -0.781657 -0.038588 -0.678856 -0.733617 -0.030977 -0.93426 -0.356097 -0.018772 -0.959732 -0.280609 -0.013138 -0.966717 -0.255431 -0.014605 -0.97986 -0.199431 -0.010065 -0.985195 -0.171074 -0.011139 -0.991941 -0.12649 -0.007365 -0.995644 -0.092861 -0.008322 -0.998244 -0.059005 -0.005191 -0.999739 -0.021994 -0.006224 -0.999987 0.003631 -0.003468 -0.999154 0.040848 -0.004849 -0.998088 0.061762 -0.002361 -0.99564 0.093203 -0.003775 -0.993772 0.111427 -0.001396 0.99943 -0.017451 -0.028905 0.99973 -0.003044 -0.023028 0.999876 0.00206 -0.015592 0.999788 -0.016741 -0.011955 0.997451 -0.070334 -0.012006 0.987164 -0.159036 -0.014683 0.954894 -0.296233 -0.020579 0.868333 -0.495051 -0.030382 0.663926 -0.746537 -0.043423 0.282003 -0.957865 -0.054484 -0.182885 -0.98157 -0.055439 -0.532631 -0.844983 -0.048038 -0.73642 -0.675409 -0.038849 -0.789029 -0.613583 -0.030791 -0.850846 -0.524498 -0.031025 -0.880101 -0.474165 -0.024295 -0.915756 -0.400981 -0.024597 -0.953715 -0.300074 -0.019602 -0.977548 -0.210152 -0.015354 -0.991769 -0.127483 -0.011909 -0.998647 -0.051162 -0.009293 -0.999784 0.019355 -0.007576 -0.991755 0.128061 -0.00474 0.999908 0.007368 -0.01138 0.99935 -0.034348 -0.010925 0.994041 -0.108205 -0.013164 0.974731 -0.222605 -0.018587 0.916522 -0.398978 -0.028349 0.761947 -0.646215 -0.042917 0.438455 -0.896887 -0.057883 -0.0229 -0.997702 -0.063769 -0.43496 -0.898612 -0.057492 0.999824 0.000075 -0.018777 0.999766 0.01443 -0.016135 0.999697 -0.006901 -0.023608 0.999791 0.006438 -0.019388 0.999737 0.019806 -0.011526 0.999813 0.012394 -0.014829 0.999946 0.003812 -0.009616 0.998443 -0.054667 -0.011112 0.987974 -0.153798 -0.015939 0.950753 -0.308924 -0.025184 0.843303 -0.535965 -0.039754 0.592664 -0.803392 -0.057546 0.171235 -0.982774 -0.069521 -0.276186 -0.958714 -0.067743 -0.598451 -0.799134 -0.056933 -0.694188 -0.718289 -0.046521 -0.781531 -0.622231 -0.045141 -0.831463 -0.554371 -0.036638 -0.880042 -0.473562 -0.035564 -0.905376 -0.423611 -0.029115 -0.934946 -0.353663 -0.028248 -0.947514 -0.318865 -0.023288 -0.966465 -0.2558 -0.022609 -0.973534 -0.227787 -0.018574 -0.985322 -0.169708 -0.018411 -0.989383 -0.144576 -0.014813 -0.995829 -0.089973 -0.015112 -0.997623 -0.067865 -0.011969 -0.9998 -0.015278 -0.012904 -0.999942 0.004006 -0.010014 -0.998471 0.05413 -0.011163 -0.997964 0.06315 -0.008972 0.999623 0.025695 -0.009702 0.999946 -0.005403 -0.008839 0.996775 -0.079312 -0.012199 0.979028 -0.202767 -0.019748 0.915969 -0.39987 -0.033246 0.745237 -0.664754 -0.052198 0.401399 -0.913212 -0.070169 -0.059819 -0.995309 -0.076036 -0.454569 -0.88811 -0.068022 -0.703433 -0.708631 -0.054997 -0.835874 -0.547188 -0.0436 -0.908371 -0.416715 -0.034792 -0.951188 -0.307332 -0.028089 -0.976968 -0.212157 -0.022852 -0.992203 -0.123203 -0.018831 -0.999118 -0.038868 -0.015913 -0.999055 0.041214 -0.013809 0.999678 0.02264 -0.011478 0.999714 0.019387 -0.013974 0.999442 0.032224 -0.008774 0.999932 0.00845 -0.00807 -0.797496 -0.601161 -0.051036 -0.884721 -0.46429 -0.041273 -0.938798 -0.342899 -0.032827 0.998082 -0.060853 -0.011392 0.983569 -0.179506 -0.019207 -0.970851 -0.238231 -0.026337 -0.989489 -0.143022 -0.021342 -0.998389 -0.053815 -0.017992 -0.999546 0.02542 -0.016187 -0.724991 -0.686651 0.053838 0.992902 -0.013332 0.118187 0.990483 -0.07881 0.112838 -0.994934 0.098627 0.019462 -0.987928 0.154863 -0.004053 -0.989773 0.142652 0.000616 -0.975545 0.219011 -0.018623 -0.977436 0.210545 -0.017023 -0.978255 0.20679 -0.015985 -0.968024 0.250254 -0.01738 -0.969287 0.245243 -0.018376 -0.965646 0.259713 -0.008818 -0.965928 0.258597 -0.01056 -0.966276 0.25723 -0.01198 -0.966772 0.255293 -0.013298 0.987355 -0.158522 0.001149 0.987269 -0.158827 0.008581 0.987222 -0.158428 0.017149 -0.968001 0.250935 0.002313 -0.967099 0.254399 0.001204 -0.966206 0.257769 -0.000144 -0.965649 0.259779 -0.006034 -0.966615 0.256135 -0.007044 -0.972429 0.233146 0.00499 -0.976952 0.213433 0.003437 -0.979219 0.20277 0.003839 -0.985558 0.169306 0.003201 -0.991677 0.128717 0.002837 -0.985365 0.170445 0.002012 -0.98319 0.182551 0.003423 -0.996943 0.077875 -0.006336 -0.995037 0.098821 -0.011611 0.768414 -0.635789 -0.07288 0.784706 -0.617174 -0.057728 0.604407 -0.791908 -0.087028 0.448852 -0.889831 -0.082057 0.257362 -0.959992 -0.110367 0.052451 -0.992764 -0.108025 0.018257 -0.995724 -0.090552 -0.308478 -0.945398 -0.105188 -0.618554 -0.783453 0.059938 -0.686326 -0.725277 0.054125 -0.885286 -0.463617 0.036438 -0.994228 0.107247 0.002811 -0.998296 0.05819 0.004325 -0.999984 0.000311 0.005719 -0.998092 -0.061212 0.00815 -0.991927 -0.126271 0.011658 -0.980416 -0.196274 0.016138 -0.961287 -0.274704 0.021582 -0.931283 -0.363228 0.027872 -0.884574 -0.465102 0.034779 -0.80759 -0.588171 0.043049 -0.677886 -0.733279 0.052647 -0.442904 -0.894318 0.063497 -0.049149 -0.996264 0.071007 0.408319 -0.9104 0.066683 0.729372 -0.682033 0.053357 0.887477 -0.459021 0.041037 0.956516 -0.289751 0.033476 0.983964 -0.175687 0.030816 0.994629 -0.098299 0.032399 0.998191 -0.0466 0.03798 -0.992759 0.120117 -0.00143 -0.997468 0.071116 0.00054 -0.99991 0.013231 0.002365 -0.99882 -0.048295 0.005192 -0.993505 -0.113431 0.00901 -0.982909 -0.183585 0.013683 -0.964796 -0.262296 0.019232 -0.991215 0.132163 -0.005011 -0.996529 0.083202 -0.002688 -0.999677 0.025411 -0.000441 -0.999343 -0.036131 0.002685 -0.994827 -0.101363 0.006694 -0.98509 -0.171656 0.011517 -0.968711 -0.24756 0.017684 -0.949283 -0.31366 0.021884 -0.986998 -0.160441 0.00965 -0.995927 -0.09004 0.004727 -0.999692 -0.024802 0.000547 -0.99932 0.036768 -0.002766 -0.995506 0.09455 -0.005292 -0.989634 0.143393 -0.007953 -0.982945 0.183521 -0.011813 -0.980919 0.193887 -0.01434 -0.988041 0.153846 -0.01031 -0.994436 0.105076 -0.007435 -0.99887 0.047293 -0.004697 -0.999898 -0.014222 -0.001177 -0.996831 -0.079485 0.003093 -0.989027 -0.147482 0.008617 -0.979054 -0.203237 0.012152 -0.978952 0.203445 -0.01624 -0.986469 0.163499 -0.012122 -0.99335 0.114777 -0.009102 -0.998351 0.057066 -0.006174 -0.999987 -0.004438 -0.002555 -0.997561 -0.069779 0.001716 -0.990619 -0.136497 0.00647 -0.979282 -0.202198 0.011056 -0.961746 -0.27348 0.015919 -0.932381 -0.360834 0.021547 -0.883473 -0.467635 0.028142 -0.804018 -0.593542 0.035528 -0.659518 -0.750363 0.044621 -0.382114 -0.922489 0.054805 0.049904 -0.996956 0.059909 0.487855 -0.871248 0.054078 0.759956 -0.648546 0.043069 0.884506 -0.465241 0.034621 0.942334 -0.333357 0.029662 -0.985044 0.171788 -0.013335 -0.992336 0.123141 -0.010227 -0.997828 0.065471 -0.007213 -0.999986 0.003951 -0.003573 -0.998114 -0.061388 0.000716 -0.984073 0.177211 -0.014036 -0.991638 0.128591 -0.010895 -0.997448 0.070961 -0.00782 -0.999947 0.009452 -0.004144 -0.983121 0.182386 -0.014457 0.990324 -0.126717 0.056581 0.992028 -0.117637 0.045184 0.993142 -0.111621 0.034781 -0.976887 0.213247 -0.014757 -0.984322 0.175948 -0.012372 -0.991124 0.132552 -0.010176 -0.996322 0.085336 -0.007779 -0.999341 0.035928 -0.00513 -0.999871 -0.015938 -0.002213 -0.99748 -0.070942 0.000942 -0.991448 -0.130429 0.004326 -0.980359 -0.197056 0.008027 -0.961077 -0.27601 0.012214 -0.929225 -0.369128 0.016911 -0.879319 -0.475726 0.02197 -0.791685 -0.610278 0.028227 -0.617319 -0.785872 0.036357 -0.291637 -0.9555 0.044355 0.167904 -0.984717 0.046271 0.568206 -0.821925 0.039748 0.789397 -0.613083 0.031331 0.89051 -0.454256 0.025383 0.939978 -0.340541 0.021747 0.967693 -0.251345 0.019911 -0.975784 0.218287 -0.013979 -0.98341 0.181015 -0.011763 -0.990437 0.137626 -0.009691 -0.995873 0.090454 -0.007391 -0.999144 0.041077 -0.004874 -0.99994 -0.010741 -0.002136 -0.997832 -0.0658 0.000801 -0.992109 -0.125315 0.003964 -0.981365 -0.192012 0.007404 -0.962498 -0.271054 0.011306 -0.931106 -0.364411 0.015718 -0.881784 -0.471206 0.020534 -0.794883 -0.606185 0.026481 -0.621454 -0.782704 0.034204 -0.296546 -0.954103 0.041808 0.162859 -0.985683 0.043666 0.564022 -0.824908 0.03749 0.786229 -0.617233 0.029463 0.888218 -0.45881 0.023699 0.938261 -0.345343 0.020102 0.966408 -0.256369 0.018163 0.981983 -0.188116 0.017932 0.989619 -0.142371 0.019586 0.992629 -0.118878 0.023551 0.992676 -0.116898 0.030475 0.991641 -0.122947 0.03914 -0.975543 0.219554 -0.010626 -0.98367 0.179761 -0.008896 -0.990832 0.134914 -0.007099 -0.996427 0.084266 -0.005713 -0.975236 0.220951 -0.009739 -0.983566 0.180361 -0.008239 0.989377 -0.144426 0.016548 0.991043 -0.13287 0.013384 -0.975381 0.220325 -0.009466 0.989342 -0.145323 0.009164 0.990981 -0.133774 0.007784 0.991442 -0.13039 0.006377 0.989488 -0.14449 0.006004 0.983412 -0.181263 0.006687 0.971734 -0.235942 0.008013 0.949478 -0.313669 0.010161 0.906273 -0.422484 0.013269 0.822686 -0.568225 0.017541 0.671432 -0.740718 0.022696 0.40861 -0.912284 0.027841 -0.007932 -0.999505 0.030449 -0.435382 -0.899828 0.027416 -0.70243 -0.711422 0.021681 -0.837462 -0.546242 0.016639 -0.909333 -0.415877 0.012652 -0.951907 -0.306246 0.009293 -0.976061 -0.2174 0.006544 -0.989391 -0.145213 0.004311 -0.996883 -0.078859 0.002257 -0.999929 -0.011887 0.000137 -0.998569 0.05345 -0.001919 -0.993383 0.114786 -0.003828 -0.985067 0.172079 -0.005616 -0.97539 0.22037 -0.007116 0.989354 -0.145503 0.002776 0.990984 -0.133947 0.002857 0.991434 -0.130575 0.003136 0.989472 -0.144676 0.003634 0.983391 -0.18144 0.004756 0.971697 -0.236144 0.006374 0.949463 -0.31376 0.0086 0.906167 -0.422758 0.011726 0.822581 -0.568427 0.015832 0.671428 -0.740781 0.020683 0.408554 -0.912377 0.025535 -0.008068 -0.999574 0.028036 -0.435578 -0.899796 0.025275 -0.702577 -0.711327 0.019984 -0.837589 -0.546084 0.015353 -0.909443 -0.415663 0.011699 -0.951961 -0.3061 0.008625 -0.976107 -0.217205 0.00615 -0.989411 -0.145082 0.004135 -0.996894 -0.078715 0.002313 -0.999932 -0.011683 0.000482 -0.998561 0.053613 -0.001346 -0.993365 0.114961 -0.003035 -0.985042 0.172255 -0.004631 -0.975364 0.220522 -0.005951 0.989545 -0.144219 0.001334 0.983484 -0.180972 0.002867 0.971818 -0.235684 0.004714 0.94963 -0.313295 0.007033 0.906391 -0.42232 0.010079 0.822891 -0.568027 0.013988 0.663782 -0.747708 0.018073 0.442512 -0.896473 0.022782 -0.999911 -0.013305 0.001234 -0.975477 0.22005 -0.004706 -0.975067 0.221909 -0.000081 -0.98281 0.184617 0.000022 -0.989965 0.141309 0.000518 -0.995557 0.094155 0.001019 -0.998996 0.044784 0.00147 -0.999973 -0.007118 0.001901 -0.998065 -0.062135 0.002333 -0.992567 -0.121666 0.002806 -0.982089 -0.188388 0.003403 -0.96354 -0.26753 0.004226 -0.932544 -0.361018 0.00531 -0.883711 -0.467984 0.006745 -0.79739 -0.603403 0.008661 -0.624535 -0.780917 0.011178 -0.300278 -0.953756 0.013535 0.159329 -0.987131 0.013626 0.561187 -0.827619 0.010778 0.784253 -0.620399 0.007191 0.886804 -0.462127 0.004218 0.937144 -0.348938 0.001766 0.965602 -0.260023 -0.000692 0.981446 -0.19171 -0.003371 0.989259 -0.146039 -0.006315 0.992415 -0.122548 -0.009739 0.992568 -0.120747 -0.015102 0.991625 -0.127612 -0.019874 0.992175 -0.123033 -0.021243 -0.975838 0.218495 0.000945 -0.983442 0.181222 0.000909 -0.990455 0.13783 0.001228 -0.995881 0.090659 0.001571 -0.999145 0.041291 0.001864 -0.999942 -0.010607 0.002102 -0.997841 -0.065634 0.002324 -0.992138 -0.125125 0.002581 -0.981425 -0.191825 0.002928 -0.962594 -0.270926 0.003476 -0.9313 -0.364229 0.004264 -0.882106 -0.471021 0.005362 -0.795247 -0.606247 0.006854 -0.621812 -0.783117 0.008836 -0.29705 -0.954803 0.010642 0.162751 -0.98661 0.010578 0.564118 -0.825654 0.008128 0.786507 -0.617561 0.005046 0.888439 -0.458989 0.002454 0.938335 -0.345729 0.000235 0.966511 -0.256616 -0.002145 0.982102 -0.188289 -0.004872 0.989751 -0.14258 -0.00801 0.992976 -0.117633 -0.012706 0.992968 -0.11723 -0.016484 0.992723 -0.117861 -0.024699 0.993267 -0.114516 -0.017514 0.993491 -0.110098 -0.029209 0.994351 -0.101237 -0.031887 0.995112 -0.095623 -0.024684 0.994455 -0.096445 -0.041934 0.995423 -0.089498 -0.03352 0.996083 -0.084312 -0.026628 0.998636 -0.045471 -0.025648 -0.990512 0.137416 0.001836 -0.996073 0.08853 0.000891 -0.999528 0.030738 -0.000022 -0.999522 -0.030875 -0.001323 -0.995371 -0.096061 -0.00299 -0.986048 -0.166388 -0.004992 -0.969393 -0.245403 -0.007351 -0.942212 -0.334867 -0.010032 -0.898778 -0.438214 -0.01294 -0.825729 -0.563828 -0.016409 -0.700736 -0.713127 -0.020454 -0.470726 -0.881922 -0.025101 -0.079481 -0.996427 -0.02857 0.380998 -0.924173 -0.027282 0.709115 -0.704747 -0.022079 -0.992178 0.12483 0.000396 -0.997115 0.075899 -0.000566 -0.999837 0.018 -0.0016 -0.999047 -0.043541 -0.00304 -0.994066 -0.108673 -0.004899 -0.98384 -0.178906 -0.007166 -0.966173 -0.257707 -0.009852 -0.937868 -0.34675 -0.012947 -0.893075 -0.449607 -0.016413 -0.818432 -0.574234 -0.020588 -0.69159 -0.72184 -0.025489 -0.459419 -0.887675 -0.031093 -0.066806 -0.997148 -0.0351 0.392721 -0.919061 -0.03311 0.717895 -0.695654 -0.026313 0.879781 -0.474966 -0.019799 0.951645 -0.306811 -0.015447 -0.930741 -0.365318 -0.016252 -0.888294 -0.458829 -0.020219 -0.811202 -0.58423 -0.025015 0.929046 -0.368472 -0.033205 0.774325 -0.630521 -0.053511 0.45229 -0.888814 -0.073775 0.000008 -0.996625 -0.082087 -0.398167 -0.914207 -0.075426 -0.660632 -0.748106 -0.062474 -0.749175 0.662348 -0.005688 0.555471 0.381233 -0.738995 -0.426082 0.269339 -0.863661 -0.994674 0.102558 -0.010289 -0.994036 0.108355 -0.012271 -0.592515 0.060826 -0.803259 -0.993809 0.110904 -0.00657 -0.998649 0.045485 -0.025141 -0.998485 0.053504 -0.01286 -0.99867 0.047325 -0.020444 0.999482 0.032104 0.002253 0.600659 0.022297 -0.799194 0.999193 0.040117 0.00189 0.7063 0.021894 -0.707574 0.999946 0.001006 -0.010337 0.939884 -0.03947 -0.339206 0.992054 -0.11612 -0.048417 0.781335 -0.161011 -0.602986 0.93294 -0.337973 -0.124086 0.555957 -0.305715 -0.772949 0.705893 -0.667053 -0.238232 0.374087 -0.582186 -0.721885 0.195779 -0.92436 -0.327459 -0.027511 -0.557287 -0.829864 -0.405396 -0.860388 -0.308846 -0.282878 -0.505137 -0.815363 0.999413 0.034266 -0.000032 0.999724 -0.02221 -0.007611 0.989923 -0.139548 -0.024064 0.937779 -0.343016 -0.053943 -0.829517 -0.552055 -0.08448 -0.62106 -0.775446 -0.113877 -0.917496 -0.392805 -0.062499 -0.964223 -0.261266 -0.044869 -0.989265 -0.142923 -0.03047 0.999277 0.038027 0.000359 0.999225 0.039347 0.000673 0.999352 0.035974 -0.000718 0.999979 -0.002265 -0.006018 0.999062 0.043264 0.001786 0.999482 0.032161 0.000718 0.999747 0.022316 -0.002791 0.997959 -0.060056 -0.021691 0.993988 -0.106585 -0.025052 0.973826 -0.219333 -0.059625 0.954113 -0.293176 -0.060962 0.863431 -0.488704 -0.125119 0.792384 -0.598048 -0.120277 0.493477 -0.843511 -0.212062 0.350662 -0.918382 -0.183334 -0.125369 -0.962582 -0.240248 -0.237994 -0.95275 -0.188748 -0.5753 -0.793552 -0.198258 -0.621641 -0.768287 -0.152635 -0.794435 -0.588806 -0.148931 -0.814022 -0.569433 -0.114518 -0.902397 -0.416976 -0.108678 -0.910888 -0.404086 -0.083654 -0.957376 -0.278193 -0.07772 -0.9614 -0.268607 -0.059672 -0.986229 -0.156746 -0.052754 -0.988141 -0.148236 -0.040032 -0.998423 -0.045847 -0.032393 -0.998974 -0.038344 -0.024114 -0.998997 0.040843 -0.018354 0.999206 0.039754 0.002555 0.999702 0.024399 0.000422 0.999475 0.032408 -0.000422 0.999171 -0.036134 -0.018734 0.980558 -0.186376 -0.061405 0.884884 -0.445133 -0.137246 0.560595 -0.792638 -0.239705 -0.041069 -0.956966 -0.287279 -0.536833 -0.807881 -0.243183 -0.72666 -0.646717 -0.231781 -0.778017 -0.601072 -0.182763 -0.873878 -0.456348 -0.167584 -0.895177 -0.425473 -0.132782 -0.944328 -0.306491 -0.119617 -0.953779 -0.285149 -0.094843 -0.980837 -0.177171 -0.081047 -0.984709 -0.161911 -0.064286 -0.997181 -0.056815 -0.049009 -0.998034 -0.048819 -0.039314 -0.998641 0.051105 -0.010219 -0.425009 -0.429298 -0.796913 -0.64586 -0.381242 -0.661452 -0.614396 -0.225639 -0.756045 -0.776157 -0.163323 -0.609021 -0.806063 -0.064533 -0.588302 -0.939168 0.027631 -0.342345 0.754873 -0.648313 -0.09928 0.356056 -0.924369 -0.13699 -0.219358 -0.965349 -0.141361 -0.999195 -0.035624 -0.018446</float_array>
          <technique_common>
            <accessor source="#GeometrySource1-array" count="3734" stride="3">
              <param name="X" type="float"/>
              <param name="Y" type="float"/>
              <param name="Z" type="float"/>
            </accessor>
          </technique_common>
        </source>
        <source id="GeometrySource2" name="MeshBody1UV">
          <float_array id="GeometrySource2-array" count="7468">0 -1 0 -1 0 -1 0 -1 0 -1 0 -1 0 -1 0 -1 0 -1 0 -1 0 -1 0 -1 0 -1 0 -1 0 -1 0 -1 0 -1 0 -1 0 -1 0 -1 0 -1 0 -1 0 -1 0 -1 0 -1 0 -1 0 -1 0 -1 0 -1 0 -1 0 -1 0 -1 0 -1 0 -1 0 -1 0 -1 0 -1 0 -1 0 -1 0 -1 0 -1 0 -1 0 -1 0 -1 0 -1 0 -1 0 -1 0 -1 0 -1 0 -1 0 -1 0 -1 0 -1 0 -1 0 -1 0 -1 0 -1 0 -1 0 -1 0 -1 0 -1 0 -1 0 -1 0 -1 0 -1 0 -1 0 -1 0 -1 0 -1 0 -1 0 -1 0 -1 0 -1 0 -1 0 -1 0 -1 0 -1 0 -1 0 -1 0 -1 0 -1 0 -1 0 -1 0 -1 0 -1 0 -1 0 -1 0 -1 0 -1 0 -1 0 -1 0 -1 0 -1 0 -1 0 -1 0 -1 0 -1 0 -1 0 -1 0 -1 0 -1 0 -1 0 -1 0 -1 0 -1 0 -1 0 -1 0 -1 0 -1 0 -1 0 -1 0 -1 0 -1 0 -1 0 -1 0 -1 0 -1 0 -1 0 -1 0 -1 0 -1 0 -1 0 -1 0 -1 0 -1 0 -1 0 -1 0 -1 0 -1 0 -1 0 -1 0 -1 0 -1 0 -1 0 -1 0 -1 0 -1 0 -1 0 -1 0 -1 0 -1 0 -1 0 -1 0 -1 0 -1 0 -1 0 -1 0 -1 0 -1 0 -1 0 -1 0 -1 0 -1 0 -1 0 -1 0 -1 0 -1 0 -1 0 -1 0 -1 0 -1 0 -1 0 -1 0 -1 0 -1 0 -1 0 -1 0 -1 0 -1 0 -1 0 -1 0 -1 0 -1 0 -1 0 -1 0 -1 0 -1 0 -1 0 -1 0 -1 0 -1 0 -1 0 -1 0 -1 0 -1 0 -1 0 -1 0 -1 0 -1 0 -1 0 -1 0 -1 0 -1 0 -1 0 -1 0 -1 0 -1 0 -1 0 -1 0 -1 0 -1 0 -1 0 -1 0 -1 0 -1 0 -1 0 -1 0 -1 0 -1 0 -1 0 -1 0 -1 0 -1 0 -1 0 -1 0 -1 0 -1 0 -1 0 -1 0 -1 0 -1 0 -1 0 -1 0 -1 0 -1 0 -1 0 -1 0 -1 0 -1 0 -1 0 -1 0 -1 0 -1 0 -1 0 -1 0 -1 0 -1 0 -1 0 -1 0 -1 0 -1 0 -1 0 -1 0 -1 0 -1 0 -1 0 -1 0 -1 0 -1 0 -1 0 -1 0 -1 0 -1 0 -1 0 -1 0 -1 0 -1 0 -1 0 -1 0 -1 0 -1 0 -1 0 -1 0 -1 0 -1 0 -1 0 -1 0 -1 0 -1 0 -1 0 -1 0 -1 0 -1 0 -1 0 -1 0 -1 0 -1 0 -1 0 -1 0 -1 0 -1 0 -1 0 -1 0 -1 0 -1 0 -1 0 -1 0 -1 0 -1 0 -1 0 -1 0 -1 0 -1 0 -1 0 -1 0 -1 0 -1 0 -1 0 -1 0 -1 0 -1 0 -1 0 -1 0 -1 0 -1 0 -1 0 -1 0 -1 0 -1 0 -1 0 -1 0 -1 0 -1 0 -1 0 -1 0 -1 0 -1 0 -1 0 -1 0 -1 0 -1 0 -1 0 -1 0 -1 0 -1 0 -1 0 -1 0 -1 0 -1 0 -1 0 -1 0 -1 0 -1 0 -1 0 -1 0 -1 0 -1 0 -1 0 -1 0 -1 0 -1 0 -1 0 -1 0 -1 0 -1 0 -1 0 -1 0 -1 0 -1 0 -1 0 -1 0 -1 0 -1 0 -1 0 -1 0 -1 0 -1 0 -1 0 -1 0 -1 0 -1 0 -1 0 -1 0 -1 0 -1 0 -1 0 -1 0 -1 0 -1 0 -1 0 -1 0 -1 0 -1 0 -1 0 -1 0 -1 0 -1 0 -1 0 -1 0 -1 0 -1 0 -1 0 -1 0 -1 0 -1 0 -1 0 -1 0 -1 0 -1 0 -1 0 -1 0 -1 0 -1 0 -1 0 -1 0 -1 0 -1 0 -1 0 -1 0 -1 0 -1 0 -1 0 -1 0 -1 0 -1 0 -1 0 -1 0 -1 0 -1 0 -1 0 -1 0 -1 0 -1 0 -1 0 -1 0 -1 0 -1 0 -1 0 -1 0 -1 0 -1 0 -1 0 -1 0 -1 0 -1 0 -1 0 -1 0 -1 0 -1 0 -1 0 -1 0 -1 0 -1 0 -1 0 -1 0 -1 0 -1 0 -1 0 -1 0 -1 0 -1 0 -1 0 -1 0 -1 0 -1 0 -1 0 -1 0 -1 0 -1 0 -1 0 -1 0 -1 0 -1 0 -1 0 -1 0 -1 0 -1 0 -1 0 -1 0 -1 0 -1 0 -1 0 -1 0 -1 0 -1 0 -1 0 -1 0 -1 0 -1 0 -1 0 -1 0 -1 0 -1 0 -1 0 -1 0 -1 0 -1 0 -1 0 -1 0 -1 0 -1 0 -1 0 -1 0 -1 0 -1 0 -1 0 -1 0 -1 0 -1 0 -1 0 -1 0 -1 0 -1 0 -1 0 -1 0 -1 0 -1 0 -1 0 -1 0 -1 0 -1 0 -1 0 -1 0 -1 0 -1 0 -1 0 -1 0 -1 0 -1 0 -1 0 -1 0 -1 0 -1 0 -1 0 -1 0 -1 0 -1 0 -1 0 -1 0 -1 0 -1 0 -1 0 -1 0 -1 0 -1 0 -1 0 -1 0 -1 0 -1 0 -1 0 -1 0 -1 0 -1 0 -1 0 -1 0 -1 0 -1 0 -1 0 -1 0 -1 0 -1 0 -1 0 -1 0 -1 0 -1 0 -1 0 -1 0 -1 0 -1 0 -1 0 -1 0 -1 0 -1 0 -1 0 -1 0 -1 0 -1 0 -1 0 -1 0 -1 0 -1 0 -1 0 -1 0 -1 0 -1 0 -1 0 -1 0 -1 0 -1 0 -1 0 -1 0 -1 0 -1 0 -1 0 -1 0 -1 0 -1 0 -1 0 -1 0 -1 0 -1 0 -1 0 -1 0 -1 0 -1 0 -1 0 -1 0 -1 0 -1 0 -1 0 -1 0 -1 0 -1 0 -1 0 -1 0 -1 0 -1 0 -1 0 -1 0 -1 0 -1 0 -1 0 -1 0 -1 0 -1 0 -1 0 -1 0 -1 0 -1 0 -1 0 -1 0 -1 0 -1 0 -1 0 -1 0 -1 0 -1 0 -1 0 -1 0 -1 0 -1 0 -1 0 -1 0 -1 0 -1 0 -1 0 -1 0 -1 0 -1 0 -1 0 -1 0 -1 0 -1 0 -1 0 -1 0 -1 0 -1 0 -1 0 -1 0 -1 0 -1 0 -1 0 -1 0 -1 0 -1 0 -1 0 -1 0 -1 0 -1 0 -1 0 -1 0 -1 0 -1 0 -1 0 -1 0 -1 0 -1 0 -1 0 -1 0 -1 0 -1 0 -1 0 -1 0 -1 0 -1 0 -1 0 -1 0 -1 0 -1 0 -1 0 -1 0 -1 0 -1 0 -1 0 -1 0 -1 0 -1 0 -1 0 -1 0 -1 0 -1 0 -1 0 -1 0 -1 0 -1 0 -1 0 -1 0 -1 0 -1 0 -1 0 -1 0 -1 0 -1 0 -1 0 -1 0 -1 0 -1 0 -1 0 -1 0 -1 0 -1 0 -1 0 -1 0 -1 0 -1 0 -1 0 -1 0 -1 0 -1 0 -1 0 -1 0 -1 0 -1 0 -1 0 -1 0 -1 0 -1 0 -1 0 -1 0 -1 0 -1 0 -1 0 -1 0 -1 0 -1 0 -1 0 -1 0 -1 0 -1 0 -1 0 -1 0 -1 0 -1 0 -1 0 -1 0 -1 0 -1 0 -1 0 -1 0 -1 0 -1 0 -1 0 -1 0 -1 0 -1 0 -1 0 -1 0 -1 0 -1 0 -1 0 -1 0 -1 0 -1 0 -1 0 -1 0 -1 0 -1 0 -1 0 -1 0 -1 0 -1 0 -1 0 -1 0 -1 0 -1 0 -1 0 -1 0 -1 0 -1 0 -1 0 -1 0 -1 0 -1 0 -1 0 -1 0 -1 0 -1 0 -1 0 -1 0 -1 0 -1 0 -1 0 -1 0 -1 0 -1 0 -1 0 -1 0 -1 0 -1 0 -1 0 -1 0 -1 0 -1 0 -1 0 -1 0 -1 0 -1 0 -1 0 -1 0 -1 0 -1 0 -1 0 -1 0 -1 0 -1 0 -1 0 -1 0 -1 0 -1 0 -1 0 -1 0 -1 0 -1 0 -1 0 -1 0 -1 0 -1 0 -1 0 -1 0 -1 0 -1 0 -1 0 -1 0 -1 0 -1 0 -1 0 -1 0 -1 0 -1 0 -1 0 -1 0 -1 0 -1 0 -1 0 -1 0 -1 0 -1 0 -1 0 -1 0 -1 0 -1 0 -1 0 -1 0 -1 0 -1 0 -1 0 -1 0 -1 0 -1 0 -1 0 -1 0 -1 0 -1 0 -1 0 -1 0 -1 0 -1 0 -1 0 -1 0 -1 0 -1 0 -1 0 -1 0 -1 0 -1 0 -1 0 -1 0 -1 0 -1 0 -1 0 -1 0 -1 0 -1 0 -1 0 -1 0 -1 0 -1 0 -1 0 -1 0 -1 0 -1 0 -1 0 -1 0 -1 0 -1 0 -1 0 -1 0 -1 0 -1 0 -1 0 -1 0 -1 0 -1 0 -1 0 -1 0 -1 0 -1 0 -1 0 -1 0 -1 0 -1 0 -1 0 -1 0 -1 0 -1 0 -1 0 -1 0 -1 0 -1 0 -1 0 -1 0 -1 0 -1 0 -1 0 -1 0 -1 0 -1 0 -1 0 -1 0 -1 0 -1 0 -1 0 -1 0 -1 0 -1 0 -1 0 -1 0 -1 0 -1 0 -1 0 -1 0 -1 0 -1 0 -1 0 -1 0 -1 0 -1 0 -1 0 -1 0 -1 0 -1 0 -1 0 -1 0 -1 0 -1 0 -1 0 -1 0 -1 0 -1 0 -1 0 -1 0 -1 0 -1 0 -1 0 -1 0 -1 0 -1 0 -1 0 -1 0 -1 0 -1 0 -1 0 -1 0 -1 0 -1 0 -1 0 -1 0 -1 0 -1 0 -1 0 -1 0 -1 0 -1 0 -1 0 -1 0 -1 0 -1 0 -1 0 -1 0 -1 0 -1 0 -1 0 -1 0 -1 0 -1 0 -1 0 -1 0 -1 0 -1 0 -1 0 -1 0 -1 0 -1 0 -1 0 -1 0 -1 0 -1 0 -1 0 -1 0 -1 0 -1 0 -1 0 -1 0 -1 0 -1 0 -1 0 -1 0 -1 0 -1 0 -1 0 -1 0 -1 0 -1 0 -1 0 -1 0 -1 0 -1 0 -1 0 -1 0 -1 0 -1 0 -1 0 -1 0 -1 0 -1 0 -1 0 -1 0 -1 0 -1 0 -1 0 -1 0 -1 0 -1 0 -1 0 -1 0 -1 0 -1 0 -1 0 -1 0 -1 0 -1 0 -1 0 -1 0 -1 0 -1 0 -1 0 -1 0 -1 0 -1 0 -1 0 -1 0 -1 0 -1 0 -1 0 -1 0 -1 0 -1 0 -1 0 -1 0 -1 0 -1 0 -1 0 -1 0 -1 0 -1 0 -1 0 -1 0 -1 0 -1 0 -1 0 -1 0 -1 0 -1 0 -1 0 -1 0 -1 0 -1 0 -1 0 -1 0 -1 0 -1 0 -1 0 -1 0 -1 0 -1 0 -1 0 -1 0 -1 0 -1 0 -1 0 -1 0 -1 0 -1 0 -1 0 -1 0 -1 0 -1 0 -1 0 -1 0 -1 0 -1 0 -1 0 -1 0 -1 0 -1 0 -1 0 -1 0 -1 0 -1 0 -1 0 -1 0 -1 0 -1 0 -1 0 -1 0 -1 0 -1 0 -1 0 -1 0 -1 0 -1 0 -1 0 -1 0 -1 0 -1 0 -1 0 -1 0 -1 0 -1 0 -1 0 -1 0 -1 0 -1 0 -1 0 -1 0 -1 0 -1 0 -1 0 -1 0 -1 0 -1 0 -1 0 -1 0 -1 0 -1 0 -1 0 -1 0 -1 0 -1 0 -1 0 -1 0 -1 0 -1 0 -1 0 -1 0 -1 0 -1 0 -1 0 -1 0 -1 0 -1 0 -1 0 -1 0 -1 0 -1 0 -1 0 -1 0 -1 0 -1 0 -1 0 -1 0 -1 0 -1 0 -1 0 -1 0 -1 0 -1 0 -1 0 -1 0 -1 0 -1 0 -1 0 -1 0 -1 0 -1 0 -1 0 -1 0 -1 0 -1 0 -1 0 -1 0 -1 0 -1 0 -1 0 -1 0 -1 0 -1 0 -1 0 -1 0 -1 0 -1 0 -1 0 -1 0 -1 0 -1 0 -1 0 -1 0 -1 0 -1 0 -1 0 -1 0 -1 0 -1 0 -1 0 -1 0 -1 0 -1 0 -1 0 -1 0 -1 0 -1 0 -1 0 -1 0 -1 0 -1 0 -1 0 -1 0 -1 0 -1 0 -1 0 -1 0 -1 0 -1 0 -1 0 -1 0 -1 0 -1 0 -1 0 -1 0 -1 0 -1 0 -1 0 -1 0 -1 0 -1 0 -1 0 -1 0 -1 0 -1 0 -1 0 -1 0 -1 0 -1 0 -1 0 -1 0 -1 0 -1 0 -1 0 -1 0 -1 0 -1 0 -1 0 -1 0 -1 0 -1 0 -1 0 -1 0 -1 0 -1 0 -1 0 -1 0 -1 0 -1 0 -1 0 -1 0 -1 0 -1 0 -1 0 -1 0 -1 0 -1 0 -1 0 -1 0 -1 0 -1 0 -1 0 -1 0 -1 0 -1 0 -1 0 -1 0 -1 0 -1 0 -1 0 -1 0 -1 0 -1 0 -1 0 -1 0 -1 0 -1 0 -1 0 -1 0 -1 0 -1 0 -1 0 -1 0 -1 0 -1 0 -1 0 -1 0 -1 0 -1 0 -1 0 -1 0 -1 0 -1 0 -1 0 -1 0 -1 0 -1 0 -1 0 -1 0 -1 0 -1 0 -1 0 -1 0 -1 0 -1 0 -1 0 -1 0 -1 0 -1 0 -1 0 -1 0 -1 0 -1 0 -1 0 -1 0 -1 0 -1 0 -1 0 -1 0 -1 0 -1 0 -1 0 -1 0 -1 0 -1 0 -1 0 -1 0 -1 0 -1 0 -1 0 -1 0 -1 0 -1 0 -1 0 -1 0 -1 0 -1 0 -1 0 -1 0 -1 0 -1 0 -1 0 -1 0 -1 0 -1 0 -1 0 -1 0 -1 0 -1 0 -1 0 -1 0 -1 0 -1 0 -1 0 -1 0 -1 0 -1 0 -1 0 -1 0 -1 0 -1 0 -1 0 -1 0 -1 0 -1 0 -1 0 -1 0 -1 0 -1 0 -1 0 -1 0 -1 0 -1 0 -1 0 -1 0 -1 0 -1 0 -1 0 -1 0 -1 0 -1 0 -1 0 -1 0 -1 0 -1 0 -1 0 -1 0 -1 0 -1 0 -1 0 -1 0 -1 0 -1 0 -1 0 -1 0 -1 0 -1 0 -1 0 -1 0 -1 0 -1 0 -1 0 -1 0 -1 0 -1 0 -1 0 -1 0 -1 0 -1 0 -1 0 -1 0 -1 0 -1 0 -1 0 -1 0 -1 0 -1 0 -1 0 -1 0 -1 0 -1 0 -1 0 -1 0 -1 0 -1 0 -1 0 -1 0 -1 0 -1 0 -1 0 -1 0 -1 0 -1 0 -1 0 -1 0 -1 0 -1 0 -1 0 -1 0 -1 0 -1 0 -1 0 -1 0 -1 0 -1 0 -1 0 -1 0 -1 0 -1 0 -1 0 -1 0 -1 0 -1 0 -1 0 -1 0 -1 0 -1 0 -1 0 -1 0 -1 0 -1 0 -1 0 -1 0 -1 0 -1 0 -1 0 -1 0 -1 0 -1 0 -1 0 -1 0 -1 0 -1 0 -1 0 -1 0 -1 0 -1 0 -1 0 -1 0 -1 0 -1 0 -1 0 -1 0 -1 0 -1 0 -1 0 -1 0 -1 0 -1 0 -1 0 -1 0 -1 0 -1 0 -1 0 -1 0 -1 0 -1 0 -1 0 -1 0 -1 0 -1 0 -1 0 -1 0 -1 0 -1 0 -1 0 -1 0 -1 0 -1 0 -1 0 -1 0 -1 0 -1 0 -1 0 -1 0 -1 0 -1 0 -1 0 -1 0 -1 0 -1 0 -1 0 -1 0 -1 0 -1 0 -1 0 -1 0 -1 0 -1 0 -1 0 -1 0 -1 0 -1 0 -1 0 -1 0 -1 0 -1 0 -1 0 -1 0 -1 0 -1 0 -1 0 -1 0 -1 0 -1 0 -1 0 -1 0 -1 0 -1 0 -1 0 -1 0 -1 0 -1 0 -1 0 -1 0 -1 0 -1 0 -1 0 -1 0 -1 0 -1 0 -1 0 -1 0 -1 0 -1 0 -1 0 -1 0 -1 0 -1 0 -1 0 -1 0 -1 0 -1 0 -1 0 -1 0 -1 0 -1 0 -1 0 -1 0 -1 0 -1 0 -1 0 -1 0 -1 0 -1 0 -1 0 -1 0 -1 0 -1 0 -1 0 -1 0 -1 0 -1 0 -1 0 -1 0 -1 0 -1 0 -1 0 -1 0 -1 0 -1 0 -1 0 -1 0 -1 0 -1 0 -1 0 -1 0 -1 0 -1 0 -1 0 -1 0 -1 0 -1 0 -1 0 -1 0 -1 0 -1 0 -1 0 -1 0 -1 0 -1 0 -1 0 -1 0 -1 0 -1 0 -1 0 -1 0 -1 0 -1 0 -1 0 -1 0 -1 0 -1 0 -1 0 -1 0 -1 0 -1 0 -1 0 -1 0 -1 0 -1 0 -1 0 -1 0 -1 0 -1 0 -1 0 -1 0 -1 0 -1 0 -1 0 -1 0 -1 0 -1 0 -1 0 -1 0 -1 0 -1 0 -1 0 -1 0 -1 0 -1 0 -1 0 -1 0 -1 0 -1 0 -1 0 -1 0 -1 0 -1 0 -1 0 -1 0 -1 0 -1 0 -1 0 -1 0 -1 0 -1 0 -1 0 -1 0 -1 0 -1 0 -1 0 -1 0 -1 0 -1 0 -1 0 -1 0 -1 0 -1 0 -1 0 -1 0 -1 0 -1 0 -1 0 -1 0 -1 0 -1 0 -1 0 -1 0 -1 0 -1 0 -1 0 -1 0 -1 0 -1 0 -1 0 -1 0 -1 0 -1 0 -1 0 -1 0 -1 0 -1 0 -1 0 -1 0 -1 0 -1 0 -1 0 -1 0 -1 0 -1 0 -1 0 -1 0 -1 0 -1 0 -1 0 -1 0 -1 0 -1 0 -1 0 -1 0 -1 0 -1 0 -1 0 -1 0 -1 0 -1 0 -1 0 -1 0 -1 0 -1 0 -1 0 -1 0 -1 0 -1 0 -1 0 -1 0 -1 0 -1 0 -1 0 -1 0 -1 0 -1 0 -1 0 -1 0 -1 0 -1 0 -1 0 -1 0 -1 0 -1 0 -1 0 -1 0 -1 0 -1 0 -1 0 -1 0 -1 0 -1 0 -1 0 -1 0 -1 0 -1 0 -1 0 -1 0 -1 0 -1 0 -1 0 -1 0 -1 0 -1 0 -1 0 -1 0 -1 0 -1 0 -1 0 -1 0 -1 0 -1 0 -1 0 -1 0 -1 0 -1 0 -1 0 -1 0 -1 0 -1 0 -1 0 -1 0 -1 0 -1 0 -1 0 -1 0 -1 0 -1 0 -1 0 -1 0 -1 0 -1 0 -1 0 -1 0 -1 0 -1 0 -1 0 -1 0 -1 0 -1 0 -1 0 -1 0 -1 0 -1 0 -1 0 -1 0 -1 0 -1 0 -1 0 -1 0 -1 0 -1 0 -1 0 -1 0 -1 0 -1 0 -1 0 -1 0 -1 0 -1 0 -1 0 -1 0 -1 0 -1 0 -1 0 -1 0 -1 0 -1 0 -1 0 -1 0 -1 0 -1 0 -1 0 -1 0 -1 0 -1 0 -1 0 -1 0 -1 0 -1 0 -1 0 -1 0 -1 0 -1 0 -1 0 -1 0 -1 0 -1 0 -1 0 -1 0 -1 0 -1 0 -1 0 -1 0 -1 0 -1 0 -1 0 -1 0 -1 0 -1 0 -1 0 -1 0 -1 0 -1 0 -1 0 -1 0 -1 0 -1 0 -1 0 -1 0 -1 0 -1 0 -1 0 -1 0 -1 0 -1 0 -1 0 -1 0 -1 0 -1 0 -1 0 -1 0 -1 0 -1 0 -1 0 -1 0 -1 0 -1 0 -1 0 -1 0 -1 0 -1 0 -1 0 -1 0 -1 0 -1 0 -1 0 -1 0 -1 0 -1 0 -1 0 -1 0 -1 0 -1 0 -1 0 -1 0 -1 0 -1 0 -1 0 -1 0 -1 0 -1 0 -1 0 -1 0 -1 0 -1 0 -1 0 -1 0 -1 0 -1 0 -1 0 -1 0 -1 0 -1 0 -1 0 -1 0 -1 0 -1 0 -1 0 -1 0 -1 0 -1 0 -1 0 -1 0 -1 0 -1 0 -1 0 -1 0 -1 0 -1 0 -1 0 -1 0 -1 0 -1 0 -1 0 -1 0 -1 0 -1 0 -1 0 -1 0 -1 0 -1 0 -1 0 -1 0 -1 0 -1 0 -1 0 -1 0 -1 0 -1 0 -1 0 -1 0 -1 0 -1 0 -1 0 -1 0 -1 0 -1 0 -1 0 -1 0 -1 0 -1 0 -1 0 -1 0 -1 0 -1 0 -1 0 -1 0 -1 0 -1 0 -1 0 -1 0 -1 0 -1 0 -1 0 -1 0 -1 0 -1 0 -1 0 -1 0 -1 0 -1 0 -1 0 -1 0 -1 0 -1 0 -1 0 -1 0 -1 0 -1 0 -1 0 -1 0 -1 0 -1 0 -1 0 -1 0 -1 0 -1 0 -1 0 -1 0 -1 0 -1 0 -1 0 -1 0 -1 0 -1 0 -1 0 -1 0 -1 0 -1 0 -1 0 -1 0 -1 0 -1 0 -1 0 -1 0 -1 0 -1 0 -1 0 -1 0 -1 0 -1 0 -1 0 -1 0 -1 0 -1 0 -1 0 -1 0 -1 0 -1 0 -1 0 -1 0 -1 0 -1 0 -1 0 -1 0 -1 0 -1 0 -1 0 -1 0 -1 0 -1 0 -1 0 -1 0 -1 0 -1 0 -1 0 -1 0 -1 0 -1 0 -1 0 -1 0 -1 0 -1 0 -1 0 -1 0 -1 0 -1 0 -1 0 -1 0 -1 0 -1 0 -1 0 -1 0 -1 0 -1 0 -1 0 -1 0 -1 0 -1 0 -1 0 -1 0 -1 0 -1 0 -1 0 -1 0 -1 0 -1 0 -1 0 -1 0 -1 0 -1 0 -1 0 -1 0 -1 0 -1 0 -1 0 -1 0 -1 0 -1 0 -1 0 -1 0 -1 0 -1 0 -1 0 -1 0 -1 0 -1 0 -1 0 -1 0 -1 0 -1 0 -1 0 -1 0 -1 0 -1 0 -1 0 -1 0 -1 0 -1 0 -1 0 -1 0 -1 0 -1 0 -1 0 -1 0 -1 0 -1 0 -1 0 -1 0 -1 0 -1 0 -1 0 -1 0 -1 0 -1 0 -1 0 -1 0 -1 0 -1 0 -1 0 -1 0 -1 0 -1 0 -1 0 -1 0 -1 0 -1 0 -1 0 -1 0 -1 0 -1 0 -1 0 -1 0 -1 0 -1 0 -1 0 -1 0 -1 0 -1 0 -1 0 -1 0 -1 0 -1 0 -1 0 -1 0 -1 0 -1 0 -1 0 -1 0 -1 0 -1 0 -1 0 -1 0 -1 0 -1 0 -1 0 -1 0 -1 0 -1 0 -1 0 -1 0 -1 0 -1 0 -1 0 -1 0 -1 0 -1 0 -1 0 -1 0 -1 0 -1 0 -1 0 -1 0 -1 0 -1 0 -1 0 -1 0 -1 0 -1 0 -1 0 -1 0 -1 0 -1 0 -1 0 -1 0 -1 0 -1 0 -1 0 -1 0 -1 0 -1 0 -1 0 -1 0 -1 0 -1 0 -1 0 -1 0 -1 0 -1 0 -1 0 -1 0 -1 0 -1 0 -1 0 -1 0 -1 0 -1 0 -1 0 -1 0 -1 0 -1 0 -1 0 -1 0 -1 0 -1 0 -1 0 -1 0 -1 0 -1 0 -1 0 -1 0 -1 0 -1 0 -1 0 -1 0 -1 0 -1 0 -1 0 -1 0 -1 0 -1 0 -1 0 -1 0 -1 0 -1 0 -1 0 -1 0 -1 0 -1 0 -1 0 -1 0 -1 0 -1 0 -1 0 -1 0 -1 0 -1 0 -1 0 -1 0 -1 0 -1 0 -1 0 -1 0 -1 0 -1 0 -1 0 -1 0 -1 0 -1 0 -1 0 -1 0 -1 0 -1 0 -1 0 -1 0 -1 0 -1 0 -1 0 -1 0 -1 0 -1 0 -1 0 -1 0 -1 0 -1 0 -1 0 -1 0 -1 0 -1 0 -1 0 -1 0 -1 0 -1 0 -1 0 -1 0 -1 0 -1 0 -1 0 -1 0 -1 0 -1 0 -1 0 -1 0 -1 0 -1 0 -1 0 -1 0 -1 0 -1 0 -1 0 -1 0 -1 0 -1 0 -1 0 -1 0 -1 0 -1 0 -1 0 -1 0 -1 0 -1 0 -1 0 -1 0 -1 0 -1 0 -1 0 -1 0 -1 0 -1 0 -1 0 -1 0 -1 0 -1 0 -1 0 -1 0 -1 0 -1 0 -1 0 -1 0 -1 0 -1 0 -1 0 -1 0 -1 0 -1 0 -1 0 -1 0 -1 0 -1 0 -1 0 -1 0 -1 0 -1 0 -1 0 -1 0 -1 0 -1 0 -1 0 -1 0 -1 0 -1 0 -1 0 -1 0 -1 0 -1 0 -1 0 -1 0 -1 0 -1 0 -1 0 -1 0 -1 0 -1 0 -1 0 -1 0 -1 0 -1 0 -1 0 -1 0 -1 0 -1 0 -1 0 -1 0 -1 0 -1 0 -1 0 -1 0 -1 0 -1 0 -1 0 -1 0 -1 0 -1 0 -1 0 -1 0 -1 0 -1 0 -1 0 -1 0 -1 0 -1 0 -1 0 -1 0 -1 0 -1 0 -1 0 -1 0 -1 0 -1 0 -1 0 -1 0 -1 0 -1 0 -1 0 -1 0 -1 0 -1 0 -1 0 -1 0 -1 0 -1 0 -1 0 -1 0 -1 0 -1 0 -1 0 -1 0 -1 0 -1 0 -1 0 -1 0 -1 0 -1 0 -1 0 -1 0 -1 0 -1 0 -1 0 -1 0 -1 0 -1 0 -1 0 -1 0 -1 0 -1 0 -1 0 -1 0 -1 0 -1 0 -1 0 -1 0 -1 0 -1 0 -1 0 -1 0 -1 0 -1 0 -1 0 -1 0 -1 0 -1 0 -1 0 -1 0 -1 0 -1 0 -1 0 -1 0 -1 0 -1 0 -1 0 -1 0 -1 0 -1 0 -1 0 -1 0 -1 0 -1 0 -1 0 -1 0 -1 0 -1 0 -1 0 -1 0 -1 0 -1 0 -1 0 -1 0 -1 0 -1 0 -1 0 -1 0 -1 0 -1 0 -1 0 -1 0 -1 0 -1 0 -1 0 -1 0 -1 0 -1 0 -1 0 -1 0 -1 0 -1 0 -1 0 -1 0 -1 0 -1 0 -1 0 -1 0 -1 0 -1 0 -1 0 -1 0 -1 0 -1 0 -1 0 -1 0 -1 0 -1 0 -1 0 -1 0 -1 0 -1 0 -1 0 -1 0 -1 0 -1 0 -1 0 -1 0 -1 0 -1 0 -1 0 -1 0 -1 0 -1 0 -1 0 -1 0 -1 0 -1 0 -1 0 -1 0 -1 0 -1 0 -1 0 -1 0 -1 0 -1 0 -1 0 -1 0 -1 0 -1 0 -1 0 -1 0 -1 0 -1 0 -1 0 -1 0 -1 0 -1 0 -1 0 -1 0 -1 0 -1 0 -1 0 -1 0 -1 0 -1 0 -1 0 -1 0 -1 0 -1 0 -1 0 -1 0 -1 0 -1 0 -1 0 -1 0 -1 0 -1 0 -1 0 -1 0 -1 0 -1 0 -1 0 -1 0 -1 0 -1 0 -1 0 -1 0 -1 0 -1 0 -1 0 -1 0 -1 0 -1 0 -1 0 -1 0 -1 0 -1 0 -1 0 -1 0 -1 0 -1 0 -1 0 -1 0 -1 0 -1 0 -1 0 -1 0 -1 0 -1 0 -1 0 -1 0 -1 0 -1 0 -1 0 -1 0 -1 0 -1 0 -1 0 -1 0 -1 0 -1 0 -1 0 -1 0 -1 0 -1 0 -1 0 -1 0 -1 0 -1 0 -1 0 -1 0 -1 0 -1 0 -1 0 -1 0 -1 0 -1 0 -1 0 -1 0 -1 0 -1 0 -1 0 -1 0 -1 0 -1 0 -1 0 -1 0 -1 0 -1 0 -1 0 -1 0 -1 0 -1 0 -1 0 -1 0 -1 0 -1 0 -1 0 -1 0 -1 0 -1 0 -1 0 -1 0 -1 0 -1 0 -1 0 -1 0 -1 0 -1 0 -1 0 -1 0 -1 0 -1 0 -1 0 -1 0 -1 0 -1 0 -1 0 -1 0 -1 0 -1 0 -1 0 -1 0 -1 0 -1 0 -1 0 -1 0 -1 0 -1 0 -1 0 -1 0 -1 0 -1 0 -1 0 -1 0 -1 0 -1 0 -1 0 -1 0 -1 0 -1 0 -1 0 -1 0 -1 0 -1 0 -1 0 -1 0 -1 0 -1 0 -1 0 -1 0 -1 0 -1 0 -1 0 -1 0 -1 0 -1 0 -1 0 -1 0 -1 0 -1 0 -1 0 -1 0 -1 0 -1 0 -1 0 -1 0 -1 0 -1 0 -1 0 -1 0 -1 0 -1 0 -1 0 -1 0 -1 0 -1 0 -1 0 -1 0 -1 0 -1 0 -1 0 -1 0 -1 0 -1 0 -1 0 -1 0 -1 0 -1 0 -1 0 -1 0 -1 0 -1 0 -1 0 -1 0 -1 0 -1 0 -1 0 -1 0 -1 0 -1 0 -1 0 -1 0 -1 0 -1 0 -1 0 -1 0 -1 0 -1 0 -1 0 -1 0 -1 0 -1 0 -1 0 -1 0 -1 0 -1 0 -1 0 -1 0 -1 0 -1 0 -1 0 -1 0 -1 0 -1 0 -1 0 -1 0 -1 0 -1 0 -1 0 -1 0 -1 0 -1 0 -1 0 -1 0 -1 0 -1 0 -1 0 -1 0 -1 0 -1 0 -1 0 -1 0 -1 0 -1 0 -1 0 -1 0 -1 0 -1 0 -1 0 -1 0 -1 0 -1 0 -1 0 -1 0 -1 0 -1 0 -1 0 -1 0 -1 0 -1 0 -1 0 -1 0 -1 0 -1 0 -1 0 -1 0 -1 0 -1 0 -1 0 -1 0 -1 0 -1 0 -1 0 -1 0 -1 0 -1 0 -1 0 -1 0 -1 0 -1 0 -1 0 -1 0 -1 0 -1 0 -1 0 -1 0 -1 0 -1 0 -1 0 -1 0 -1 0 -1 0 -1 0 -1 0 -1 0 -1 0 -1 0 -1 0 -1 0 -1 0 -1 0 -1 0 -1 0 -1 0 -1 0 -1 0 -1 0 -1 0 -1 0 -1 0 -1 0 -1 0 -1 0 -1 0 -1 0 -1 0 -1 0 -1 0 -1 0 -1 0 -1 0 -1 0 -1 0 -1 0 -1 0 -1 0 -1 0 -1 0 -1 0 -1 0 -1 0 -1 0 -1 0 -1 0 -1 0 -1 0 -1 0 -1 0 -1 0 -1 0 -1 0 -1 0 -1 0 -1 0 -1 0 -1 0 -1 0 -1 0 -1 0 -1 0 -1 0 -1 0 -1 0 -1 0 -1 0 -1 0 -1 0 -1 0 -1 0 -1 0 -1 0 -1 0 -1 0 -1 0 -1 0 -1 0 -1 0 -1 0 -1 0 -1 0 -1 0 -1 0 -1 0 -1 0 -1 0 -1 0 -1 0 -1 0 -1 0 -1 0 -1 0 -1 0 -1 0 -1 0 -1 0 -1 0 -1 0 -1 0 -1 0 -1 0 -1 0 -1 0 -1 0 -1 0 -1 0 -1 0 -1 0 -1 0 -1 0 -1 0 -1 0 -1 0 -1 0 -1 0 -1 0 -1 0 -1 0 -1 0 -1 0 -1 0 -1 0 -1 0 -1 0 -1 0 -1 0 -1 0 -1 0 -1 0 -1 0 -1 0 -1 0 -1 0 -1 0 -1 0 -1 0 -1 0 -1 0 -1 0 -1 0 -1 0 -1 0 -1 0 -1 0 -1 0 -1 0 -1 0 -1 0 -1 0 -1 0 -1 0 -1 0 -1 0 -1 0 -1 0 -1 0 -1 0 -1 0 -1 0 -1 0 -1 0 -1 0 -1 0 -1 0 -1 0 -1 0 -1 0 -1 0 -1 0 -1 0 -1 0 -1 0 -1 0 -1 0 -1 0 -1 0 -1 0 -1 0 -1 0 -1 0 -1 0 -1 0 -1 0 -1 0 -1 0 -1 0 -1 0 -1 0 -1 0 -1 0 -1 0 -1 0 -1 0 -1 0 -1 0 -1 0 -1 0 -1 0 -1 0 -1 0 -1 0 -1 0 -1 0 -1 0 -1 0 -1 0 -1 0 -1 0 -1 0 -1 0 -1 0 -1 0 -1 0 -1 0 -1 0 -1 0 -1 0 -1 0 -1 0 -1 0 -1 0 -1 0 -1 0 -1 0 -1 0 -1 0 -1 0 -1 0 -1 0 -1 0 -1 0 -1 0 -1 0 -1 0 -1 0 -1 0 -1 0 -1 0 -1 0 -1 0 -1 0 -1 0 -1 0 -1 0 -1 0 -1 0 -1 0 -1 0 -1 0 -1 0 -1 0 -1 0 -1 0 -1 0 -1 0 -1 0 -1 0 -1 0 -1 0 -1 0 -1 0 -1 0 -1 0 -1 0 -1 0 -1 0 -1 0 -1 0 -1 0 -1 0 -1 0 -1 0 -1 0 -1 0 -1 0 -1 0 -1 0 -1 0 -1 0 -1 0 -1 0 -1 0 -1 0 -1 0 -1 0 -1 0 -1 0 -1 0 -1 0 -1 0 -1 0 -1 0 -1 0 -1 0 -1 0 -1 0 -1 0 -1 0 -1 0 -1 0 -1 0 -1 0 -1 0 -1 0 -1 0 -1 0 -1 0 -1 0 -1 0 -1 0 -1 0 -1 0 -1 0 -1 0 -1 0 -1 0 -1 0 -1 0 -1 0 -1 0 -1 0 -1 0 -1 0 -1 0 -1 0 -1 0 -1 0 -1 0 -1 0 -1 0 -1 0 -1 0 -1 0 -1 0 -1 0 -1 0 -1 0 -1 0 -1 0 -1 0 -1 0 -1 0 -1 0 -1 0 -1 0 -1 0 -1 0 -1 0 -1 0 -1 0 -1 0 -1 0 -1 0 -1 0 -1 0 -1 0 -1 0 -1 0 -1 0 -1 0 -1 0 -1 0 -1 0 -1 0 -1 0 -1 0 -1 0 -1 0 -1 0 -1 0 -1 0 -1 0 -1 0 -1 0 -1 0 -1 0 -1 0 -1 0 -1 0 -1 0 -1 0 -1 0 -1 0 -1 0 -1 0 -1 0 -1 0 -1 0 -1 0 -1 0 -1 0 -1 0 -1 0 -1 0 -1 0 -1 0 -1 0 -1 0 -1 0 -1 0 -1 0 -1 0 -1 0 -1 0 -1 0 -1 0 -1 0 -1 0 -1 0 -1 0 -1 0 -1 0 -1 0 -1 0 -1 0 -1 0 -1 0 -1 0 -1 0 -1 0 -1 0 -1 0 -1 0 -1 0 -1 0 -1 0 -1 0 -1 0 -1 0 -1 0 -1 0 -1 0 -1 0 -1 0 -1 0 -1 0 -1 0 -1 0 -1 0 -1 0 -1 0 -1 0 -1 0 -1 0 -1 0 -1 0 -1 0 -1 0 -1 0 -1 0 -1 0 -1 0 -1 0 -1 0 -1 0 -1 0 -1 0 -1 0 -1 0 -1 0 -1 0 -1 0 -1 0 -1 0 -1 0 -1 0 -1 0 -1 0 -1 0 -1 0 -1 0 -1 0 -1 0 -1 0 -1 0 -1 0 -1 0 -1 0 -1 0 -1 0 -1 0 -1 0 -1 0 -1 0 -1 0 -1 0 -1 0 -1 0 -1 0 -1 0 -1 0 -1 0 -1 0 -1 0 -1 0 -1 0 -1 0 -1 0 -1 0 -1 0 -1 0 -1 0 -1 0 -1 0 -1 0 -1 0 -1 0 -1 0 -1 0 -1 0 -1 0 -1 0 -1 0 -1 0 -1 0 -1 0 -1 0 -1 0 -1 0 -1 0 -1 0 -1 0 -1 0 -1 0 -1 0 -1 0 -1 0 -1 0 -1 0 -1 0 -1 0 -1 0 -1 0 -1 0 -1 0 -1 0 -1 0 -1 0 -1 0 -1 0 -1 0 -1 0 -1 0 -1 0 -1 0 -1 0 -1 0 -1 0 -1 0 -1 0 -1 0 -1 0 -1 0 -1 0 -1 0 -1 0 -1 0 -1 0 -1 0 -1 0 -1 0 -1 0 -1 0 -1 0 -1 0 -1 0 -1 0 -1 0 -1 0 -1 0 -1 0 -1 0 -1 0 -1 0 -1 0 -1 0 -1 0 -1 0 -1 0 -1 0 -1 0 -1 0 -1 0 -1 0 -1 0 -1 0 -1 0 -1 0 -1 0 -1 0 -1 0 -1 0 -1 0 -1 0 -1 0 -1 0 -1 0 -1 0 -1 0 -1 0 -1 0 -1 0 -1 0 -1 0 -1 0 -1 0 -1 0 -1 0 -1 0 -1 0 -1 0 -1 0 -1 0 -1 0 -1 0 -1 0 -1 0 -1 0 -1 0 -1 0 -1 0 -1 0 -1 0 -1 0 -1 0 -1 0 -1 0 -1 0 -1 0 -1 0 -1 0 -1 0 -1 0 -1 0 -1 0 -1 0 -1 0 -1 0 -1 0 -1 0 -1 0 -1 0 -1 0 -1 0 -1 0 -1 0 -1 0 -1 0 -1 0 -1 0 -1 0 -1 0 -1 0 -1 0 -1 0 -1 0 -1 0 -1 0 -1 0 -1 0 -1 0 -1 0 -1 0 -1 0 -1 0 -1 0 -1 0 -1 0 -1 0 -1 0 -1 0 -1 0 -1 0 -1 0 -1 0 -1 0 -1 0 -1 0 -1 0 -1 0 -1 0 -1 0 -1 0 -1 0 -1 0 -1 0 -1 0 -1 0 -1 0 -1 0 -1 0 -1 0 -1 0 -1 0 -1 0 -1 0 -1 0 -1 0 -1 0 -1 0 -1 0 -1 0 -1 0 -1 0 -1 0 -1 0 -1 0 -1 0 -1 0 -1 0 -1 0 -1 0 -1 0 -1 0 -1 0 -1 0 -1 0 -1 0 -1 0 -1 0 -1 0 -1 0 -1 0 -1 0 -1 0 -1 0 -1 0 -1 0 -1 0 -1 0 -1 0 -1 0 -1 0 -1 0 -1 0 -1 0 -1 0 -1 0 -1 0 -1 0 -1 0 -1 0 -1 0 -1 0 -1 0 -1 0 -1 0 -1 0 -1 0 -1 0 -1 0 -1 0 -1 0 -1 0 -1 0 -1 0 -1 0 -1 0 -1 0 -1 0 -1 0 -1 0 -1 0 -1 0 -1 0 -1 0 -1 0 -1 0 -1 0 -1 0 -1 0 -1 0 -1 0 -1 0 -1 0 -1 0 -1 0 -1 0 -1 0 -1 0 -1 0 -1 0 -1 0 -1 0 -1 0 -1 0 -1 0 -1 0 -1 0 -1 0 -1 0 -1 0 -1 0 -1 0 -1 0 -1 0 -1 0 -1 0 -1 0 -1 0 -1 0 -1 0 -1 0 -1 0 -1 0 -1 0 -1 0 -1 0 -1 0 -1 0 -1 0 -1 0 -1 0 -1 0 -1 0 -1 0 -1 0 -1 0 -1 0 -1 0 -1 0 -1 0 -1 0 -1 0 -1 0 -1 0 -1 0 -1</float_array>
          <technique_common>
            <accessor source="#GeometrySource2-array" count="3734" stride="2">
              <param name="S" type="float"/>
              <param name="T" type="float"/>
            </accessor>
          </technique_common>
        </source>
        <vertices id="Geometry-vertices">
          <input semantic="POSITION" source="#GeometrySource"/>
          <input semantic="NORMAL" source="#GeometrySource1"/>
          <input semantic="TEXCOORD" source="#GeometrySource2"/>
        </vertices>
        <triangles material="VisualMaterial0" count="7464">
          <input semantic="VERTEX" source="#Geometry-vertices" offset="0"/>
          <p>0 1 2 2 1 3 2 3 4 3 5 4 4 5 6 4 6 7 6 8 7 7 8 9 7 9 10 9 11 10 10 11 12 10 12 13 12 14 13 13 14 15 13 15 16 17 7 10 18 17 10 18 10 13 19 17 18 20 17 19 20 21 17 22 21 20 17 23 7 21 23 17 16 24 13 13 24 18 25 20 19 18 26 19 24 26 18 7 27 4 4 28 2 4 27 28 2 29 0 2 28 29 0 30 1 0 29 30 1 31 3 1 30 31 3 31 32 3 32 5 5 32 33 5 33 6 8 34 9 6 33 34 6 34 8 35 36 37 35 37 38 38 37 39 38 39 40 40 39 41 40 41 42 42 41 43 44 45 46 46 47 44 44 47 48 47 49 48 50 48 49 49 51 50 52 50 51 23 53 54 53 35 55 53 36 35 55 54 53 56 35 38 56 55 35 54 55 57 23 54 58 57 58 54 59 57 55 55 56 59 60 59 56 61 38 40 56 61 60 56 38 61 62 60 61 63 40 42 61 40 63 61 63 62 64 62 63 63 42 65 63 65 64 66 64 65 65 67 66 68 66 67 67 69 68 70 68 69 69 71 70 72 70 71 73 45 44 71 45 73 71 73 72 74 72 73 73 75 74 73 44 75 75 44 48 76 74 75 77 48 50 75 77 76 75 48 77 78 76 77 77 79 78 79 50 52 77 50 79 80 78 79 79 52 81 79 81 80 26 80 82 81 25 82 26 82 19 82 80 81 25 19 82 58 57 83 27 83 28 27 84 83 7 23 84 23 58 84 83 84 58 7 84 27 29 28 85 85 83 57 83 85 28 57 59 85 85 86 29 59 60 86 30 29 86 86 85 59 87 60 62 86 60 87 86 87 30 31 30 87 87 88 31 32 31 88 87 62 88 88 62 64 89 64 66 33 32 89 88 89 32 88 64 89 89 66 90 90 66 68 89 90 33 34 33 90 90 68 91 91 68 70 90 91 34 9 92 11 9 34 92 34 91 92 91 70 93 91 93 92 93 70 72 11 92 94 11 94 12 94 92 93 93 95 94 95 72 74 93 72 95 12 96 14 96 94 95 12 94 96 97 74 76 95 74 97 95 97 96 14 96 98 98 96 97 14 98 15 97 99 98 97 76 99 99 76 78 100 98 99 15 98 100 15 100 16 16 100 24 100 101 24 24 101 26 99 78 101 101 78 80 101 80 26 99 101 100 102 36 53 23 102 53 22 20 103 103 20 104 25 104 20 103 104 105 65 42 106 42 43 106 65 106 67 106 43 107 106 107 108 67 108 69 67 106 108 108 107 109 108 109 110 71 111 45 69 111 71 69 108 111 108 110 111 111 110 112 111 113 45 111 112 113 45 114 46 45 113 114 105 104 115 81 52 116 81 116 25 25 116 104 115 104 116 117 116 52 117 52 51 115 116 117 118 119 120 119 118 121 121 122 119 121 123 122 124 123 125 125 123 121 126 124 125 126 127 124 126 128 127 129 128 126 130 128 129 131 130 129 132 130 131 133 132 131 134 133 131 134 135 133 134 136 135 137 136 134 138 136 137 139 138 137 139 140 138 139 141 140 142 141 139 143 141 142 144 143 142 145 143 144 146 147 148 147 146 149 150 147 149 151 152 153 154 151 153 155 151 154 156 155 154 156 157 155 156 158 157 159 158 160 160 158 156 160 161 159 162 161 163 160 163 161 163 164 162 165 164 166 163 166 164 167 165 166 168 165 167 169 168 167 170 169 167 170 171 169 172 173 174 174 171 170 172 175 173 176 177 178 179 180 22 180 21 22 179 181 180 118 120 181 121 118 182 183 121 182 183 125 121 184 125 183 185 126 125 125 184 185 186 129 126 186 126 185 187 137 134 131 188 134 187 134 188 189 137 187 190 139 137 137 189 190 191 142 139 191 139 190 192 193 194 195 196 197 195 198 196 198 195 199 148 200 146 146 200 199 200 198 199 146 199 201 202 149 146 146 201 202 203 163 160 160 204 203 205 166 163 205 163 203 206 166 205 207 174 170 174 207 208 208 172 174 172 208 209 210 175 172 209 210 172 211 210 209 212 210 211 212 211 213 212 213 214 181 120 215 215 23 21 181 215 180 180 215 21 216 210 212 216 212 217 212 214 218 217 212 218 217 218 219 219 218 220 219 220 221 221 220 222 221 222 223 223 222 224 223 224 225 225 226 177 225 224 226 177 226 227 177 227 178 228 129 186 229 142 191 230 231 232 194 230 232 232 231 233 232 233 234 234 233 235 236 145 144 236 235 145 234 235 236 148 237 200 200 237 238 200 238 198 198 239 196 198 238 239 196 239 240 196 241 197 196 240 241 241 240 242 197 241 243 241 242 243 243 244 193 243 242 244 193 245 194 194 245 230 193 244 245 153 152 246 246 152 247 246 247 248 248 247 249 248 249 250 250 249 150 250 150 149 204 160 251 251 160 156 154 251 156 174 252 171 173 252 174 216 253 210 210 253 175 254 181 179 182 118 254 254 118 181 228 255 129 131 256 188 129 256 131 129 255 256 192 194 257 257 194 232 258 232 234 257 232 258 258 234 259 259 234 236 259 236 260 260 236 144 261 142 229 260 144 261 261 144 142 262 243 193 262 193 192 197 243 262 263 149 202 263 250 149 248 250 263 246 264 153 264 246 265 265 248 263 265 246 248 153 264 266 153 266 154 154 266 251 267 170 167 207 170 267 267 167 268 268 167 166 268 166 206 218 214 269 218 269 220 220 270 222 220 269 270 222 271 224 222 270 271 224 271 272 224 272 226 226 273 227 226 272 273 237 274 238 238 274 275 238 275 239 239 276 240 239 275 276 240 277 242 240 276 277 242 278 244 242 277 278 244 278 279 244 279 245 245 280 230 245 279 280 230 280 281 230 281 231 231 281 282 231 282 233 233 283 235 233 282 283 235 284 145 235 283 284 145 285 143 145 284 285 143 285 286 143 286 141 141 287 140 141 286 287 140 288 138 140 287 288 138 288 289 138 289 136 136 289 290 136 290 135 135 291 133 135 290 291 133 292 132 133 291 292 132 293 130 132 292 293 130 294 128 130 293 294 128 294 295 128 295 127 127 296 124 127 295 296 124 296 297 124 297 123 123 298 122 123 297 298 122 299 119 122 298 299 119 300 120 119 299 300 215 301 23 120 300 301 120 301 215 302 237 148 274 237 302 302 148 303 303 148 147 304 147 150 303 147 304 305 150 249 304 150 305 306 249 247 305 249 306 306 247 307 307 247 152 308 152 151 307 152 308 309 151 155 308 151 309 310 155 157 309 155 310 310 157 311 311 157 158 312 158 159 311 158 312 313 159 161 312 159 313 314 161 162 313 161 314 314 162 315 315 162 164 316 164 165 315 164 316 317 165 168 316 165 317 318 168 169 317 168 318 319 169 171 318 169 319 319 171 320 320 171 252 321 252 173 320 252 321 322 173 175 321 173 322 323 175 253 322 175 323 323 253 324 324 253 216 325 216 217 324 216 325 326 217 219 325 217 326 327 219 221 326 219 327 327 221 328 328 221 223 329 223 225 328 223 329 330 225 177 329 225 330 331 177 176 330 177 331 331 176 332 23 333 102 23 301 333 333 301 300 272 271 334 334 335 272 273 272 335 336 330 331 269 337 270 334 271 338 270 338 271 270 337 338 339 327 328 326 340 325 340 327 339 340 326 327 341 320 321 342 320 341 342 318 319 342 319 320 204 343 203 203 344 205 205 344 206 203 343 344 345 312 313 345 313 314 346 312 345 346 311 312 347 310 311 347 309 310 347 311 346 348 309 347 348 308 309 349 264 265 264 349 266 350 307 308 348 350 308 351 307 350 351 305 306 351 306 307 352 278 277 352 279 278 353 280 279 353 279 352 354 280 353 354 281 280 355 284 283 355 283 356 282 281 356 356 283 282 356 281 354 357 287 286 357 286 285 357 285 358 284 355 358 358 285 284 359 291 290 359 290 289 359 289 360 360 289 288 255 228 361 255 362 256 188 362 187 361 362 255 362 188 256 363 295 294 363 294 293 363 293 364 364 293 292 183 365 184 365 185 184 183 182 366 367 365 183 183 366 367 366 182 368 368 182 254 179 368 254 369 300 299 333 300 369 369 299 370 371 103 105 371 368 179 371 22 103 179 22 371 102 333 372 102 372 36 36 372 373 36 373 37 37 373 374 37 374 39 39 375 41 39 374 375 41 375 376 41 376 43 43 376 107 113 377 114 46 114 378 377 378 114 46 379 47 378 379 46 49 47 380 379 380 47 49 381 51 380 381 49 381 382 51 117 51 382 382 383 117 115 117 383 383 384 115 384 371 105 105 115 384 385 336 386 386 387 385 388 389 390 389 391 390 390 391 392 392 393 394 393 395 394 394 395 396 396 397 398 397 399 398 400 398 399 399 401 400 402 403 404 405 406 407 405 408 409 407 408 405 409 408 410 409 410 411 334 338 411 412 335 334 410 412 411 334 411 412 336 385 413 414 413 385 414 385 415 414 415 388 385 387 415 416 388 390 414 388 416 416 390 417 417 390 392 418 392 394 417 392 418 419 394 396 418 394 419 419 396 420 420 396 398 421 398 400 420 398 421 421 400 422 422 400 423 400 401 423 422 423 424 424 423 425 424 425 426 426 425 427 426 427 428 429 404 403 430 429 431 432 431 429 429 403 432 433 432 403 403 434 433 434 406 405 403 402 434 434 405 435 435 433 434 435 405 436 405 409 436 340 339 437 438 413 414 437 413 438 414 439 438 414 416 440 440 439 414 416 417 441 441 440 416 442 441 417 417 418 442 443 442 418 418 419 443 443 419 444 444 419 420 444 420 445 445 420 421 446 421 422 445 421 446 447 422 424 446 422 447 447 424 448 448 424 426 448 426 449 449 426 428 449 428 450 428 451 450 450 451 452 452 451 453 454 455 431 455 430 431 455 454 453 454 431 456 456 431 432 457 432 433 456 432 457 458 433 435 457 433 458 459 435 436 458 435 459 459 436 460 460 436 461 409 461 436 460 461 462 411 338 463 411 463 409 409 463 461 462 461 463 464 338 337 464 463 338 462 463 464 325 340 465 325 465 324 465 340 466 437 466 340 465 466 467 438 468 437 467 466 468 437 468 466 467 468 469 439 470 438 469 468 470 438 470 468 469 470 471 439 472 470 440 472 439 471 470 472 324 473 323 324 465 473 465 467 473 467 469 474 474 473 467 474 469 475 475 469 471 475 471 476 471 477 476 472 477 471 478 476 477 472 479 477 477 479 478 480 478 479 479 481 480 482 480 481 481 483 482 482 483 484 484 483 485 484 485 486 486 485 487 486 487 488 488 487 489 488 489 490 490 489 491 490 491 492 492 491 493 492 493 494 494 493 495 494 495 496 496 495 497 496 497 498 498 497 499 498 499 500 500 499 501 500 501 502 502 501 503 504 211 209 211 504 213 208 504 209 505 473 474 506 505 507 508 474 475 507 505 508 505 474 508 507 508 509 508 510 509 508 475 510 510 475 476 509 510 511 512 476 478 511 510 512 510 476 512 511 512 513 512 478 514 514 478 480 513 512 514 513 514 515 516 480 482 515 514 516 514 480 516 515 516 517 518 482 484 516 482 518 517 516 518 517 518 519 520 484 486 518 484 520 519 518 520 519 520 521 521 520 522 520 486 522 522 486 488 521 522 523 522 488 524 523 522 524 524 488 490 523 524 525 526 490 492 524 490 526 525 524 526 525 526 527 526 492 528 528 492 494 527 526 528 527 528 529 529 528 530 528 494 530 530 494 496 529 530 531 532 496 498 530 496 532 531 530 532 531 532 533 534 498 500 533 532 534 532 498 534 533 534 535 534 500 536 536 500 502 535 534 536 535 536 537 537 536 538 536 502 538 537 538 539 539 538 540 541 342 341 341 506 541 542 541 506 506 507 542 543 507 509 543 509 511 543 542 507 544 511 513 543 511 544 545 318 342 545 317 318 545 316 317 545 342 541 546 541 542 545 541 546 547 542 543 546 542 547 547 543 548 548 543 544 548 544 549 513 550 544 549 544 550 549 550 551 513 552 550 551 550 552 515 552 513 551 552 553 515 554 552 553 552 554 517 554 515 555 315 316 555 316 545 555 545 546 555 546 556 556 546 547 556 547 557 557 547 548 557 548 558 558 548 549 559 549 551 558 549 559 559 551 560 560 551 553 560 553 561 561 553 562 554 562 553 561 562 563 563 562 564 554 564 562 563 564 565 565 564 566 565 566 567 567 566 568 567 568 569 569 568 570 569 570 571 571 570 572 571 572 573 573 572 574 573 574 575 575 574 576 575 576 577 577 576 578 577 578 579 579 578 580 579 580 581 581 580 582 581 582 583 583 582 584 583 584 585 585 584 586 585 586 587 587 586 588 555 556 589 589 590 555 345 314 590 590 314 315 590 315 555 345 590 589 556 557 591 591 589 556 592 591 557 557 558 592 592 558 593 593 558 559 593 559 594 594 559 560 595 560 561 594 560 595 596 561 563 595 561 596 597 563 565 596 563 597 597 565 598 598 565 567 598 567 599 599 567 569 599 569 600 600 569 571 601 571 573 600 571 601 602 573 575 601 573 602 602 575 603 603 575 577 603 577 604 604 577 579 604 579 605 605 579 581 605 581 606 606 581 583 606 583 607 607 583 585 607 585 608 608 585 587 587 609 608 587 610 609 588 610 587 609 610 611 611 610 612 588 612 610 613 589 591 345 589 613 614 591 592 613 591 614 592 593 615 614 592 615 593 594 616 616 615 593 617 616 594 594 595 617 595 596 618 618 617 595 596 597 619 619 618 596 597 598 620 620 619 597 621 620 598 598 599 621 622 621 599 599 600 622 600 601 623 623 622 600 624 623 601 601 602 624 602 603 625 625 624 602 603 604 626 626 625 603 627 626 604 604 605 627 605 606 628 628 627 605 629 628 606 606 607 629 607 608 630 630 629 607 609 611 631 631 632 609 608 632 630 608 609 632 611 633 631 634 633 635 612 635 611 611 635 633 635 636 634 612 636 635 637 634 636 636 638 637 639 637 638 638 640 639 345 613 641 641 346 345 613 614 642 642 641 613 643 642 614 614 615 643 643 615 644 644 615 616 644 616 645 645 616 617 645 617 646 646 617 618 647 618 619 646 618 647 647 619 648 648 619 620 649 620 621 648 620 649 650 621 622 649 621 650 651 622 623 650 622 651 651 623 652 652 623 624 652 624 653 653 624 625 654 625 626 653 625 654 654 626 655 655 626 627 655 627 656 656 627 628 656 628 657 657 628 629 657 629 658 658 629 630 630 632 659 630 659 658 659 632 660 660 632 631 631 661 660 631 633 661 662 633 634 661 633 662 662 634 663 663 634 637 663 637 664 664 637 639 664 639 665 665 639 666 640 666 639 665 666 667 667 666 668 640 668 666 667 668 669 669 668 344 669 344 343 643 644 670 671 670 644 644 645 671 672 671 645 646 672 645 673 348 347 351 350 674 673 674 348 348 674 350 351 674 675 673 676 674 675 674 676 675 676 677 677 676 678 677 678 679 678 680 679 681 679 680 680 682 681 683 681 682 682 684 683 685 683 684 684 686 685 687 685 686 686 688 687 689 687 688 688 690 689 691 689 690 690 692 691 693 691 692 692 694 693 695 693 694 694 696 695 697 695 696 696 698 697 699 697 698 698 700 699 701 699 700 700 702 701 703 701 702 702 704 703 705 703 704 704 706 705 707 705 706 706 708 707 709 707 708 708 710 709 711 709 710 710 712 711 713 711 712 712 714 713 715 713 714 714 716 715 717 715 716 716 718 717 719 717 718 718 720 719 721 719 720 720 722 721 723 721 722 722 724 723 725 723 724 724 726 725 726 349 727 265 727 349 727 725 726 695 697 728 729 728 697 697 699 729 730 729 699 699 701 730 731 730 701 701 703 731 703 705 732 732 731 703 705 707 733 733 732 705 734 733 707 707 709 734 709 711 735 735 734 709 711 713 736 736 735 711 715 737 713 737 736 713 738 303 304 739 304 305 740 738 739 738 304 739 739 305 351 739 351 741 739 741 740 741 351 675 742 740 741 743 675 677 741 675 743 741 743 742 744 742 743 745 677 679 743 745 744 743 677 745 746 744 745 745 679 747 747 679 681 746 745 747 746 747 748 749 681 683 748 747 749 747 681 749 748 749 750 749 683 751 751 683 685 750 749 751 750 751 752 753 685 687 751 685 753 752 751 753 752 753 754 754 753 755 755 687 689 753 687 755 754 755 756 757 689 691 756 755 757 755 689 757 756 757 758 758 757 759 757 691 759 759 691 693 758 759 760 759 693 761 759 761 760 761 693 695 761 695 728 761 728 762 762 760 761 728 729 763 763 762 728 729 730 764 764 763 729 730 731 765 765 764 730 766 765 731 731 732 766 767 766 732 732 733 767 733 734 768 767 733 768 734 735 769 769 768 734 735 736 770 769 735 770 736 737 771 771 770 736 771 737 772 715 773 737 717 773 715 737 773 772 774 772 773 746 748 775 776 744 746 775 776 746 776 742 744 748 750 777 777 775 748 750 752 778 778 777 750 779 778 752 752 754 779 780 779 754 754 756 780 756 758 781 781 780 756 782 781 758 758 760 782 782 760 783 783 760 762 784 762 763 783 762 784 784 763 785 785 763 764 786 764 765 785 764 786 786 765 787 787 765 766 787 766 788 788 766 767 767 768 789 788 767 789 790 789 768 768 769 790 790 769 791 769 770 791 770 771 792 792 791 770 792 771 793 771 772 793 772 774 794 794 793 772 795 794 774 774 796 795 797 795 796 352 277 798 798 277 276 798 276 799 799 276 275 798 799 800 798 801 352 798 800 801 801 800 802 801 802 803 803 802 804 803 804 805 806 807 808 808 807 809 808 809 810 810 809 811 810 811 812 812 811 813 812 813 814 814 813 815 814 815 816 816 815 817 816 817 818 818 817 819 818 819 820 820 819 821 820 821 822 822 821 823 824 825 826 827 826 825 825 828 827 801 803 829 352 830 353 829 830 801 352 801 830 803 805 831 831 829 803 831 805 832 805 804 833 832 805 833 832 833 834 834 833 835 834 835 836 836 835 837 836 837 838 838 837 839 838 839 840 840 839 841 840 841 842 842 841 843 842 843 844 844 843 845 844 845 846 846 845 806 847 806 808 846 806 847 848 808 810 847 808 848 849 810 812 848 810 849 850 812 814 849 812 850 851 814 816 850 814 851 852 816 818 851 816 852 853 818 820 852 818 853 853 820 854 854 820 822 854 822 855 855 822 856 856 822 823 855 856 857 857 856 858 856 823 858 857 858 859 860 824 826 859 858 860 861 860 826 859 860 861 862 826 827 861 826 862 862 827 863 828 864 827 863 827 864 863 864 865 828 866 864 865 864 866 865 866 867 197 868 195 867 866 868 867 868 869 262 869 197 197 869 868 354 353 870 830 870 353 356 354 871 871 354 870 356 871 872 873 874 875 875 874 876 875 876 877 877 876 878 877 878 879 879 878 880 879 880 881 881 880 882 881 882 883 883 882 884 883 884 885 885 884 886 885 886 887 887 886 888 887 888 889 889 888 890 889 890 891 891 890 892 891 892 893 893 892 894 893 894 895 895 894 896 895 896 897 897 896 898 897 898 899 899 898 900 899 900 901 901 900 902 901 902 903 902 904 903 903 904 905 905 904 906 905 906 907 906 908 907 907 908 909 909 908 910 909 910 911 910 912 911 911 912 913 913 912 914 913 914 915 914 916 915 915 916 917 917 916 918 917 918 919 919 918 920 260 261 921 259 921 258 921 259 260 922 356 872 355 356 922 358 355 922 358 922 923 924 873 875 925 875 877 924 875 925 925 877 926 926 877 879 927 879 881 926 879 927 928 881 883 927 881 928 928 883 929 929 883 885 929 885 930 930 885 887 931 887 889 930 887 931 932 889 891 931 889 932 932 891 933 933 891 893 934 893 895 933 893 934 934 895 935 935 895 897 936 897 899 935 897 936 937 899 901 936 899 937 937 901 938 938 901 903 938 903 939 939 903 905 940 905 907 939 905 940 940 907 941 941 907 909 909 911 942 941 909 942 943 942 911 911 913 943 944 943 913 915 944 913 945 924 925 946 925 926 945 925 946 947 926 927 946 926 947 947 927 948 948 927 928 949 928 929 948 928 949 950 929 930 949 929 950 951 930 931 950 930 951 952 931 932 951 931 952 953 932 933 952 932 953 953 933 954 954 933 934 955 934 935 954 934 955 956 935 936 955 935 956 956 936 957 936 937 957 937 938 958 958 957 937 958 938 959 938 939 959 939 940 960 960 959 939 960 940 961 940 941 961 962 961 941 941 942 962 963 962 942 943 963 942 964 959 960 964 960 961 964 961 965 965 961 962 966 962 963 965 962 966 966 963 967 944 968 943 943 968 963 967 963 968 967 968 969 969 968 970 944 970 968 969 970 971 971 970 972 971 972 973 972 974 973 975 191 190 975 973 974 975 229 191 975 974 976 976 229 975 977 360 978 978 288 287 978 287 357 360 288 978 978 357 979 978 979 977 980 977 979 979 981 980 982 980 981 982 981 983 982 983 984 982 984 985 986 945 946 984 945 986 984 986 985 987 985 986 986 988 987 986 946 988 988 946 947 989 987 988 990 947 948 988 990 989 988 947 990 991 989 990 990 948 992 992 948 949 990 992 991 993 991 992 994 949 950 992 994 993 992 949 994 995 993 994 994 996 995 994 950 996 996 950 951 997 995 996 998 951 952 996 998 997 996 951 998 999 997 998 998 1000 999 998 952 1000 1000 952 953 1001 999 1000 1000 1002 1001 1000 953 1002 1002 953 954 1003 1001 1002 1004 954 955 1002 1004 1003 1002 954 1004 1005 1003 1004 1006 955 956 1004 955 1006 1004 1006 1005 1007 1005 1006 1006 956 1008 1006 1008 1007 1008 956 957 1009 1007 1008 1008 957 1010 1008 1010 1009 1010 957 958 1011 1009 1010 1012 959 964 1010 1012 1011 1010 958 1012 1012 958 959 1013 1011 1012 1012 964 1013 964 965 1014 1014 1013 964 1015 1014 965 965 966 1015 1016 1015 966 966 967 1016 1017 1016 967 967 969 1017 969 971 1018 1018 1017 969 971 973 1019 1019 1018 971 973 975 1020 190 1020 975 1020 1019 973 1021 360 977 1021 359 360 982 985 1022 985 987 1023 1023 1022 985 1024 1023 987 987 989 1024 1025 1024 989 989 991 1025 1026 1025 991 991 993 1026 1027 1026 993 995 1027 993 359 1021 1028 1028 1029 359 1029 291 359 1029 292 291 364 292 1029 1030 1028 1021 1021 977 1031 1021 1031 1030 1031 977 980 1032 1030 1031 1033 364 1029 1029 1028 1033 1034 1033 1028 1028 1030 1034 1035 1030 1032 1035 1034 1030 1032 1036 1035 1037 1035 1036 1023 1038 1022 1036 1038 1037 1022 1038 1036 1039 1037 1038 1038 1040 1039 1024 1040 1023 1023 1040 1038 1041 1039 1040 1025 1042 1024 1040 1042 1041 1024 1042 1040 1043 1041 1042 1044 363 364 1044 364 1033 1033 1034 1044 1044 1034 1045 1045 1034 1035 1035 1046 1045 1047 1046 1035 1035 1037 1047 1037 1039 1048 1048 1047 1037 1049 1048 1039 1039 1041 1049 1041 1043 1050 1050 1049 1041 1051 1050 1043 1043 1052 1051 1053 1051 1052 1052 1054 1053 1055 1053 1054 1054 1056 1055 1057 1055 1056 1056 1058 1057 1059 1057 1058 1058 1060 1059 1061 1059 1060 1060 1062 1061 1063 1064 1065 1065 1064 1066 1065 1066 1067 1067 1066 1068 1067 1068 1069 1068 1070 1069 1071 1069 1070 1070 1072 1071 1073 1071 1072 1072 1074 1073 1075 1073 1074 1074 1076 1075 1076 362 361 361 1075 1076 1077 296 295 1077 295 363 363 1044 1077 1078 1077 1044 1044 1045 1078 1079 1045 1046 1079 1046 1047 1079 1078 1045 1079 1047 1080 1047 1048 1080 1048 1049 1081 1081 1080 1048 1082 1081 1049 1049 1050 1082 1050 1051 1083 1083 1082 1050 1084 1083 1051 1051 1053 1084 1085 1084 1053 1053 1055 1085 1086 1085 1055 1055 1057 1086 1057 1059 1087 1087 1086 1057 1059 1061 1088 1088 1087 1059 1089 1088 1061 1061 1090 1089 1061 1062 1090 1091 1089 1090 1090 1092 1091 1091 1092 1093 1092 1063 1093 1063 1065 1094 1094 1093 1063 1065 1067 1095 1095 1094 1065 1067 1069 1096 1096 1095 1067 1097 1096 1069 1069 1071 1097 1098 1097 1071 1073 1098 1071 1099 228 186 361 228 1099 361 1099 1075 186 185 1099 1099 185 365 1079 1080 1100 1101 1100 1080 1080 1081 1101 1102 1101 1081 1081 1082 1102 1082 1083 1103 1103 1102 1082 1104 1103 1083 1083 1084 1104 1084 1085 1105 1105 1104 1084 1106 1105 1085 1085 1086 1106 1086 1087 1107 1107 1106 1086 1088 1108 1087 1108 1107 1087 1109 299 298 370 299 1109 1109 298 1110 1111 1109 1110 1110 298 297 1110 297 296 1110 296 1077 1112 1077 1078 1110 1112 1111 1110 1077 1112 1113 1111 1112 1114 1079 1100 1113 1112 1114 1114 1078 1079 1113 1114 1100 1112 1078 1114 1115 1100 1101 1113 1100 1115 1115 1101 1116 1101 1102 1116 1117 1116 1102 1102 1103 1117 1118 1117 1103 1103 1104 1118 1119 1118 1104 1104 1105 1119 1105 1106 1120 1120 1119 1105 1106 1107 1121 1121 1120 1106 1122 1121 1107 1107 1108 1122 1123 1122 1108 1088 1124 1108 1089 1124 1088 1108 1124 1123 1125 1123 1124 1124 1126 1125 1091 1126 1089 1089 1126 1124 1125 1126 1127 1126 1128 1127 1093 1128 1091 1091 1128 1126 1129 1127 1128 1128 1130 1129 1094 1130 1093 1093 1130 1128 1131 1129 1130 1130 1132 1131 1095 1132 1094 1094 1132 1130 1133 1131 1132 1132 1134 1133 1095 1134 1132 1096 1134 1095 1135 1133 1134 1134 1136 1135 1097 1136 1096 1096 1136 1134 1137 1135 1136 1098 1138 1097 1136 1138 1137 1097 1138 1136 1139 1137 1138 367 1139 365 365 1139 1140 1138 1140 1139 1098 1140 1138 1141 1111 1113 1141 1113 1115 1142 1115 1116 1141 1115 1142 1142 1116 1143 1143 1116 1117 1143 1117 1144 1144 1117 1118 1144 1118 1145 1145 1118 1119 1146 1119 1120 1145 1119 1146 1146 1120 1147 1147 1120 1121 1148 1121 1122 1147 1121 1148 1149 1122 1123 1148 1122 1149 1149 1123 1150 1150 1123 1125 1125 1127 1151 1150 1125 1151 1151 1127 1152 1152 1127 1129 1153 1129 1131 1152 1129 1153 1153 1131 1154 1154 1131 1133 1155 1133 1135 1154 1133 1155 1155 1135 1156 1135 1137 1156 1157 1156 1137 366 368 1157 1137 1139 1157 367 1157 1139 366 1157 367 1158 369 370 372 333 1158 369 1158 333 370 1109 1159 1159 1109 1111 370 1159 1158 1159 1111 1141 1160 1158 1159 1158 1160 372 373 372 1160 1159 1141 1160 374 373 1161 1161 1160 1141 1161 1141 1142 1160 1161 373 1150 1151 1162 1151 1152 1163 379 1163 380 1163 1162 1151 379 1162 1163 380 1164 381 1164 1163 1152 1153 1164 1152 380 1163 1164 375 374 1165 1161 1165 374 1161 1142 1165 1165 1142 1143 375 1165 1166 1166 1143 1144 1165 1143 1166 375 1166 376 381 1164 1167 381 1167 382 1153 1167 1164 1154 1167 1153 382 1168 383 382 1167 1168 1155 1168 1154 1154 1168 1167 1156 1169 1155 1168 1169 383 1155 1169 1168 384 383 1169 1157 368 1170 1157 1170 1156 1156 1170 1169 371 384 1170 1169 1170 384 1170 368 371 1171 1172 1173 453 1173 455 1173 1172 430 455 1173 430 451 1174 453 427 1174 428 428 1174 451 453 1174 1173 1171 1173 1174 1171 1174 1175 427 1175 1174 1176 386 336 1176 331 332 1176 336 331 1177 339 328 1177 413 437 1177 336 413 1177 330 336 1177 328 329 1177 329 330 1177 437 339 1178 321 322 1178 473 505 1178 322 323 1178 323 473 1178 341 321 1178 505 506 1178 506 341 213 1179 214 213 504 1179 214 1180 269 337 1180 464 214 1179 1180 269 1180 337 206 1181 268 206 344 1181 268 1181 1182 268 1182 1183 266 1184 251 266 349 1184 343 1185 669 251 1185 204 204 1185 343 251 1184 1185 199 1186 201 201 1186 1187 201 1187 202 202 1188 263 202 1187 1188 263 1188 1189 263 1189 265 727 1189 725 265 1189 727 1190 275 274 799 275 1190 799 1190 800 1191 274 302 1190 274 1191 1192 302 303 1192 303 738 1191 302 1192 258 1193 257 1193 921 920 258 921 1193 257 1194 192 257 1193 1194 262 1195 869 869 1195 867 192 1194 1195 192 1195 262 195 868 1196 195 1196 199 199 1197 1186 199 1196 1197 1198 229 976 261 229 1198 921 261 1198 920 921 1199 920 1199 919 921 1198 1199 1199 1198 1200 1199 1200 919 1198 976 1200 1200 976 974 1201 974 972 1200 974 1201 919 1200 1201 919 1201 917 915 1202 944 1202 970 944 1202 972 970 1201 972 1202 917 1201 1202 917 1202 915 187 362 1203 187 1203 189 190 1204 1020 1020 1204 1019 189 1204 190 189 1203 1204 1075 1099 1205 1073 1205 1098 1099 365 1205 1075 1205 1073 1205 1140 1098 1205 365 1140 107 1206 109 107 376 1206 109 1207 110 110 1207 112 109 1206 1207 112 1207 1208 112 1208 113 113 1208 377 415 1209 388 415 387 1209 388 1209 1210 388 1210 389 392 1211 393 392 391 1211 396 395 1212 396 1212 397 423 401 1213 423 1214 425 423 1213 1214 425 1215 427 425 1214 1215 427 1215 1216 427 1216 1217 1217 1175 427 430 1218 429 430 1172 1218 429 1218 1219 1220 404 429 429 1219 1220 434 402 1221 1222 406 434 434 1221 1222 453 1223 452 453 454 1223 1180 1179 1224 464 1180 1224 464 1224 462 462 1225 460 462 1224 1225 460 1225 1226 460 1226 459 459 1226 1227 459 1227 458 458 1227 1228 458 1228 457 457 1229 456 457 1228 1229 456 1230 454 456 1229 1230 454 1231 1223 454 1230 1231 1223 1232 452 1232 503 501 1223 1231 1232 1231 503 1232 452 1232 1233 452 1233 450 1233 501 499 1232 501 1233 450 1234 449 1234 499 497 1233 499 1234 450 1233 1234 1235 497 495 449 1235 448 449 1234 1235 1234 497 1235 1236 495 493 1235 495 1236 448 1236 447 448 1235 1236 447 1236 1237 1237 493 491 1236 493 1237 447 1237 446 1238 491 489 446 1238 445 446 1237 1238 1237 491 1238 1239 489 487 1238 489 1239 445 1239 444 445 1238 1239 1239 487 1240 444 1240 443 444 1239 1240 1240 487 485 1241 485 483 443 1240 1241 443 1241 442 1240 485 1241 442 1241 1242 1241 483 1242 1242 483 481 442 1242 441 440 1243 472 441 1243 440 441 1242 1243 1242 481 1243 1243 479 472 1243 481 479 1224 1244 1225 1179 504 1244 1224 1179 1244 1225 1245 1226 1225 1244 1245 1226 1246 1227 1226 1245 1246 1227 1246 1247 1227 1247 1228 1228 1248 1229 1228 1247 1248 1229 1249 1230 1229 1248 1249 1230 1250 1231 1230 1249 1250 1231 1250 503 1244 1251 1245 1244 504 1251 1245 1251 1252 1245 1252 1246 1246 1252 1253 1246 1253 1247 1247 1253 1254 1247 1254 1248 1248 1255 1249 1248 1254 1255 1249 1256 1250 1249 1255 1256 1250 1257 503 1250 1256 1257 503 1258 502 538 502 1258 538 1258 540 540 1258 1257 503 1257 1258 1259 1257 1256 540 1257 1259 1260 1256 1255 1259 1256 1260 1260 1255 1261 1261 1255 1254 1261 1254 1262 1262 1254 1253 1262 1253 1263 1263 1253 1252 1264 1252 1251 1263 1252 1264 208 207 1265 1265 504 208 1264 1251 1265 1265 1251 504 207 267 1266 1265 207 1266 1265 1266 1264 1264 1267 1263 1264 1266 1267 1263 1268 1262 1263 1267 1268 1262 1268 1269 1262 1269 1261 1261 1270 1260 1261 1269 1270 1260 1271 1259 1260 1270 1271 1259 1272 540 1259 1271 1272 540 1272 1273 540 1273 539 1266 267 1274 267 268 1274 1274 268 1183 1266 1274 1267 1274 1183 1275 1267 1275 1268 1267 1274 1275 1268 1275 1276 1268 1276 1269 1269 1277 1270 1269 1276 1277 1270 1278 1271 1270 1277 1278 1271 1278 1279 1271 1279 1272 1272 1280 1273 1272 1279 1280 1273 1280 1281 1273 1281 539 1280 588 1281 1281 588 586 1282 586 584 539 1282 537 1281 586 1282 539 1281 1282 537 1283 535 537 1282 1283 1282 584 1283 1283 584 582 1284 582 580 535 1283 1284 535 1284 533 1283 582 1284 533 1285 531 1284 580 1285 533 1284 1285 1285 580 578 1286 578 576 531 1285 1286 531 1286 529 1285 578 1286 529 1286 1287 529 1287 527 1287 576 574 1286 576 1287 527 1287 1288 1288 574 572 1287 574 1288 527 1288 525 1289 572 570 1288 572 1289 525 1288 1289 525 1289 523 523 1290 521 1290 570 568 1289 570 1290 523 1289 1290 1291 568 566 521 1291 519 521 1290 1291 1290 568 1291 517 1292 554 1291 566 1292 1292 564 554 519 1291 1292 519 1292 517 1292 566 564 1183 1182 1293 1275 1183 1293 1275 1293 1276 1276 1293 1294 1276 1294 1277 1277 1295 1278 1277 1294 1295 1278 1296 1279 1278 1295 1296 1279 1296 1297 1280 1297 588 1279 1297 1280 1297 612 588 1293 1182 1298 1182 1181 1298 1293 1298 1294 1294 1298 1299 1294 1299 1295 1299 640 1300 1295 1299 1300 1295 1300 1296 1300 640 638 1297 1301 612 1300 638 1301 1301 636 612 1296 1300 1301 1296 1301 1297 1301 638 636 1298 1181 1302 1302 668 640 1302 344 668 1181 344 1302 1298 1302 1299 1299 1302 640 1303 346 641 1303 673 347 347 346 1303 1303 641 1304 1304 641 642 1304 642 1305 1305 643 670 1305 642 643 669 1185 1306 669 1306 667 1185 1184 1306 667 1306 1307 667 1307 665 665 1307 1308 665 1308 664 664 1309 663 664 1308 1309 663 1309 1310 663 1310 662 662 1310 1311 662 1311 661 661 1312 660 661 1311 1312 660 1312 1313 660 1313 659 659 1314 658 659 1313 1314 658 1315 657 658 1314 1315 657 1315 1316 657 1316 656 656 1317 655 656 1316 1317 655 1317 1318 655 1318 654 654 1318 1319 654 1319 653 653 1319 1320 653 1320 652 652 1321 651 652 1320 1321 651 1322 650 651 1321 1322 650 1322 1323 650 1323 649 649 1324 648 649 1323 1324 648 1325 647 648 1324 1325 646 1326 672 647 1326 646 647 1325 1326 1306 1184 1327 1327 349 726 1184 349 1327 1306 1327 1307 1307 1327 1328 1327 726 1328 1328 726 724 1307 1328 1308 1308 1329 1309 1329 724 722 1308 1328 1329 1328 724 1329 1309 1330 1310 1329 722 1330 1330 722 720 1309 1329 1330 1310 1331 1311 1310 1330 1331 1330 720 1331 1331 720 718 1311 1332 1312 1311 1331 1332 1332 718 716 1331 718 1332 1332 716 1333 1312 1332 1333 1333 716 714 1312 1333 1313 1333 714 1334 1313 1334 1314 1334 714 712 1313 1333 1334 1314 1335 1315 1314 1334 1335 1334 712 1335 1335 712 710 1336 710 708 1315 1335 1336 1315 1336 1316 1335 710 1336 1316 1336 1337 1316 1337 1317 1337 708 706 1336 708 1337 1317 1337 1338 1338 706 704 1337 706 1338 1317 1338 1318 1318 1339 1319 1318 1338 1339 1338 704 1339 1339 704 702 1340 702 700 1339 702 1340 1319 1340 1320 1319 1339 1340 1320 1341 1321 1341 700 698 1340 700 1341 1320 1340 1341 1341 698 1342 1342 698 696 1321 1342 1322 1321 1341 1342 1342 696 1343 1343 696 694 1322 1342 1343 1322 1343 1323 1323 1344 1324 1344 694 692 1343 694 1344 1323 1343 1344 1324 1344 1345 1324 1345 1325 1344 692 1345 1345 692 690 1345 690 1346 1346 690 688 1325 1346 1326 1325 1345 1346 1346 688 1347 1326 1346 1347 1326 1347 672 1347 688 686 672 1347 1348 1347 686 1348 1348 686 684 672 1348 671 1348 684 1349 671 1348 1349 1349 684 682 671 1349 670 670 1349 1350 1349 682 1350 1350 682 680 670 1350 1305 1305 1350 1351 1350 680 1351 1305 1351 1304 1351 680 678 1304 1351 1352 1352 676 673 1352 678 676 1351 678 1352 1303 1352 673 1304 1352 1303 1189 1188 1353 725 1353 723 725 1189 1353 723 1353 1354 723 1354 721 721 1355 719 721 1354 1355 719 1356 717 717 1356 773 1355 796 1356 1356 796 774 1356 774 773 719 1355 1356 1353 1188 1357 1188 1187 1357 1353 1357 1354 1358 797 796 1355 1358 796 1354 1358 1355 1354 1357 1358 1192 738 1359 1359 738 740 1360 740 742 1360 742 776 1359 740 1360 1357 1187 1361 1358 1361 797 1357 1361 1358 1186 1361 1187 1362 1192 1359 1191 1192 1362 1363 1359 1360 1362 1359 1363 1363 1360 1364 1364 1360 776 1365 776 775 1364 776 1365 1365 775 1366 1366 775 777 1367 777 778 1366 777 1367 1367 778 1368 1368 778 779 1368 779 1369 1369 779 780 1369 780 1370 1370 780 781 1371 781 782 1370 781 1371 1372 782 783 1371 782 1372 1372 783 1373 1373 783 784 1374 784 785 1373 784 1374 1375 785 786 1374 785 1375 1376 786 787 1375 786 1376 1376 787 1377 1377 787 788 1377 788 1378 1378 788 789 1378 789 1379 1379 789 790 1380 790 791 1379 790 1380 1381 791 792 1380 791 1381 1381 792 1382 1382 792 793 1383 793 794 1382 793 1383 1383 794 1384 1384 794 795 1385 795 797 1384 795 1385 1385 797 1386 1197 1386 1186 1386 797 1361 1386 1361 1186 1190 1191 1387 800 1190 1387 800 1387 802 1387 1191 1362 802 1387 1388 802 1388 804 1388 1362 1363 1387 1362 1388 1389 1363 1364 1388 1363 1389 804 1388 1389 1389 1364 1390 1390 1364 1365 1390 1365 1391 1391 1365 1366 1392 1366 1367 1391 1366 1392 1392 1367 1393 1393 1367 1368 1393 1368 1394 1394 1368 1369 1395 1369 1370 1394 1369 1395 1396 1370 1371 1395 1370 1396 1397 1371 1372 1396 1371 1397 807 1397 1398 807 1398 809 1398 1372 1373 1397 1372 1398 809 1398 1399 1399 1373 1374 1398 1373 1399 809 1399 811 811 1400 813 1400 1374 1375 1399 1374 1400 811 1399 1400 813 1400 1401 1401 1375 1376 1400 1375 1401 813 1401 815 1402 1376 1377 1401 1376 1402 815 1401 1402 815 1402 817 817 1403 819 1402 1377 1403 1403 1377 1378 817 1402 1403 1403 1378 1404 1404 1378 1379 819 1404 821 819 1403 1404 821 1405 823 1404 1379 1405 1405 1379 1380 821 1404 1405 1405 1380 1406 823 1405 1406 1406 1380 1381 1406 1381 1407 1407 1381 1382 1408 1382 1383 824 1407 1408 1407 1382 1408 824 1408 825 825 1409 828 1409 1383 1384 1408 1383 1409 825 1408 1409 828 1409 1410 1410 1384 1385 1409 1384 1410 1196 1411 1197 1411 1385 1386 1410 1385 1411 1411 1386 1197 1412 1389 1390 833 804 1412 833 1412 835 804 1389 1412 835 1413 837 1413 1390 1391 1412 1390 1413 835 1412 1413 837 1413 1414 837 1414 839 1413 1391 1414 1414 1391 1392 1414 1392 1415 1415 1392 1393 839 1415 841 839 1414 1415 1416 1393 1394 1415 1393 1416 841 1415 1416 841 1416 843 843 1416 1417 1416 1394 1417 1417 1394 1395 843 1417 845 1417 1395 1418 1418 1395 1396 845 1418 806 845 1417 1418 1419 1396 1397 1418 1396 1419 806 1418 1419 806 1419 807 1419 1397 807 823 1406 1420 858 1420 860 1420 1406 1407 1420 1407 824 860 1420 824 858 823 1420 828 1410 1421 1421 1410 1411 1421 1411 1196 1196 868 1421 1421 868 866 1421 866 828 867 1422 865 1195 1194 1422 867 1195 1422 865 1423 863 865 1422 1423 863 1423 1424 863 1424 862 862 1424 1425 862 1425 861 861 1425 1426 861 1426 859 859 1427 857 859 1426 1427 857 1427 1428 857 1428 855 855 1428 1429 855 1429 854 854 1429 1430 854 1430 853 853 1430 1431 853 1431 852 852 1432 851 852 1431 1432 851 1433 850 851 1432 1433 850 1434 849 850 1433 1434 849 1435 848 849 1434 1435 848 1435 1436 848 1436 847 847 1437 846 847 1436 1437 846 1437 1438 846 1438 844 844 1439 842 844 1438 1439 842 1439 1440 842 1440 840 840 1441 838 840 1440 1441 838 1441 1442 838 1442 836 836 1443 834 836 1442 1443 834 1443 1444 834 1444 832 832 1444 1445 832 1445 831 831 1446 829 831 1445 1446 829 1446 1447 829 1447 830 830 1447 870 1448 870 1447 871 870 1448 1448 1447 1446 1422 1449 1423 1194 1193 1449 1422 1194 1449 1449 1193 920 1423 1449 1450 1449 920 1450 1450 920 918 1423 1450 1424 1424 1450 1451 1451 918 916 1450 918 1451 1424 1451 1425 1452 916 914 1451 916 1452 1425 1451 1452 1425 1452 1426 1426 1452 1453 1426 1453 1427 1453 914 912 1452 914 1453 1427 1454 1428 1427 1453 1454 1453 912 1454 1454 912 910 1454 910 1455 1428 1454 1455 1455 910 908 1428 1455 1429 1429 1455 1456 1429 1456 1430 1456 908 906 1455 908 1456 1430 1457 1431 1430 1456 1457 1456 906 1457 1457 906 904 1431 1457 1458 1457 904 1458 1431 1458 1432 1458 904 902 1458 902 1459 1459 902 900 1432 1459 1433 1432 1458 1459 1459 900 1460 1433 1460 1434 1433 1459 1460 1460 900 898 1460 898 1461 1434 1460 1461 1461 898 896 1434 1461 1435 1435 1461 1462 1435 1462 1436 1461 896 1462 1462 896 894 1463 894 892 1436 1462 1463 1436 1463 1437 1462 894 1463 1437 1464 1438 1437 1463 1464 1463 892 1464 1464 892 890 1464 890 1465 1438 1464 1465 1438 1465 1439 1465 890 888 1439 1466 1440 1439 1465 1466 1466 888 886 1465 888 1466 1467 886 884 1440 1467 1441 1440 1466 1467 1466 886 1467 1468 884 882 1441 1467 1468 1441 1468 1442 1467 884 1468 1442 1469 1443 1468 882 1469 1442 1468 1469 1469 882 880 1469 880 1470 1470 880 878 1443 1469 1470 1443 1470 1444 1471 878 876 1470 878 1471 1444 1470 1471 1444 1471 1445 1471 876 1472 1445 1471 1472 1445 1472 1446 1472 876 874 1446 1473 1448 1446 1472 1473 1474 871 1448 872 871 1474 873 1475 874 873 1474 1475 1472 874 1475 1475 1473 1472 1474 1448 1475 1475 1448 1473 1476 1474 873 922 872 1476 1476 872 1474 1477 922 1476 923 922 1477 1478 873 924 1477 1476 1478 945 1478 924 1478 1476 873 979 357 1479 357 358 1479 979 1479 981 1479 358 923 981 1480 983 981 1479 1480 1479 923 1480 1480 923 1477 1480 1477 1481 1481 1477 1478 1481 1478 945 983 1481 984 984 1481 945 983 1480 1481 1482 1036 1032 1022 1036 1482 1482 980 982 1482 982 1022 1482 1032 1031 1031 980 1482 1019 1204 1483 1204 1203 1483 1019 1483 1018 1018 1484 1017 1018 1483 1484 1017 1485 1016 1017 1484 1485 1016 1486 1015 1016 1485 1486 1015 1486 1487 1015 1487 1014 1014 1488 1013 1014 1487 1488 1013 1489 1011 1013 1488 1489 1011 1489 1490 1011 1490 1009 1009 1491 1007 1009 1490 1491 1007 1491 1492 1007 1492 1005 1005 1492 1493 1005 1493 1003 1003 1494 1001 1003 1493 1494 1001 1494 1495 1001 1495 999 999 1495 1496 999 1496 997 995 1497 1027 997 1496 1497 997 1497 995 1203 362 1498 1483 1203 1498 1483 1498 1484 1498 362 1076 1484 1499 1485 1498 1076 1499 1499 1076 1074 1484 1498 1499 1499 1074 1500 1485 1499 1500 1485 1500 1486 1500 1074 1072 1486 1501 1487 1500 1072 1501 1501 1072 1070 1486 1500 1501 1501 1070 1502 1487 1501 1502 1502 1070 1068 1487 1502 1488 1488 1503 1489 1488 1502 1503 1502 1068 1503 1503 1068 1066 1504 1066 1064 1503 1066 1504 1489 1503 1504 1489 1504 1490 1490 1504 1505 1490 1505 1491 1504 1064 1505 1491 1506 1492 1491 1505 1506 1492 1507 1493 1492 1506 1507 1493 1507 1508 1493 1508 1494 1494 1509 1495 1494 1508 1509 1508 1062 1509 1509 1062 1060 1495 1509 1510 1495 1510 1496 1509 1060 1510 1510 1060 1058 1511 1058 1056 1496 1510 1511 1496 1511 1497 1510 1058 1511 1497 1511 1512 1512 1056 1054 1497 1512 1027 1511 1056 1512 1027 1513 1026 1513 1054 1052 1512 1054 1513 1027 1512 1513 1514 1043 1042 1513 1052 1514 1025 1514 1042 1026 1514 1025 1514 1052 1043 1026 1513 1514 1063 1515 1064 1505 1515 1506 1505 1064 1515 1092 1516 1063 1506 1515 1516 1506 1516 1507 1063 1516 1515 1508 1517 1062 1090 1062 1517 1090 1517 1092 1092 1517 1516 1507 1516 1517 1507 1517 1508 1518 1144 1145 376 1166 1518 376 1518 1206 1166 1144 1518 1206 1518 1519 1519 1145 1146 1518 1145 1519 1206 1519 1207 1207 1519 1520 1519 1146 1520 1520 1146 1147 1207 1520 1208 1520 1147 1521 1521 1147 1148 1208 1520 1521 1208 1521 377 1521 1148 1522 1522 1148 1149 377 1522 378 377 1521 1522 1523 1149 1150 378 1522 1523 378 1523 379 379 1523 1162 1522 1149 1523 1523 1150 1162 1524 1525 1526 1525 1527 1526 1528 1526 1527 1524 1529 1525 273 1529 227 1530 273 335 1529 273 1530 1529 1530 1531 1525 1529 1531 1525 1531 1527 1532 1528 1527 1532 1527 1533 1534 1535 1536 1534 1536 1537 1534 1537 1538 1538 1537 1539 1540 335 412 1530 335 1540 1540 412 1541 1533 1540 1541 1541 412 410 1541 410 1542 1542 410 408 1543 408 407 1542 408 1543 1535 1544 1536 1544 407 406 1535 1543 1544 1543 407 1544 1544 406 1545 1545 406 1222 1536 1545 1537 1545 1222 1221 1536 1544 1545 1546 1540 1533 1527 1531 1546 1546 1530 1540 1527 1546 1533 1531 1530 1546 1538 1547 1534 1534 1548 1532 1534 1547 1548 1532 1548 1528 1545 1221 1549 1549 1221 402 1537 1549 1539 1537 1545 1549 1550 404 1220 1549 402 1550 1550 402 404 1539 1549 1550 1551 1542 1543 1551 1541 1542 1535 1534 1551 1551 1534 1532 1551 1532 1533 1533 1541 1551 1551 1543 1535 1552 1553 1554 1552 1554 1555 1529 1555 227 178 227 1555 1529 1556 1555 1524 1556 1529 1552 1555 1556 178 1555 1557 178 1557 1558 178 1558 1559 178 1559 1560 178 1560 176 1555 1554 1561 1555 1562 1557 1555 1561 1562 1553 1563 1564 1564 1554 1553 1564 1561 1554 1565 1566 1563 1567 1568 1569 176 1560 1570 176 1570 1571 176 1571 1572 176 1572 332 1573 1574 1575 1575 1574 1566 1575 1566 1565 1576 1574 1573 1576 1577 1574 1578 1577 1576 1579 1577 1578 1579 1580 1577 1581 1580 1579 1582 1580 1581 1568 1567 1582 1582 1567 1580 1572 1571 1583 1567 1569 1583 1583 1569 1584 1583 1584 1572 1572 1585 332 1572 1584 1585 1570 1560 1586 1586 1560 1559 1587 1559 1558 1586 1559 1587 1588 1558 1557 1587 1558 1588 1589 1557 1562 1588 1557 1589 1589 1562 1590 1590 1561 1564 1590 1562 1561 1571 1570 1591 1583 1571 1591 1583 1591 1567 1591 1570 1586 1567 1591 1592 1591 1586 1592 1592 1586 1587 1567 1592 1580 1580 1593 1577 1580 1592 1593 1593 1587 1588 1592 1587 1593 1594 1588 1589 1577 1594 1574 1593 1588 1594 1577 1593 1594 1574 1595 1566 1594 1589 1595 1595 1589 1590 1574 1594 1595 1596 1564 1563 1595 1590 1596 1596 1590 1564 1566 1595 1596 1566 1596 1563 1597 1598 1599 1600 1601 1602 1578 1603 1579 1604 1581 1579 1603 1604 1579 1604 1582 1581 1605 1606 1607 1608 1601 1600 1608 1600 1609 1610 1607 1606 1176 332 1610 1611 1608 1609 1176 1610 1611 1176 1611 1612 332 1585 1613 332 1613 1614 332 1614 1615 1616 1615 1607 1616 1607 1610 332 1616 1610 332 1615 1616 1611 1610 1617 1610 1606 1617 1611 1617 1618 1611 1618 1608 1617 1606 1618 1611 1609 1619 1611 1619 1620 1611 1620 1612 1565 1621 1575 1575 1621 1622 1575 1622 1573 1573 1623 1576 1573 1622 1623 1576 1623 1624 1576 1624 1578 1578 1624 1603 1625 1585 1584 1613 1585 1625 1625 1584 1626 1626 1584 1569 1626 1569 1627 1627 1569 1568 1628 1582 1604 1628 1568 1582 1627 1568 1628 1622 1629 1623 1623 1629 1630 1623 1630 1624 1598 1630 1629 1598 1631 1630 1624 1630 1631 1624 1631 1603 1603 1631 1632 1603 1633 1604 1603 1632 1633 1604 1633 1634 1604 1634 1628 1628 1634 1635 1628 1635 1627 1626 1636 1625 1627 1636 1626 1627 1635 1636 1625 1636 1637 1613 1637 1614 1625 1637 1613 1638 1598 1629 1599 1598 1638 1639 1629 1622 1639 1622 1621 1638 1629 1639 1640 1633 1632 1640 1634 1633 1641 1632 1631 1641 1631 1598 1640 1632 1641 1642 1636 1635 1642 1635 1634 1642 1634 1640 1607 1643 1605 1607 1615 1643 1643 1614 1637 1615 1614 1643 1644 1636 1642 1644 1637 1636 1643 1637 1644 1605 1643 1644 1605 1644 1645 1645 1644 1642 1645 1642 1646 1646 1642 1640 1646 1640 1647 1647 1640 1641 1601 1646 1647 1648 1598 1597 1601 1647 1648 1648 1641 1598 1647 1641 1648 1649 1648 1597 1602 1601 1649 1649 1601 1648 1650 1605 1645 1606 1605 1650 1618 1606 1650 1618 1650 1608 1608 1650 1601 1650 1646 1601 1650 1645 1646 1651 391 389 1651 389 1210 1209 1652 1210 1651 1210 1652 387 1653 1209 1209 1653 1652 386 1654 387 387 1654 1653 1176 1654 386 1653 1654 1655 1176 1655 1654 1656 1657 1658 1656 1658 1659 1658 1660 1659 1176 1661 1655 1176 1662 1661 1663 1661 1662 1656 1659 1664 1664 1665 1656 1666 1664 1659 1667 1668 1669 1670 1665 1664 1670 1664 1671 1664 1666 1671 1672 1671 1666 1176 1673 1662 1176 1672 1673 1666 1673 1672 1667 1669 1674 1675 1674 1676 1677 1670 1671 1677 1671 1672 1176 1678 1672 1677 1672 1678 1176 1612 1678 1679 1675 1680 1675 1676 1681 1680 1675 1681 1680 1681 1682 1682 1681 1683 1683 1670 1677 1684 1683 1677 1682 1683 1684 1685 1678 1612 1685 1677 1678 1684 1677 1685 1686 1213 1687 1687 1213 401 1687 401 1688 1688 401 399 1688 399 1689 1689 399 397 1689 397 1690 1691 397 1212 1690 397 1691 1691 1212 1692 1692 1212 395 1692 395 1693 1693 395 393 1694 393 1211 1693 393 1694 1695 1211 391 1695 391 1651 1694 1211 1695 1696 1686 1687 1697 1686 1696 1696 1687 1688 1698 1688 1689 1696 1688 1698 1698 1689 1699 1699 1689 1690 1700 1690 1691 1699 1690 1700 1700 1691 1701 1701 1691 1692 1702 1692 1693 1701 1692 1702 1657 1702 1703 1703 1693 1694 1702 1693 1703 1657 1703 1658 1703 1694 1695 1704 1695 1651 1658 1703 1704 1658 1704 1660 1703 1695 1704 1660 1704 1705 1660 1705 1663 1705 1651 1652 1704 1651 1705 1663 1705 1706 1706 1653 1655 1706 1652 1653 1705 1652 1706 1663 1706 1661 1661 1706 1655 1707 1697 1696 1708 1697 1707 1709 1698 1699 1707 1696 1709 1709 1696 1698 1710 1699 1700 1709 1699 1710 1711 1701 1702 1711 1700 1701 1711 1702 1657 1710 1700 1711 1668 1712 1669 1712 1708 1713 1713 1708 1707 1669 1712 1713 1714 1707 1709 1713 1707 1714 1714 1709 1715 1715 1709 1710 1715 1710 1716 1716 1710 1711 1717 1711 1657 1665 1716 1717 1716 1711 1717 1717 1657 1656 1665 1717 1656 1718 1666 1659 1718 1660 1663 1718 1663 1662 1659 1660 1718 1662 1673 1718 1718 1673 1666 1719 1713 1714 1674 1669 1719 1674 1719 1676 1669 1713 1719 1720 1714 1715 1676 1719 1720 1719 1714 1720 1670 1721 1665 1720 1715 1721 1721 1716 1665 1721 1715 1716 1681 1722 1683 1722 1720 1721 1722 1721 1670 1681 1676 1722 1676 1720 1722 1683 1722 1670 1723 1675 1679 1723 1674 1675 1667 1674 1723 1547 1538 1724 1725 1547 1724 1725 1724 1726 1712 1727 1708 1724 1538 1728 1728 1538 1729 1724 1728 1730 1726 1724 1730 1730 1731 1726 1732 1726 1731 1732 1731 1733 1732 1733 1734 1732 1734 1735 1735 1734 1736 1735 1736 1737 1735 1737 1738 1739 1740 1679 1741 1740 1739 1742 1218 1172 1218 1742 1743 1218 1743 1219 1171 1744 1172 1742 1172 1744 1745 1746 1747 1171 1175 1748 1217 1748 1175 1171 1749 1744 1171 1748 1749 1219 1750 1220 1219 1743 1750 1550 1220 1750 1550 1750 1751 1550 1751 1752 1550 1752 1753 1746 1745 1754 1550 1753 1754 1754 1753 1746 1550 1755 1539 1550 1754 1755 1539 1755 1756 1539 1756 1757 1539 1757 1758 1759 1729 1538 1539 1758 1759 1539 1759 1538 1760 1750 1743 1751 1750 1760 1760 1743 1761 1761 1743 1742 1761 1742 1762 1762 1742 1744 1762 1744 1763 1763 1744 1749 1764 1749 1748 1763 1749 1764 1764 1748 1765 1217 1766 1748 1216 1766 1217 1765 1748 1766 1765 1766 1767 1216 1768 1766 1215 1768 1216 1767 1766 1768 1697 1767 1769 1697 1769 1686 1767 1768 1769 1769 1770 1686 1686 1770 1213 1769 1768 1770 1770 1215 1214 1768 1215 1770 1770 1214 1213 1746 1753 1771 1753 1752 1771 1746 1771 1772 1772 1771 1773 1772 1773 1774 1774 1773 1775 1774 1775 1776 1776 1775 1777 1776 1777 1778 1778 1777 1779 1778 1779 1780 1780 1779 1781 1780 1781 1782 1782 1781 1783 1782 1783 1784 1727 1782 1784 1727 1784 1708 1784 1783 1785 1784 1785 1708 1708 1785 1697 1758 1757 1786 1786 1757 1787 1757 1756 1787 1786 1787 1788 1788 1787 1789 1788 1789 1790 1790 1789 1791 1790 1791 1792 1792 1791 1793 1792 1793 1794 1794 1793 1795 1794 1795 1796 1796 1795 1797 1796 1797 1798 1798 1797 1799 1798 1799 1800 1800 1799 1801 1800 1801 1802 1802 1801 1803 1802 1803 1804 1804 1805 1668 1668 1805 1712 1804 1803 1805 1806 1804 1668 1668 1667 1806 1806 1802 1804 1806 1667 1807 1808 1800 1802 1808 1802 1806 1806 1807 1808 1808 1807 1809 1808 1809 1810 1810 1798 1800 1810 1800 1808 1810 1809 1811 1812 1796 1798 1810 1811 1812 1812 1798 1810 1812 1811 1813 1814 1796 1812 1812 1813 1814 1814 1794 1796 1814 1813 1815 1816 1794 1814 1816 1792 1794 1814 1815 1816 1816 1815 1817 1818 1792 1816 1816 1817 1818 1818 1790 1792 1818 1817 1819 1820 1788 1790 1820 1790 1818 1818 1819 1820 1820 1819 1821 1820 1821 1822 1822 1788 1820 1822 1786 1788 1822 1821 1823 1759 1758 1824 1824 1758 1786 1824 1786 1822 1822 1823 1824 1824 1823 1825 1824 1825 1759 1759 1825 1729 1826 1729 1825 1728 1729 1826 1730 1728 1826 1730 1826 1731 1827 1825 1823 1731 1827 1733 1731 1826 1827 1826 1825 1827 1827 1823 1828 1733 1827 1828 1828 1823 1821 1733 1828 1734 1829 1821 1819 1734 1829 1736 1734 1828 1829 1828 1821 1829 1830 1819 1817 1736 1830 1737 1736 1829 1830 1829 1819 1830 1737 1830 1831 1831 1817 1815 1830 1817 1831 1832 1738 1737 1832 1739 1738 1741 1739 1832 1737 1831 1832 1833 1815 1813 1832 1831 1833 1832 1833 1741 1831 1815 1833 1833 1813 1834 1741 1834 1740 1834 1813 1811 1741 1833 1834 1835 1811 1809 1740 1834 1835 1834 1811 1835 1679 1740 1836 1740 1835 1836 1679 1836 1723 1837 1807 1667 1837 1809 1807 1835 1809 1837 1836 1835 1837 1836 1837 1723 1723 1837 1667 1771 1752 1838 1838 1751 1760 1771 1838 1773 1752 1751 1838 1838 1760 1839 1839 1760 1761 1773 1839 1775 1773 1838 1839 1840 1761 1762 1839 1761 1840 1775 1839 1840 1775 1840 1777 1777 1840 1779 1779 1841 1781 1841 1762 1763 1840 1762 1841 1779 1840 1841 1781 1841 1842 1841 1763 1842 1842 1763 1764 1781 1842 1783 1842 1764 1843 1783 1842 1843 1783 1843 1785 1843 1764 1765 1844 1765 1767 1785 1843 1844 1785 1844 1697 1844 1767 1697 1843 1765 1844 1754 1745 1845 1754 1845 1755 1747 1746 1846 1846 1746 1772 1846 1772 1847 1847 1772 1774 1848 1774 1776 1847 1774 1848 1849 1776 1778 1848 1776 1849 1849 1778 1850 1850 1778 1780 1851 1780 1782 1851 1782 1727 1850 1780 1851 1756 1755 1852 1852 1755 1845 1787 1756 1852 1787 1852 1789 1789 1852 1853 1852 1845 1853 1853 1845 1745 1789 1853 1791 1854 1745 1747 1791 1854 1793 1791 1853 1854 1853 1745 1854 1855 1747 1846 1793 1855 1795 1854 1747 1855 1793 1854 1855 1795 1856 1797 1855 1846 1856 1856 1846 1847 1795 1855 1856 1797 1857 1799 1797 1856 1857 1856 1847 1857 1857 1847 1848 1858 1848 1849 1799 1857 1858 1799 1858 1801 1857 1848 1858 1801 1859 1803 1859 1849 1850 1801 1858 1859 1858 1849 1859 1803 1859 1860 1803 1860 1805 1860 1850 1851 1859 1850 1860 1861 1851 1727 1861 1727 1712 1805 1861 1712 1805 1860 1861 1860 1851 1861 1862 1548 1547 1862 1553 1552 1862 1552 1556 1862 1556 1524 1862 1524 1526 1862 1526 1528 1862 1528 1548 1553 1863 1563 1862 1863 1553 1864 1620 1619 1864 1612 1620 1619 1609 1864 1865 1597 1599 1638 1865 1599 1597 1865 1649 1866 1684 1685 1866 1685 1612 1866 1679 1680 1866 1680 1682 1866 1682 1684 1866 1612 1864 1649 1865 1867 1867 1609 1600 1867 1600 1602 1864 1609 1867 1649 1867 1602 1639 1868 1638 1638 1868 1865 1621 1868 1639 1565 1869 1621 1621 1869 1868 1563 1869 1565 1563 1863 1869 1679 1870 1739 1866 1870 1679 1726 1732 1871 1871 1872 1726 1872 1725 1726 1872 1547 1725 1862 1547 1872 1732 1735 1873 1873 1871 1732 1874 1873 1735 1735 1738 1874 1875 1874 1738 1739 1870 1875 1739 1875 1738 1863 1862 1876 1863 1876 1877 1863 1877 1878 1863 1878 1879 1863 1879 1880 1863 1880 1881 1863 1881 1882 1863 1882 1883 1863 1883 1869 1868 1869 1884 1865 1868 1885 1884 1885 1868 1867 1865 1886 1885 1886 1865 1864 1867 1887 1886 1887 1867 1869 1888 1884 1869 1883 1888 1870 1866 1889 1890 1864 1887 1890 1866 1864 1889 1866 1890 1870 1889 1891 1870 1891 1892 1870 1892 1893 1870 1893 1894 1870 1895 1875 1870 1894 1895 1875 1896 1874 1897 1896 1875 1873 1898 1899 1875 1900 1897 1875 1895 1900 1874 1896 1901 1874 1901 1902 1903 1873 1874 1903 1874 1902 1898 1873 1903 1904 1871 1873 1904 1873 1899 1905 1871 1904 1906 1872 1907 1907 1872 1871 1907 1871 1905 1908 1862 1872 1908 1872 1906 1876 1862 1908 1876 1908 1909 1906 1910 1908 1911 1912 1913 1914 1915 1916 1914 1916 1917 1914 1917 1918 1914 1918 1919 1920 1921 1922 1922 1921 1910 1922 1910 1906 1906 1907 1922 1923 1921 1920 1924 1925 1923 1923 1925 1921 1926 1927 1925 1926 1925 1924 1928 1927 1926 1929 1927 1928 1929 1911 1927 1912 1911 1929 1918 1917 1930 1911 1913 1930 1930 1931 1918 1930 1913 1931 1918 1932 1919 1918 1931 1932 1916 1915 1933 1933 1915 1934 1933 1934 1935 1935 1934 1936 1935 1936 1937 1937 1936 1938 1937 1938 1939 1939 1938 1940 1939 1940 1941 1941 1940 1942 1941 1942 1909 1909 1943 1876 1909 1942 1943 1877 1876 1943 1917 1916 1944 1944 1916 1933 1930 1917 1944 1930 1944 1911 1944 1933 1945 1945 1933 1935 1911 1944 1945 1911 1945 1927 1945 1935 1946 1946 1935 1937 1927 1945 1946 1927 1946 1925 1946 1937 1947 1947 1937 1939 1925 1946 1947 1925 1947 1921 1921 1948 1910 1947 1939 1948 1948 1939 1941 1921 1947 1948 1910 1948 1949 1910 1949 1908 1949 1909 1908 1949 1941 1909 1948 1941 1949 1879 1878 1950 1951 1950 1952 1877 1953 1878 1950 1953 1952 1950 1878 1953 1877 1943 1953 1953 1940 1938 1953 1942 1940 1953 1943 1942 1954 1934 1915 1954 1936 1934 1954 1938 1936 1954 1953 1938 1954 1952 1953 1954 1915 1914 1879 1955 1880 1879 1950 1955 1955 1956 1880 1881 1880 1956 1950 1951 1957 1950 1957 1958 1955 1958 1956 1955 1950 1958 1959 1882 1881 1959 1881 1956 1959 1956 1960 1961 1882 1959 1961 1883 1882 1961 1962 1963 1961 1963 1964 1965 1883 1961 1961 1964 1965 1965 1964 1966 1957 1951 1967 1957 1967 1968 1968 1967 1969 1968 1969 1970 1960 1968 1970 1970 1969 1971 1970 1971 1972 1972 1971 1973 1972 1973 1974 1956 1958 1975 1956 1975 1960 1975 1968 1960 1975 1957 1968 1958 1957 1975 1962 1976 1963 1974 1973 1976 1962 1974 1976 1976 1973 1977 1963 1976 1978 1963 1978 1964 1976 1977 1978 1978 1977 1979 1978 1979 1980 1978 1980 1981 1964 1978 1981 1964 1981 1966 1981 1980 1982 1966 1981 1983 1981 1982 1983 1983 1982 1984 1983 1984 1985 1960 1970 1986 1986 1970 1972 1986 1972 1974 1962 1961 1986 1986 1961 1959 1986 1959 1960 1986 1974 1962 1883 1965 1987 1888 1987 1884 1888 1883 1987 1985 1988 1989 1983 1985 1989 1990 1991 1992 1987 1965 1993 1993 1965 1994 1987 1993 1995 1884 1987 1995 1885 1884 1996 1995 1996 1884 1885 1996 1997 1885 1997 1998 1885 1998 1886 1886 1998 1999 1886 2000 1887 1886 1999 2000 1890 2001 1889 2002 2001 1890 2003 2004 1988 2005 2004 2003 2006 2007 2008 2009 2005 2003 2009 2010 2011 2009 2012 2005 2009 2011 2012 1983 1989 2013 1983 2013 2014 1983 2014 2015 2007 2006 2016 1983 2015 2016 2016 2015 2007 1983 2016 2017 1983 2017 1966 1966 2017 2018 1966 2018 2019 1966 2019 2020 1966 2020 2021 1966 2021 1965 2021 1994 1965 2013 1989 2022 1988 2004 2023 2022 1989 2023 1988 2023 1989 2022 2023 2024 2024 2023 2004 2025 2004 2005 2024 2004 2025 2026 2005 2012 2025 2005 2026 2027 2012 2011 2026 2012 2027 2027 2011 2028 2028 2011 2029 2011 2010 2029 2028 2029 2030 2030 2029 2031 2030 2031 2032 2032 2031 2033 2032 2033 2034 2034 2033 2035 2015 2014 2036 2007 2015 2036 2007 2036 2037 2037 2036 2038 2037 2038 2039 2039 2038 2040 2039 2040 2041 2041 2040 2042 2041 2042 2043 2043 2042 2044 2043 2044 2045 2045 2044 2046 2045 2046 2047 2047 2046 2048 1991 2047 2049 1991 2049 1992 2047 2048 2049 2049 2050 1992 2049 2048 2050 2051 2030 2032 1992 2050 2051 2051 2032 2034 2020 2019 2052 2052 2019 2053 2019 2018 2053 2052 2053 2054 2054 2053 2055 2054 2055 2056 2056 2055 2057 2056 2057 2058 2058 2057 2059 2058 2059 2060 2060 2059 2061 2060 2061 2062 2062 2061 2063 2062 2063 2064 2064 2063 2065 2064 2065 2066 2066 2065 2067 2066 2067 2068 2068 2067 2069 2068 2069 2070 2070 2069 2071 2072 2071 1990 2070 2071 2072 2073 2068 2070 2073 2070 2072 2072 2074 2073 2073 2074 2075 2073 2075 2076 2076 2066 2068 2076 2068 2073 2076 2075 2077 2078 2064 2066 2076 2077 2078 2078 2066 2076 2078 2077 2079 2080 2062 2064 2080 2064 2078 2078 2079 2080 2080 2079 2081 2080 2081 2082 2082 2062 2080 2082 2060 2062 2082 2081 2083 2082 2083 2084 2084 2058 2060 2084 2060 2082 2084 2083 2085 2086 2056 2058 2084 2085 2086 2086 2058 2084 2086 2085 2087 2088 2054 2056 2088 2056 2086 2086 2087 2088 2088 2087 2089 2090 2052 2054 2090 2054 2088 2088 2089 2090 2090 2089 2091 2092 2052 2090 2090 2091 2092 2092 2020 2052 2021 2020 2092 2092 2091 2093 2092 2093 2021 2021 2093 1994 2094 1994 2093 1995 2094 1996 1993 1994 2094 1995 1993 2094 2094 2093 2095 2095 2093 2091 1996 2095 1997 1996 2094 2095 1997 2096 1998 2096 2091 2089 2095 2091 2096 1997 2095 2096 2096 2089 2097 1998 2096 2097 1998 2097 1999 2097 2089 2087 1999 2097 2098 1999 2098 2000 2097 2087 2098 2098 2087 2085 2000 2098 2099 2098 2085 2099 2099 2085 2083 2002 1890 2100 2100 1887 2000 2100 1890 1887 2000 2099 2100 2100 2099 2101 2100 2101 2002 2101 2083 2081 2099 2083 2101 2102 2081 2079 2002 2102 2001 2101 2081 2102 2002 2101 2102 2103 2079 2077 2001 2102 2103 2102 2079 2103 1889 2001 2104 2001 2103 2104 2105 2075 2074 2104 2103 2105 2103 2077 2105 2105 2077 2075 1889 2104 2106 2104 2105 2106 2106 2105 2074 2029 2107 2031 2029 2010 2107 2031 2107 2108 2031 2108 2033 2033 2109 2035 2033 2108 2109 2036 2014 2110 2036 2110 2038 2110 2013 2022 2014 2013 2110 2038 2110 2111 2110 2022 2111 2038 2111 2040 2111 2022 2024 2112 2024 2025 2111 2024 2112 2040 2111 2112 2040 2112 2042 2042 2112 2044 2044 2112 2113 2044 2113 2046 2113 2025 2026 2112 2025 2113 2046 2114 2048 2046 2113 2114 2113 2026 2114 2114 2026 2027 2114 2027 2115 2115 2027 2028 2048 2115 2050 2048 2114 2115 2116 2030 2051 2115 2028 2116 2050 2115 2116 2050 2116 2051 2116 2028 2030 2016 2006 2117 2016 2117 2017 2118 2007 2037 2008 2007 2118 2119 2037 2039 2118 2037 2119 2119 2039 2120 2120 2039 2041 2120 2041 2121 2121 2041 2043 2121 2043 2122 2122 2043 2045 2122 2045 2123 2123 2045 2047 2123 2047 1991 2053 2018 2124 2018 2017 2124 2124 2017 2117 2053 2124 2055 2124 2117 2125 2125 2117 2006 2055 2124 2125 2055 2125 2057 2057 2126 2059 2126 2006 2008 2125 2006 2126 2057 2125 2126 2059 2127 2061 2126 2008 2127 2059 2126 2127 2127 2008 2118 2061 2128 2063 2127 2118 2128 2061 2127 2128 2128 2118 2119 2063 2129 2065 2129 2119 2120 2128 2119 2129 2063 2128 2129 2129 2120 2130 2130 2120 2121 2065 2129 2130 2065 2130 2067 2130 2121 2131 2067 2131 2069 2067 2130 2131 2131 2121 2122 2132 2122 2123 2069 2131 2132 2069 2132 2071 2131 2122 2132 2071 2132 2133 2133 2123 1991 2132 2123 2133 2071 2133 1990 2133 1991 1990 2134 2135 2136 2136 2137 2134 2135 2134 2138 2139 2140 2141 2139 2141 2142 2141 2143 2142 2144 2145 2146 2139 2142 2147 2147 2148 2139 2149 2147 2142 2074 2072 2150 2072 1990 2150 2151 2148 2147 2147 2149 2152 2151 2147 2152 2153 2152 2149 2149 2154 2153 2106 2155 1889 1889 2155 1891 2074 2156 2106 2074 2150 2156 2106 2156 2155 2155 2156 2157 2158 2152 2153 2158 2151 2152 1893 2158 1894 1894 2159 1895 1894 2158 2159 2158 2153 2159 2160 1895 2159 2160 2145 2138 2160 2138 2134 2160 2154 2146 2160 2153 2154 2160 2159 2153 2160 2134 2137 2160 2146 2145 1891 2161 1892 2155 2157 2161 1891 2155 2161 2162 2151 2158 1892 2161 2162 1892 2162 1893 1893 2162 2158 2034 2035 2163 2163 2035 2164 2163 2164 2165 2165 2164 2166 2165 2166 2167 2167 2166 2168 2167 2168 2169 2169 2168 2170 2169 2170 2171 2171 2170 2172 2171 2172 2173 2173 2172 2174 2173 2174 2175 2175 2174 2176 2175 2176 2177 2177 2176 2178 2178 2176 2179 2178 2179 2180 2180 2179 2181 2180 2181 2182 2183 2135 2182 2183 2182 2181 2136 2135 2183 2051 2034 2184 2184 2034 2163 2184 2163 2165 2185 2165 2167 2184 2165 2185 2185 2167 2186 2186 2167 2169 2186 2169 2187 2187 2169 2171 2187 2171 2188 2188 2171 2173 2188 2173 2189 2189 2173 2175 2140 2189 2190 2140 2190 2141 2189 2175 2190 2190 2175 2177 2190 2177 2178 2141 2190 2191 2191 2178 2180 2141 2191 2143 2190 2178 2191 2143 2192 2144 2143 2191 2192 2192 2180 2182 2191 2180 2192 2192 2182 2193 2193 2182 2135 2193 2135 2138 2144 2192 2193 2144 2193 2145 2145 2193 2138 2194 2051 2184 1992 2051 2194 2194 2184 2195 2195 2184 2185 2195 2185 2186 2196 2186 2187 2195 2186 2196 2196 2187 2197 2197 2187 2188 2197 2189 2140 2197 2188 2189 1990 1992 2198 2198 1992 2194 2150 1990 2198 2199 2194 2195 2198 2194 2199 2199 2195 2200 2200 2195 2196 2201 2196 2197 2200 2196 2201 2202 2197 2140 2202 2140 2139 2201 2197 2202 2148 2201 2202 2148 2202 2139 2146 2154 2203 2203 2154 2149 2203 2149 2142 2203 2143 2144 2203 2144 2146 2142 2143 2203 2156 2150 2204 2150 2198 2204 2156 2204 2157 2204 2198 2199 2157 2204 2205 2204 2199 2205 2205 2199 2200 2205 2200 2206 2206 2200 2201 2151 2206 2148 2206 2201 2148 2161 2207 2162 2207 2206 2151 2207 2205 2206 2157 2205 2207 2161 2157 2207 2162 2207 2151 1899 2208 1904 1898 2208 1899 1902 2209 1903 1901 2209 1902 1924 2210 1926 2211 1929 1928 2210 2211 1926 2211 1928 1926 1904 2208 2212 1904 2212 1905 2212 2208 2213 2214 2215 2216 2217 1901 1896 2217 2209 1901 2218 2216 2215 2160 1919 2218 2219 1896 1897 2219 1897 1900 2219 1900 1895 2160 2218 2219 2160 2219 1895 2219 2217 1896 1919 1932 2220 1919 2220 2221 1919 2221 2222 1919 2223 2218 2223 2216 2218 2223 2222 2216 1919 2222 2223 2219 2218 2224 2218 2215 2224 2219 2225 2217 2224 2215 2225 2219 2224 2225 1905 2212 2226 1922 1907 2226 1922 2226 1920 1905 2226 1907 1920 2226 2227 1920 2227 1923 2226 2212 2227 2227 2212 2213 2227 2213 2228 1923 2228 1924 1924 2228 2210 1923 2227 2228 2229 1932 1931 2220 1932 2229 2230 1931 1913 2229 1931 2230 2230 1913 2231 2231 1913 1912 2231 1912 2232 2232 1929 2211 2232 1912 1929 2228 2233 2210 2228 2213 2233 2213 2208 2233 2210 2233 2234 2210 2235 2211 2210 2234 2235 2211 2235 2236 2211 2236 2232 2232 2237 2231 2232 2236 2237 2231 2238 2230 2230 2238 2229 2231 2237 2238 2229 2239 2220 2220 2239 2221 2229 2238 2239 2233 2240 2234 2233 2208 2240 2234 2240 2241 2235 2241 2236 2234 2241 2235 2236 2241 2242 2236 2242 2237 2237 2242 2238 2238 2242 2243 2238 2243 2239 2216 2244 2214 2216 2222 2244 2239 2244 2221 2221 2244 2222 2214 2244 2243 2239 2243 2244 2245 2243 2242 2214 2243 2245 2246 2242 2241 2245 2242 2246 2246 2241 2247 2247 2241 2240 2209 2246 2247 2248 2208 1898 2209 2247 2248 1903 2248 1898 2248 2240 2208 2247 2240 2248 1903 2209 2248 2249 2214 2245 2249 2245 2246 2249 2246 2209 2225 2215 2249 2225 2249 2217 2217 2249 2209 2215 2214 2249 2250 2251 2252 2252 2251 2253 2252 2253 2254 2254 2253 2255 2254 2255 2256 2256 2255 2257 2256 2257 2258 2258 2257 2259 2258 2259 2260 2260 2259 2261 2260 2261 2262 2262 2261 2263 2262 2263 2264 2264 2263 2265 2264 2265 2266 2266 2265 2267 2266 2267 2268 2268 2267 2269 2268 2269 2270 2270 2269 2271 2270 2271 2272 2272 2271 2273 2272 2273 2274 2274 2273 2275 2274 2275 2276 2276 2275 2277 2276 2277 2278 2278 2277 2279 2278 2279 2280 2280 2279 2281 2280 2281 2282 2282 2281 2283 2282 2283 2284 2284 2283 2285 2284 2285 2286 2286 2285 2287 2286 2287 2288 2288 2287 2289 2288 2289 2290 2290 2289 2291 2290 2291 2292 2292 2291 2293 2292 2293 2294 2294 2293 2295 2294 2295 2296 2296 2295 2297 2296 2297 2298 2298 2297 2299 2298 2299 2300 2300 2299 2301 2300 2301 2302 2302 2301 2303 2302 2303 2304 2304 2303 2305 2304 2305 2306 2306 2305 2307 2306 2307 2308 2251 2250 2309 2309 2250 2310 2309 2310 2311 2311 2310 2312 2311 2312 2313 2313 2312 2314 2313 2314 2315 2315 2314 2316 2315 2316 2317 2317 2316 2318 2317 2318 2319 2319 2318 2320 2319 2320 2321 2321 2320 2322 2321 2322 2323 2323 2322 2324 2323 2324 2325 2325 2324 2326 2325 2326 2327 2327 2326 2328 2327 2328 2329 2329 2328 2330 2329 2330 2331 2331 2330 2332 2331 2332 2333 2333 2332 2334 2333 2334 2335 2335 2334 2336 2335 2336 2337 2337 2336 2338 2337 2338 2339 2339 2338 2340 2339 2340 2341 2341 2340 2342 2341 2342 2343 2343 2342 2344 2343 2344 2345 2345 2344 2346 2345 2346 2347 2347 2346 2348 2347 2348 2349 2349 2348 2350 2349 2350 2351 2351 2350 2352 2351 2352 2353 2353 2352 2354 2353 2354 2355 2355 2354 2356 2355 2356 2357 2357 2356 2358 2357 2358 2359 2359 2358 2360 2359 2360 2361 2361 2360 2362 2361 2362 2363 2363 2362 2364 2363 2364 2365 2365 2364 2366 2366 1952 1954 1914 2366 1954 2365 2366 2367 2160 2367 1919 2367 1914 1919 2367 2366 1914 2368 2302 2304 2369 2298 2300 2369 2300 2302 2302 2368 2369 2370 2298 2369 2296 2298 2370 2371 2292 2294 2371 2294 2296 2371 2296 2370 2290 2292 2372 2372 2292 2371 2373 2290 2372 2286 2288 2373 2288 2290 2373 2374 2282 2284 2374 2286 2373 2374 2284 2286 2280 2282 2375 2375 2282 2374 2376 2276 2278 2376 2278 2280 2376 2280 2375 2274 2276 2377 2377 2276 2376 2378 2274 2377 2272 2274 2378 2379 2312 2310 2312 2379 2380 2314 2312 2380 2322 2320 2381 2382 2322 2381 2324 2322 2382 2383 2326 2324 2383 2328 2326 2383 2324 2382 2330 2328 2384 2384 2332 2330 2384 2328 2383 2385 2336 2334 2334 2332 2385 2384 2385 2332 2385 2386 2336 2338 2336 2386 2340 2338 2387 2387 2338 2386 2342 2340 2387 2388 2344 2342 2388 2342 2387 2389 2350 2348 2389 2348 2390 2390 2346 2344 2348 2346 2390 2390 2344 2388 2391 2306 2308 2392 2391 2393 2391 2308 2393 2392 2394 2391 2394 2306 2391 2394 2304 2306 2368 2304 2394 2369 2368 2395 2396 2370 2369 2396 2369 2395 2397 2370 2396 2398 2371 2370 2370 2397 2398 2399 2372 2371 2399 2371 2398 2400 2375 2374 2400 2374 2401 2373 2401 2374 2402 2375 2400 2403 2376 2375 2375 2402 2403 2404 2376 2403 2404 2377 2376 2405 2260 2262 2406 2405 2407 2407 2262 2264 2405 2262 2407 2408 2254 2256 2409 2408 2410 2411 2254 2408 2411 2252 2254 2409 2411 2408 2411 2409 2412 2413 2252 2411 2413 2250 2252 2310 2250 2413 2310 2413 2379 2413 2411 2412 2379 2413 2412 2379 2412 2414 2379 2414 2415 2415 2380 2379 2416 2385 2384 2384 2417 2416 2418 2385 2416 2418 2386 2385 2419 2386 2418 2420 2390 2388 2421 2389 2390 2390 2420 2421 2389 2421 2422 2422 2423 2389 2423 2352 2350 2423 2350 2389 2354 2352 2423 2424 2423 2422 2354 2423 2425 2425 2423 2424 2354 2425 2356 2425 2424 2426 2425 2426 2427 2356 2425 2428 2356 2428 2358 2425 2427 2428 2358 2429 2360 2358 2428 2429 2360 2429 2430 2360 2430 2362 2362 2431 2364 2362 2430 2431 2364 2431 2432 2432 1951 1952 2364 2432 2366 2366 2432 1952 2433 2372 2399 2434 2377 2404 2264 2266 2435 2435 2266 2268 2407 2264 2435 2436 2268 2270 2435 2268 2436 2437 2270 2272 2436 2270 2437 2437 2272 2378 2408 2256 2438 2408 2438 2410 2438 2256 2258 2439 2260 2405 2410 2438 2439 2438 2258 2439 2439 2258 2260 2440 2320 2318 2381 2320 2440 2440 2318 2441 2441 2318 2316 2442 2314 2380 2442 2316 2314 2441 2316 2442 2417 2384 2443 2443 2384 2383 2382 2443 2383 2444 2368 2394 2395 2368 2444 2444 2394 2392 2433 2445 2372 2372 2446 2373 2373 2446 2401 2372 2445 2446 2447 2407 2435 2406 2407 2447 2447 2435 2448 2448 2435 2436 2448 2436 2449 2449 2436 2437 2450 2437 2378 2449 2437 2450 2450 2378 2451 2451 2378 2377 2451 2377 2434 2410 2439 2452 2452 2405 2406 2452 2439 2405 2453 2380 2415 2441 2442 2453 2453 2442 2380 2440 2454 2381 2454 2440 2455 2455 2441 2453 2455 2440 2441 2381 2456 2382 2382 2456 2443 2381 2454 2456 2420 2388 2457 2457 2388 2387 2458 2386 2419 2458 2387 2386 2457 2387 2458 2428 2427 2459 2428 2459 2429 2429 2460 2430 2429 2459 2460 2430 2460 2461 2430 2461 2431 2432 2462 1951 2431 2461 2462 2431 2462 2432 1951 2462 1967 2307 2305 2463 2463 2305 2303 2307 2463 2464 2465 2365 2367 2160 2465 2367 2160 2137 2465 2459 2466 2460 2460 2467 2461 2460 2466 2467 2468 2359 2361 2469 2357 2359 2469 2359 2468 2357 2469 2355 2470 2345 2347 2471 2345 2470 2471 2343 2345 2471 2341 2343 2417 2472 2416 2416 2472 2473 2416 2473 2418 2418 2473 2419 2474 2331 2333 2474 2329 2331 2475 2327 2329 2475 2329 2474 2476 2325 2327 2476 2327 2475 2476 2323 2325 2477 2321 2323 2477 2323 2476 2454 2478 2456 2478 2454 2455 2477 2479 2321 2479 2319 2321 2480 2317 2319 2480 2319 2479 2480 2315 2317 2481 2259 2257 2481 2261 2259 2482 2263 2261 2482 2261 2481 2483 2265 2263 2483 2263 2482 2484 2271 2269 2484 2269 2485 2267 2265 2485 2485 2269 2267 2485 2265 2483 2486 2277 2275 2486 2275 2273 2271 2484 2487 2487 2273 2271 2486 2273 2487 2488 2283 2281 2488 2285 2283 2489 2281 2279 2488 2281 2489 2445 2433 2490 2445 2491 2446 2491 2401 2446 2401 2491 2400 2490 2491 2445 2492 2293 2291 2492 2291 2289 2492 2289 2493 2493 2289 2287 2396 2494 2397 2494 2398 2397 2396 2395 2495 2396 2495 2496 2496 2494 2396 2495 2395 2497 2497 2395 2444 2392 2497 2444 2498 2303 2301 2463 2303 2498 2498 2301 2499 2500 2497 2392 2392 2393 2500 2464 2463 2501 2464 2501 2502 2502 2501 2503 2502 2503 2504 2504 2503 2505 2504 2505 2506 2506 2505 2507 2506 2507 2508 2508 2507 2509 2508 2509 2510 2511 2512 2513 2514 2513 2512 2512 2515 2514 2514 2515 2516 2515 2517 2516 2518 2516 2517 2517 2519 2518 2518 2519 2520 2519 2521 2520 2522 2520 2521 2521 2523 2522 2524 2522 2523 2523 2525 2524 2525 2500 2526 2526 2524 2525 2137 2136 2527 2527 2465 2137 2183 2181 2528 2181 2179 2529 2529 2528 2181 2179 2176 2530 2530 2529 2179 2003 1988 2531 2531 2532 2003 2009 2003 2532 1980 1979 2533 2533 1979 2534 2534 1979 1977 2534 1977 1973 1973 1971 2535 2534 1973 2535 2536 2535 1971 1969 2536 1971 2465 2527 2537 2538 2537 2527 2539 2183 2528 2538 2539 2528 2539 2136 2183 2538 2527 2539 2527 2136 2539 2538 2528 2540 2540 2528 2529 2541 2529 2530 2540 2529 2541 2541 2530 2542 2542 2530 2543 2530 2176 2543 2543 2176 2174 2542 2543 2544 2545 2172 2170 2543 2174 2545 2544 2543 2545 2545 2174 2172 2544 2545 2546 2546 2545 2547 2545 2170 2547 2547 2170 2168 2546 2547 2548 2164 2035 2549 2548 2547 2549 2549 2166 2164 2549 2168 2166 2547 2168 2549 2548 2549 2550 2549 2551 2550 2549 2035 2551 2109 2551 2035 2550 2551 2552 2552 2551 2553 2109 2108 2553 2109 2553 2551 2552 2553 2554 2554 2553 2555 2553 2108 2555 2555 2108 2107 2531 1988 2556 2556 1988 1985 2531 2556 2557 2558 2557 2556 2559 1980 2533 1982 1980 2559 2556 2559 2558 2559 1985 1984 2556 1985 2559 2559 1984 1982 2560 2558 2559 2559 2533 2560 2533 2534 2561 2561 2560 2533 2561 2534 2562 2562 2534 2535 2469 2468 2563 2564 2537 2538 2563 2537 2564 2538 2565 2564 2538 2540 2566 2566 2565 2538 2567 2566 2540 2540 2541 2567 2568 2567 2541 2541 2542 2568 2542 2544 2569 2569 2568 2542 2569 2544 2570 2570 2544 2546 2570 2546 2571 2571 2546 2548 2571 2548 2572 2572 2548 2550 2573 2550 2552 2572 2550 2573 2574 2552 2554 2573 2552 2574 2574 2554 2575 2576 2577 2578 2578 2532 2579 2579 2580 2578 2579 2531 2557 2579 2532 2531 2580 2579 2557 2581 2557 2558 2580 2557 2581 2581 2558 2582 2582 2558 2560 2582 2560 2583 2583 2560 2561 2584 2561 2562 2583 2561 2584 2584 2562 2585 2535 2586 2562 2585 2562 2586 2585 2586 2587 2535 2588 2586 2536 2588 2535 2536 2467 2588 2587 2586 2588 2589 2467 2466 2587 2588 2589 2589 2588 2467 2355 2590 2353 2355 2469 2590 2590 2469 2591 2563 2591 2469 2590 2591 2592 2563 2593 2591 2592 2591 2593 2564 2593 2563 2592 2593 2594 2565 2595 2564 2564 2595 2593 2594 2593 2595 2594 2595 2596 2565 2597 2595 2596 2595 2597 2566 2597 2565 2353 2598 2351 2353 2590 2598 2590 2592 2598 2599 2598 2592 2592 2594 2599 2599 2594 2600 2600 2594 2596 2600 2596 2601 2597 2602 2596 2596 2602 2601 2603 2601 2602 2602 2604 2603 2597 2604 2602 2605 2603 2604 2604 2606 2605 2607 2605 2606 2606 2608 2607 2607 2608 2609 2609 2608 2610 2609 2610 2611 2611 2610 2612 2611 2612 2613 2613 2612 2614 2613 2614 2615 2615 2614 2616 2615 2616 2617 2617 2616 2618 2617 2618 2619 2619 2618 2620 2619 2620 2621 2621 2620 2622 2621 2622 2623 2623 2622 2624 2623 2624 2625 2625 2624 2626 2625 2626 2627 2627 2626 2628 2421 2629 2422 2629 2424 2422 2424 2629 2426 2630 2598 2599 2631 2630 2632 2630 2599 2633 2633 2599 2600 2632 2630 2633 2632 2633 2634 2635 2600 2601 2633 2635 2634 2633 2600 2635 2634 2635 2636 2635 2601 2637 2637 2601 2603 2636 2635 2637 2636 2637 2638 2637 2603 2639 2639 2603 2605 2638 2637 2639 2638 2639 2640 2641 2605 2607 2639 2605 2641 2640 2639 2641 2640 2641 2642 2643 2607 2609 2641 2607 2643 2642 2641 2643 2642 2643 2644 2644 2643 2645 2643 2609 2645 2645 2609 2611 2644 2645 2646 2645 2611 2647 2647 2611 2613 2646 2645 2647 2646 2647 2648 2649 2613 2615 2648 2647 2649 2647 2613 2649 2648 2649 2650 2649 2615 2651 2650 2649 2651 2651 2615 2617 2650 2651 2652 2652 2651 2653 2653 2617 2619 2651 2617 2653 2652 2653 2654 2654 2653 2655 2653 2619 2655 2655 2619 2621 2654 2655 2656 2656 2655 2657 2657 2621 2623 2655 2621 2657 2656 2657 2658 2658 2657 2659 2657 2623 2659 2659 2623 2625 2658 2659 2660 2659 2625 2661 2661 2625 2627 2660 2659 2661 2660 2661 2662 2661 2627 2663 2662 2661 2663 2662 2663 2664 2664 2663 2665 2666 2471 2470 2470 2631 2666 2667 2666 2631 2631 2632 2667 2668 2632 2634 2668 2634 2636 2668 2667 2632 2668 2636 2669 2669 2636 2638 2670 2337 2339 2670 2339 2341 2670 2471 2666 2670 2341 2471 2671 2666 2667 2670 2666 2671 2672 2667 2668 2671 2667 2672 2673 2668 2669 2672 2668 2673 2673 2669 2674 2674 2669 2675 2638 2675 2669 2674 2675 2676 2676 2675 2677 2640 2677 2638 2638 2677 2675 2676 2677 2678 2678 2677 2679 2640 2679 2677 2642 2679 2640 2680 2670 2671 2680 2337 2670 2680 2335 2337 2680 2671 2681 2681 2671 2672 2682 2672 2673 2681 2672 2682 2683 2673 2674 2682 2673 2683 2684 2674 2676 2683 2674 2684 2684 2676 2685 2685 2676 2678 2685 2678 2686 2686 2678 2687 2679 2687 2678 2686 2687 2688 2688 2687 2689 2679 2689 2687 2688 2689 2690 2690 2689 2691 2690 2691 2692 2692 2691 2693 2692 2693 2694 2694 2693 2695 2694 2695 2696 2696 2695 2697 2696 2697 2698 2698 2697 2699 2698 2699 2700 2700 2699 2701 2700 2701 2702 2702 2701 2703 2702 2703 2704 2704 2703 2705 2704 2705 2706 2706 2705 2707 2706 2707 2708 2708 2707 2709 2708 2709 2710 2710 2709 2711 2710 2711 2712 2712 2711 2713 2680 2681 2714 2715 2335 2680 2715 2333 2335 2474 2333 2715 2474 2715 2714 2714 2715 2680 2716 2714 2681 2681 2682 2716 2682 2683 2717 2717 2716 2682 2718 2683 2684 2717 2683 2718 2718 2684 2719 2719 2684 2685 2720 2685 2686 2719 2685 2720 2721 2686 2688 2720 2686 2721 2722 2688 2690 2721 2688 2722 2722 2690 2723 2723 2690 2692 2723 2692 2724 2724 2692 2694 2725 2694 2696 2724 2694 2725 2726 2696 2698 2725 2696 2726 2727 2698 2700 2726 2698 2727 2728 2700 2702 2727 2700 2728 2728 2702 2729 2729 2702 2704 2730 2704 2706 2729 2704 2730 2731 2706 2708 2730 2706 2731 2732 2708 2710 2731 2708 2732 2732 2710 2733 2733 2710 2712 2712 2734 2733 2713 2735 2712 2712 2735 2734 2734 2735 2736 2736 2735 2737 2713 2737 2735 2474 2714 2738 2738 2714 2716 2738 2716 2739 2739 2716 2717 2739 2717 2740 2717 2718 2740 2718 2719 2741 2741 2740 2718 2742 2741 2719 2719 2720 2742 2743 2742 2720 2720 2721 2743 2721 2722 2744 2744 2743 2721 2745 2744 2722 2722 2723 2745 2746 2745 2723 2723 2724 2746 2747 2746 2724 2724 2725 2747 2725 2726 2748 2748 2747 2725 2726 2727 2749 2749 2748 2726 2727 2728 2750 2750 2749 2727 2728 2729 2751 2751 2750 2728 2729 2730 2752 2752 2751 2729 2753 2752 2730 2730 2731 2753 2754 2753 2731 2731 2732 2754 2732 2733 2755 2755 2754 2732 2734 2736 2756 2733 2757 2755 2733 2734 2757 2756 2757 2734 2736 2758 2756 2737 2759 2736 2736 2759 2758 2760 2758 2759 2759 2761 2760 2737 2761 2759 2762 2760 2761 2761 2763 2762 2764 2762 2763 2763 2765 2764 2766 2475 2474 2474 2738 2766 2738 2739 2767 2767 2766 2738 2739 2740 2768 2768 2767 2739 2769 2740 2741 2768 2740 2769 2769 2741 2770 2770 2741 2742 2771 2742 2743 2770 2742 2771 2772 2743 2744 2771 2743 2772 2772 2744 2773 2773 2744 2745 2774 2745 2746 2773 2745 2774 2775 2746 2747 2774 2746 2775 2776 2747 2748 2775 2747 2776 2776 2748 2777 2777 2748 2749 2778 2749 2750 2777 2749 2778 2778 2750 2779 2779 2750 2751 2779 2751 2780 2780 2751 2752 2780 2752 2781 2781 2752 2753 2782 2753 2754 2781 2753 2782 2782 2754 2783 2783 2754 2755 2755 2784 2783 2755 2757 2784 2785 2757 2756 2784 2757 2785 2756 2758 2786 2756 2786 2785 2787 2758 2760 2786 2758 2787 2787 2760 2788 2788 2760 2762 2789 2762 2764 2788 2762 2789 2789 2764 2790 2765 2791 2764 2790 2764 2791 2790 2791 2792 2792 2791 2793 2765 2793 2791 2794 2473 2472 2794 2793 2473 2792 2793 2794 2768 2769 2795 2796 2795 2769 2769 2770 2796 2797 2796 2770 2771 2797 2770 2798 2477 2476 2480 2479 2799 2798 2799 2477 2477 2799 2479 2480 2799 2800 2800 2799 2801 2798 2801 2799 2800 2801 2802 2802 2801 2803 2802 2803 2804 2803 2805 2804 2806 2804 2805 2805 2807 2806 2808 2806 2807 2807 2809 2808 2810 2808 2809 2809 2811 2810 2812 2810 2811 2811 2813 2812 2814 2812 2813 2813 2815 2814 2816 2814 2815 2815 2817 2816 2818 2816 2817 2817 2819 2818 2820 2818 2819 2819 2821 2820 2822 2820 2821 2821 2823 2822 2824 2822 2823 2823 2825 2824 2826 2824 2825 2825 2827 2826 2828 2826 2827 2827 2829 2828 2830 2828 2829 2829 2831 2830 2832 2830 2831 2831 2833 2832 2834 2832 2833 2833 2835 2834 2836 2834 2835 2835 2837 2836 2838 2836 2837 2837 2839 2838 2840 2838 2839 2839 2841 2840 2842 2840 2841 2841 2843 2842 2844 2842 2843 2843 2845 2844 2846 2844 2845 2845 2847 2846 2848 2846 2847 2847 2849 2848 2850 2848 2849 2849 2851 2850 2852 2850 2851 2851 2478 2852 2455 2852 2478 2820 2822 2853 2822 2824 2854 2854 2853 2822 2855 2854 2824 2824 2826 2855 2826 2828 2856 2856 2855 2826 2857 2856 2828 2828 2830 2857 2830 2832 2858 2858 2857 2830 2832 2834 2859 2859 2858 2832 2834 2836 2860 2860 2859 2834 2836 2838 2861 2861 2860 2836 2862 2861 2838 2840 2862 2838 2863 2311 2313 2863 2313 2864 2864 2313 2315 2864 2315 2480 2865 2863 2864 2866 2480 2800 2864 2480 2866 2864 2866 2865 2867 2865 2866 2866 2868 2867 2868 2800 2802 2866 2800 2868 2869 2867 2868 2870 2802 2804 2868 2870 2869 2868 2802 2870 2871 2869 2870 2871 2870 2872 2870 2804 2872 2872 2804 2806 2871 2872 2873 2874 2806 2808 2873 2872 2874 2872 2806 2874 2873 2874 2875 2876 2808 2810 2874 2808 2876 2875 2874 2876 2875 2876 2877 2878 2810 2812 2876 2810 2878 2877 2876 2878 2877 2878 2879 2879 2878 2880 2878 2812 2880 2880 2812 2814 2879 2880 2881 2882 2814 2816 2881 2880 2882 2880 2814 2882 2881 2882 2883 2884 2816 2818 2882 2816 2884 2883 2882 2884 2883 2884 2885 2886 2818 2820 2886 2820 2853 2884 2818 2886 2884 2886 2885 2887 2885 2886 2886 2853 2887 2888 2887 2853 2853 2854 2888 2854 2855 2889 2889 2888 2854 2890 2889 2855 2855 2856 2890 2891 2890 2856 2856 2857 2891 2857 2858 2892 2892 2891 2857 2858 2859 2893 2892 2858 2893 2894 2893 2859 2859 2860 2894 2894 2860 2895 2860 2861 2895 2896 2895 2861 2861 2862 2896 2896 2862 2897 2842 2898 2840 2862 2898 2897 2840 2898 2862 2899 2897 2898 2871 2873 2900 2901 2869 2871 2900 2901 2871 2901 2867 2869 2873 2875 2902 2902 2900 2873 2875 2877 2903 2903 2902 2875 2877 2879 2904 2904 2903 2877 2879 2881 2905 2905 2904 2879 2881 2883 2906 2906 2905 2881 2907 2906 2883 2883 2885 2907 2907 2885 2908 2908 2885 2887 2909 2887 2888 2908 2887 2909 2910 2888 2889 2909 2888 2910 2911 2889 2890 2910 2889 2911 2912 2890 2891 2911 2890 2912 2913 2891 2892 2912 2891 2913 2892 2893 2914 2913 2892 2914 2893 2894 2915 2915 2914 2893 2915 2894 2916 2894 2895 2916 2917 2916 2895 2895 2896 2917 2896 2897 2918 2917 2896 2918 2919 2918 2897 2897 2899 2919 2920 2919 2899 2899 2921 2920 2922 2920 2921 2923 2257 2255 2481 2257 2923 2924 2255 2253 2923 2255 2924 2923 2924 2925 2923 2925 2926 2923 2926 2481 2926 2925 2927 2926 2927 2928 2928 2927 2929 2928 2929 2930 2931 2932 2933 2933 2932 2934 2933 2934 2935 2935 2934 2936 2935 2936 2937 2937 2936 2938 2937 2938 2939 2939 2938 2940 2939 2940 2941 2941 2940 2942 2941 2942 2943 2943 2942 2944 2943 2944 2945 2945 2944 2946 2945 2946 2947 2947 2946 2948 2949 2950 2951 2952 2951 2950 2950 2953 2952 2926 2928 2954 2954 2955 2926 2481 2926 2955 2481 2955 2482 2956 2954 2928 2928 2930 2956 2956 2930 2957 2930 2929 2958 2957 2930 2958 2957 2958 2959 2959 2958 2960 2959 2960 2961 2961 2960 2962 2961 2962 2963 2963 2962 2964 2963 2964 2965 2965 2964 2966 2965 2966 2967 2967 2966 2968 2967 2968 2969 2969 2968 2970 2969 2970 2971 2971 2970 2931 2972 2931 2933 2971 2931 2972 2972 2933 2973 2973 2933 2935 2973 2935 2974 2974 2935 2937 2975 2937 2939 2974 2937 2975 2975 2939 2976 2976 2939 2941 2977 2941 2943 2976 2941 2977 2978 2943 2945 2977 2943 2978 2979 2945 2947 2978 2945 2979 2979 2947 2980 2980 2947 2981 2981 2947 2948 2980 2981 2982 2981 2948 2983 2982 2981 2983 2982 2983 2984 2985 2949 2951 2984 2983 2985 2984 2985 2986 2986 2985 2951 2986 2951 2987 2987 2951 2952 2987 2952 2988 2988 2952 2989 2953 2989 2952 2988 2989 2990 2990 2989 2991 2953 2991 2989 2990 2991 2992 2992 2991 2993 2410 2993 2409 2410 2994 2993 2452 2994 2410 2992 2993 2994 2955 2995 2482 2483 2482 2995 2996 2483 2995 2485 2483 2996 2485 2996 2997 2998 2999 3000 3000 2999 3001 3000 3001 3002 3002 3001 3003 3002 3003 3004 3004 3003 3005 3004 3005 3006 3006 3005 3007 3006 3007 3008 3008 3007 3009 3008 3009 3010 3010 3009 3011 3010 3011 3012 3012 3011 3013 3012 3013 3014 3014 3013 3015 3014 3015 3016 3016 3015 3017 3016 3017 3018 3018 3017 3019 3018 3019 3020 3020 3019 3021 3020 3021 3022 3022 3021 3023 3022 3023 3024 3024 3023 3025 3024 3025 3026 3026 3025 3027 3026 3027 3028 3027 3029 3028 3028 3029 3030 3030 3029 3031 3030 3031 3032 3031 3033 3032 3032 3033 3034 3034 3033 3035 3034 3035 3036 3035 3037 3036 3036 3037 3038 3038 3037 3039 3038 3039 3040 3039 3041 3040 3040 3041 3042 3042 3041 3043 3042 3043 3044 3044 3043 3045 2449 3046 2448 2450 2451 3046 3046 2449 2450 3047 2485 2997 2484 2485 3047 2487 2484 3047 2487 3047 3048 3049 2998 3000 3049 3000 3050 3050 3000 3002 3050 3002 3051 3051 3002 3004 3051 3004 3052 3052 3004 3006 3052 3006 3053 3053 3006 3008 3054 3008 3010 3053 3008 3054 3055 3010 3012 3054 3010 3055 3055 3012 3056 3056 3012 3014 3056 3014 3057 3057 3014 3016 3057 3016 3058 3058 3016 3018 3058 3018 3059 3059 3018 3020 3059 3020 3060 3060 3020 3022 3060 3022 3061 3061 3022 3024 3061 3024 3062 3062 3024 3026 3062 3026 3063 3063 3026 3028 3063 3028 3064 3064 3028 3030 3064 3030 3065 3065 3030 3032 3065 3032 3066 3066 3032 3034 3066 3034 3067 3034 3036 3067 3068 3067 3036 3036 3038 3068 3040 3069 3038 3069 3068 3038 3070 3049 3050 3071 3050 3051 3070 3050 3071 3072 3051 3052 3071 3051 3072 3073 3052 3053 3072 3052 3073 3073 3053 3074 3074 3053 3054 3074 3054 3075 3075 3054 3055 3076 3055 3056 3075 3055 3076 3077 3056 3057 3076 3056 3077 3077 3057 3078 3078 3057 3058 3078 3058 3079 3079 3058 3059 3079 3059 3080 3080 3059 3060 3080 3060 3081 3081 3060 3061 3061 3062 3082 3081 3061 3082 3083 3082 3062 3062 3063 3083 3083 3063 3084 3063 3064 3084 3064 3065 3085 3085 3084 3064 3065 3066 3086 3085 3065 3086 3066 3067 3087 3087 3086 3066 3088 3087 3067 3068 3088 3067 3089 3085 3086 3089 3084 3085 3089 3086 3090 3090 3086 3087 3090 3087 3091 3091 3087 3088 3091 3088 3092 3068 3093 3088 3069 3093 3068 3092 3088 3093 3092 3093 3094 3069 3095 3093 3094 3093 3095 3094 3095 3096 3096 3095 3097 3096 3097 3098 3097 3099 3098 3100 2434 2404 3100 3098 3099 3100 2404 2403 3101 2434 3100 3100 3099 3101 3102 2277 2486 3102 2279 2277 3103 2489 3102 2489 2279 3102 3102 2486 3104 3102 3104 3103 3105 3103 3104 3104 3106 3105 3107 3105 3106 3107 3106 3108 3107 3108 3109 3107 3109 3110 3109 3070 3111 3111 3070 3071 3109 3111 3110 3112 3110 3111 3111 3113 3112 3113 3071 3072 3111 3071 3113 3114 3112 3113 3113 3115 3114 3115 3072 3073 3113 3072 3115 3116 3114 3115 3115 3117 3116 3115 3073 3117 3117 3073 3074 3118 3116 3117 3117 3074 3119 3119 3074 3075 3117 3119 3118 3120 3118 3119 3121 3075 3076 3119 3075 3121 3119 3121 3120 3122 3120 3121 3121 3123 3122 3123 3076 3077 3121 3076 3123 3124 3122 3123 3123 3125 3124 3123 3077 3125 3125 3077 3078 3126 3124 3125 3125 3078 3127 3127 3078 3079 3125 3127 3126 3128 3126 3127 3127 3079 3129 3127 3129 3128 3129 3079 3080 3130 3128 3129 3129 3131 3130 3129 3080 3131 3131 3080 3081 3132 3130 3131 3131 3133 3132 3131 3081 3133 3133 3081 3082 3134 3132 3133 3133 3082 3135 3133 3135 3134 3135 3082 3083 3136 3134 3135 3135 3137 3136 3135 3083 3137 3137 3083 3084 3137 3084 3089 3137 3089 3138 3138 3136 3137 3139 3138 3089 3089 3090 3139 3090 3091 3140 3140 3139 3090 3091 3092 3141 3141 3140 3091 3092 3094 3142 3142 3141 3092 3143 3142 3094 3094 3096 3143 3144 3143 3096 3096 3098 3144 3098 3100 3145 3145 3144 3098 2403 3145 3100 3146 2489 3103 3146 2488 2489 3107 3110 3147 3148 3147 3110 3110 3112 3148 3112 3114 3149 3149 3148 3112 3114 3116 3150 3150 3149 3114 3151 3150 3116 3116 3118 3151 3120 3152 3118 3152 3151 3118 2488 3146 3153 3154 2285 2488 3154 2287 2285 2493 2287 3154 3153 3154 2488 3155 3153 3146 3156 3103 3105 3146 3156 3155 3146 3103 3156 3157 3155 3156 3154 3153 3158 3158 2493 3154 3159 3158 3153 3153 3155 3159 3160 3159 3155 3160 3155 3157 3157 3161 3160 3162 3160 3161 3147 3163 3161 3148 3163 3147 3161 3163 3162 3164 3162 3163 3149 3165 3148 3163 3165 3164 3148 3165 3163 3166 3164 3165 3165 3167 3166 3149 3167 3165 3150 3167 3149 3168 3166 3167 3169 2492 2493 3158 3159 3169 3169 2493 3158 3170 3159 3160 3169 3159 3170 3160 3171 3170 3160 3162 3172 3172 3171 3160 3162 3164 3173 3173 3172 3162 3174 3173 3164 3164 3166 3174 3166 3168 3175 3175 3174 3166 3176 3175 3168 3168 3177 3176 3178 3176 3177 3177 3179 3178 3180 3178 3179 3179 3181 3180 3182 3180 3181 3181 3183 3182 3184 3182 3183 3183 3185 3184 3186 3184 3185 3185 3187 3186 3188 3189 3190 3190 3189 3191 3190 3191 3192 3192 3191 3193 3192 3193 3194 3193 3195 3194 3196 3194 3195 3195 3197 3196 3198 3196 3197 3197 3199 3198 3200 3198 3199 2490 3200 3201 3201 2491 2490 3199 3201 3200 2492 3169 3202 3202 2293 2492 3202 2295 2293 3203 3202 3169 3169 3170 3203 3204 3203 3170 3204 3170 3171 3204 3171 3172 3172 3173 3205 3204 3172 3205 3206 3205 3173 3173 3174 3206 3207 3206 3174 3174 3175 3207 3208 3207 3175 3175 3176 3208 3209 3208 3176 3176 3178 3209 3210 3209 3178 3178 3180 3210 3180 3182 3211 3211 3210 3180 3212 3211 3182 3182 3184 3212 3213 3212 3184 3184 3186 3213 3214 3213 3186 3186 3215 3214 3186 3187 3215 3216 3214 3215 3215 3217 3216 3216 3217 3218 3217 3188 3218 3188 3190 3219 3219 3218 3188 3220 3219 3190 3190 3192 3220 3192 3194 3221 3221 3220 3192 3222 3221 3194 3194 3196 3222 3198 3223 3196 3223 3222 3196 3224 2398 2494 3224 2433 2399 2490 2433 3224 2399 2398 3224 2490 3224 3200 3204 3205 3225 3226 3225 3205 3205 3206 3226 3206 3207 3227 3227 3226 3206 3207 3208 3228 3228 3227 3207 3229 3228 3208 3208 3209 3229 3230 3229 3209 3209 3210 3230 3210 3211 3231 3231 3230 3210 3232 3231 3211 3211 3212 3232 3233 3232 3212 3213 3233 3212 2499 2301 3234 3234 2301 2299 3235 3234 3236 3236 2299 2297 3236 2297 2295 3234 2299 3236 3236 2295 3202 3236 3202 3237 3237 3202 3203 3236 3237 3235 3238 3235 3237 3238 3239 3225 3237 3203 3239 3239 3204 3225 3238 3237 3239 3239 3203 3204 3240 3225 3226 3238 3225 3240 3240 3226 3241 3226 3227 3241 3227 3228 3242 3242 3241 3227 3243 3242 3228 3228 3229 3243 3229 3230 3244 3244 3243 3229 3245 3244 3230 3230 3231 3245 3246 3245 3231 3231 3232 3246 3232 3233 3247 3247 3246 3232 3248 3247 3233 3233 3249 3248 3213 3249 3233 3214 3249 3213 3250 3248 3249 3249 3251 3250 3216 3251 3214 3214 3251 3249 3250 3251 3252 3251 3253 3252 3216 3253 3251 3218 3253 3216 3254 3252 3253 3218 3255 3253 3219 3255 3218 3253 3255 3254 3256 3254 3255 3255 3257 3256 3220 3257 3219 3219 3257 3255 3258 3256 3257 3257 3259 3258 3221 3259 3220 3220 3259 3257 3260 3258 3259 3221 3261 3259 3222 3261 3221 3259 3261 3260 3262 3260 3261 3261 3263 3262 3223 3263 3222 3222 3263 3261 3264 3262 3263 2496 3264 2494 3263 3265 3264 2494 3264 3265 3223 3265 3263 3266 3235 3238 3266 3238 3240 3267 3240 3241 3266 3240 3267 3268 3241 3242 3267 3241 3268 3269 3242 3243 3268 3242 3269 3270 3243 3244 3269 3243 3270 3271 3244 3245 3270 3244 3271 3272 3245 3246 3271 3245 3272 3272 3246 3273 3273 3246 3247 3273 3247 3274 3274 3247 3248 3274 3248 3275 3275 3248 3250 3275 3250 3276 3250 3252 3276 3276 3252 3277 3277 3252 3254 3277 3254 3278 3278 3254 3256 3279 3256 3258 3278 3256 3279 3280 3258 3260 3279 3258 3280 3280 3260 3281 3260 3262 3281 2495 2497 3282 3282 3281 3262 2496 3282 3264 2495 3282 2496 3262 3264 3282 2498 3283 2463 3283 2498 2499 2501 2463 3283 2499 3234 3284 2499 3284 3283 3284 3235 3266 3284 3234 3235 3285 3283 3284 3283 3285 2501 2503 2501 3285 3284 3266 3285 3285 3286 2503 2505 2503 3286 3286 3285 3266 3286 3266 3267 3275 3276 3287 2515 3288 2517 2515 3287 3288 3288 3287 3276 3276 3277 3288 3278 3289 3277 2517 3289 2519 2517 3288 3289 3289 3288 3277 3286 3267 3290 3290 3267 3268 2507 2505 3290 3286 3290 2505 3290 3268 3291 2507 3290 3291 2507 3291 2509 3291 3268 3269 2519 3289 3292 2519 3292 2521 3278 3292 3289 3279 3292 3278 3280 3293 3279 3279 3293 3292 2521 3292 3293 2521 3293 2523 3293 3294 2523 2525 2523 3294 3281 3294 3280 3280 3294 3293 3281 3295 3294 2500 2525 3295 3294 3295 2525 3282 3295 3281 3282 2497 3295 3295 2497 2500 2577 2555 3296 2577 3296 2578 2578 3296 2532 3296 2107 2010 2009 3296 2010 2555 2107 3296 2009 2532 3296 3297 2363 2365 3297 2537 2563 3297 2465 2537 3297 2468 2361 3297 2563 2468 3297 2365 2465 3297 2361 2363 3298 2347 2349 3298 2470 2347 3298 2631 2470 3298 2630 2631 3298 2598 2630 3298 2349 2351 3298 2351 2598 1967 2462 3299 1967 3299 1969 1969 3299 2536 2462 2461 3299 3299 2461 2467 3299 2467 2536 2426 3300 2427 2426 2629 3300 2459 3301 2466 2466 3301 2589 2427 3300 3301 2427 3301 2459 2419 2473 3302 2419 3302 2458 2458 3302 3303 2458 3303 3304 2456 3305 2443 2456 2478 3305 2443 3305 3306 2472 3306 2794 2417 3306 2472 2443 3306 2417 2412 3307 2414 2414 3308 2415 2414 3307 3308 2415 3309 2453 2415 3308 3309 2453 3310 2455 2455 3310 2852 2852 3310 2850 2453 3309 3310 2924 3311 2925 3311 2253 2251 2924 2253 3311 3311 2251 3312 3312 2251 2309 3312 2309 3313 3313 2309 2311 3313 2311 2863 2448 3314 2447 2448 3046 3314 3314 3046 3045 2447 3315 2406 2447 3314 3315 2406 3316 2452 2452 3316 2994 2994 3316 2992 2406 3315 3316 2409 3317 2412 2409 2993 3317 2412 3317 3318 2412 3318 3307 3319 2434 3101 3046 2451 3319 2451 2434 3319 3046 3319 3320 3045 3320 3044 3045 3046 3320 3320 3321 3044 3319 3101 3321 3321 3101 3099 3320 3319 3321 3044 3321 3322 3044 3322 3042 3321 3099 3322 3322 3099 3097 3323 3095 3069 3323 3097 3095 3322 3097 3323 3042 3322 3323 3042 3323 3040 3040 3323 3069 2400 3324 2402 2400 2491 3324 2402 3325 2403 2402 3324 3325 3145 3325 3144 2403 3325 3145 3198 3326 3223 3326 3265 3223 3326 2494 3265 3224 2494 3326 3200 3326 3198 3200 3224 3326 2500 3327 2526 2500 2393 3327 2510 2509 3328 3328 2509 3329 3328 3329 3330 3330 3329 3331 3330 3331 3332 3332 3331 3333 3333 3331 3334 3335 2511 2513 3333 3334 3335 3335 3334 2511 3336 2554 2555 2577 2576 3336 3336 2555 2577 2575 2554 3336 3336 2576 3337 3336 3337 2575 2578 3338 2576 2578 2580 3338 3301 3300 3339 2589 3339 2587 2589 3301 3339 2587 3340 2585 2587 3339 3340 2585 3340 3341 2585 3341 2584 2584 3341 3342 2584 3342 2583 2583 3343 2582 2583 3342 3343 2582 3344 2581 2582 3343 3344 2581 3345 2580 2581 3344 3345 2580 3345 3346 2580 3346 3338 3338 3346 3347 3338 3347 2576 3347 2628 2626 3346 2628 3347 3348 2626 2624 2576 3347 3348 3347 2626 3348 2576 3348 3337 3337 3348 3349 3337 3349 2575 3348 2624 3349 3349 2624 2622 2575 3349 3350 3350 2622 2620 3349 2622 3350 2575 3350 2574 2574 3351 2573 3351 2620 2618 3350 2620 3351 2574 3350 3351 2573 3351 3352 3351 2618 3352 2573 3352 2572 3352 2618 2616 3353 2616 2614 2572 3353 2571 2572 3352 3353 3352 2616 3353 2571 3353 3354 3353 2614 3354 3354 2614 2612 2571 3354 2570 2570 3355 2569 3354 2612 3355 2570 3354 3355 3355 2612 2610 2569 3355 3356 3356 2610 2608 3355 2610 3356 2569 3356 2568 2568 3357 2567 2568 3356 3357 3357 2608 2606 3356 2608 3357 3358 2606 2604 3358 2604 2597 2566 3358 2597 2567 3358 2566 2567 3357 3358 3357 2606 3358 3339 3300 3359 3339 3359 3340 3300 2629 3359 3340 3359 3360 3340 3360 3341 3341 3360 3361 3341 3361 3342 3342 3361 3362 3342 3362 3343 3343 3362 3363 3343 3363 3344 3344 3364 3345 3344 3363 3364 3345 3364 3365 3345 3365 3346 3346 3365 2628 3359 2629 3366 3359 3366 3360 3360 3366 3367 3360 3367 3361 3361 3368 3362 3361 3367 3368 3362 3369 3363 3362 3368 3369 3363 3370 3364 3363 3369 3370 3364 3370 3371 3364 3371 3365 3365 3371 3372 3365 3372 2628 2628 3372 3373 2663 3373 2665 2663 2627 3373 2628 3373 2627 2665 3373 3372 3374 3372 3371 2665 3372 3374 3374 3371 3375 3375 3371 3370 3376 3370 3369 3375 3370 3376 3377 3369 3368 3376 3369 3377 3377 3368 3378 3378 3368 3367 3378 3367 3379 3379 3367 3366 3380 3366 2629 3380 2629 2421 2421 2420 3380 3379 3366 3380 3380 2420 3381 2420 2457 3381 3380 3381 3379 3379 3381 3382 3379 3382 3378 3378 3382 3383 3378 3383 3377 3377 3384 3376 3377 3383 3384 3376 3385 3375 3376 3384 3385 3375 3385 3386 3375 3386 3374 3374 3387 2665 3374 3386 3387 2665 3387 3388 2665 3388 2664 3389 2458 3304 3381 2457 3389 3381 3389 3382 2457 2458 3389 3389 3304 3390 3382 3389 3390 3382 3390 3383 3383 3391 3384 3383 3390 3391 3384 3392 3385 3384 3391 3392 3385 3392 3393 3385 3393 3386 3386 3394 3387 3386 3393 3394 3387 3395 3388 3387 3394 3395 3395 2713 3396 3396 2713 2711 3388 3395 3396 3388 3396 2664 3396 2711 3397 2664 3396 3397 2664 3397 2662 3397 2711 2709 2662 3398 2660 3398 2709 2707 2662 3397 3398 3397 2709 3398 3398 2707 3399 2660 3399 2658 2660 3398 3399 3399 2707 2705 3399 2705 3400 3400 2705 2703 2658 3399 3400 2658 3400 2656 3400 2703 3401 2656 3400 3401 2656 3401 2654 3401 2703 2701 3402 2701 2699 2654 3401 3402 2654 3402 2652 3401 2701 3402 2652 3402 3403 3402 2699 3403 2652 3403 2650 3403 2699 2697 3404 2697 2695 2650 3403 3404 2650 3404 2648 3403 2697 3404 2648 3404 3405 2648 3405 2646 3404 2695 3405 3405 2695 2693 3405 2693 3406 2646 3405 3406 2646 3406 2644 3406 2693 2691 2644 3406 3407 3407 2689 2679 3407 2691 2689 3406 2691 3407 2642 3407 2679 2644 3407 2642 3390 3408 3391 3390 3304 3408 3304 3303 3408 3391 3409 3392 3391 3408 3409 3392 3409 3410 3392 3410 3393 3393 3411 3394 3393 3410 3411 3394 3411 3412 3394 3412 3395 3395 3412 2713 3412 2737 2713 3408 3413 3409 3303 3302 3413 3408 3303 3413 3409 3414 3410 3409 3413 3414 3414 2765 3415 3410 3415 3411 3410 3414 3415 3415 2765 2763 3412 3416 2737 3411 3416 3412 3416 2761 2737 3415 2763 3416 3411 3415 3416 3416 2763 2761 3417 2793 2765 3417 2473 2793 3302 2473 3417 3413 3302 3417 3413 3417 3414 3414 3417 2765 3418 2475 2766 2476 2475 3418 3418 2798 2476 3419 2766 2767 3418 2766 3419 3419 2767 3420 3420 2767 2768 3420 2768 2795 2794 3306 3421 2794 3421 2792 3306 3305 3421 2792 3422 2790 2792 3421 3422 2790 3423 2789 2790 3422 3423 2789 3424 2788 2789 3423 3424 2788 3424 3425 2788 3425 2787 2787 3426 2786 2787 3425 3426 2786 3427 2785 2786 3426 3427 2785 3427 3428 2785 3428 2784 2784 3428 3429 2784 3429 2783 2783 3430 2782 2783 3429 3430 2782 3431 2781 2782 3430 3431 2781 3431 3432 2781 3432 2780 2780 3433 2779 2780 3432 3433 2779 3433 3434 2779 3434 2778 2778 3435 2777 2778 3434 3435 2777 3435 3436 2777 3436 2776 2776 3437 2775 2776 3436 3437 2775 3438 2774 2775 3437 3438 2774 3439 2773 2774 3438 3439 2773 3440 2772 2773 3439 3440 2772 3440 3441 2771 3441 2797 2772 3441 2771 3442 2478 2851 3305 2478 3442 3421 3305 3442 3421 3442 3422 3422 3443 3423 3422 3442 3443 3443 2851 2849 3442 2851 3443 3443 2849 3444 3423 3443 3444 3423 3444 3424 3444 2849 2847 3424 3444 3445 3445 2847 2845 3444 2847 3445 3424 3445 3425 3425 3445 3446 3425 3446 3426 3446 2845 2843 3445 2845 3446 3447 2843 2841 3426 3447 3427 3426 3446 3447 3446 2843 3447 3448 2841 2839 3427 3448 3428 3427 3447 3448 3447 2841 3448 3448 2839 3449 3428 3448 3449 3428 3449 3429 3449 2839 2837 3449 2837 3450 3450 2837 2835 3429 3449 3450 3429 3450 3430 3450 2835 3451 3451 2835 2833 3430 3450 3451 3430 3451 3431 3452 2833 2831 3451 2833 3452 3431 3451 3452 3431 3452 3432 3432 3453 3433 3452 2831 3453 3453 2831 2829 3432 3452 3453 3453 2829 3454 3433 3454 3434 3433 3453 3454 3454 2829 2827 3454 2827 3455 3455 2827 2825 3434 3455 3435 3434 3454 3455 3455 2825 3456 3456 2825 2823 3435 3456 3436 3435 3455 3456 3436 3457 3437 3457 2823 2821 3456 2823 3457 3436 3456 3457 3437 3457 3458 3437 3458 3438 3457 2821 3458 3458 2821 2819 3458 2819 3459 3459 2819 2817 3438 3459 3439 3438 3458 3459 3460 2817 2815 3439 3459 3460 3439 3460 3440 3459 2817 3460 3440 3461 3441 3461 2815 2813 3460 2815 3461 3440 3460 3461 3462 2813 2811 3441 3461 3462 3441 3462 2797 3461 2813 3462 3462 2811 3463 2797 3463 2796 2797 3462 3463 3463 2811 2809 2796 3463 3464 3463 2809 3464 2796 3464 2795 3464 2809 2807 3465 2807 2805 3464 2807 3465 2795 3465 3420 2795 3464 3465 3420 3465 3466 3420 3466 3419 3466 2805 2803 3465 2805 3466 3467 2803 2801 3466 2803 3467 3419 3466 3467 3419 3467 3418 3418 3467 2798 3467 2801 2798 3310 3309 3468 2850 3310 3468 2850 3468 2848 2848 3469 2846 2848 3468 3469 2846 3470 2844 2846 3469 3470 2844 3470 3471 2844 3471 2842 3471 2921 2899 2842 3471 2898 3470 2921 3471 3471 2899 2898 3468 3309 3472 3309 3308 3472 3468 3472 3469 3473 2922 2921 3470 3473 2921 3469 3473 3470 3469 3472 3473 3474 2863 2865 3313 2863 3474 3475 2865 2867 3475 2867 2901 3474 2865 3475 3472 3308 3476 3472 3476 3473 3473 3476 2922 3307 3476 3308 3312 3313 3477 3477 3313 3474 3478 3474 3475 3477 3474 3478 3478 3475 3479 3479 3475 2901 3480 2901 2900 3479 2901 3480 3481 2900 2902 3480 2900 3481 3482 2902 2903 3481 2902 3482 3483 2903 2904 3482 2903 3483 3483 2904 3484 3484 2904 2905 3485 2905 2906 3484 2905 3485 3486 2906 2907 3485 2906 3486 3486 2907 3487 3487 2907 2908 3488 2908 2909 3487 2908 3488 3489 2909 2910 3488 2909 3489 3490 2910 2911 3489 2910 3490 3490 2911 3491 3491 2911 2912 3491 2912 3492 3492 2912 2913 3493 2913 2914 3492 2913 3493 3493 2914 3494 3494 2914 2915 3495 2915 2916 3494 2915 3495 3495 2916 3496 3496 2916 2917 3496 2917 3497 3497 2917 2918 3497 2918 3498 3498 2918 2919 3499 2919 2920 3498 2919 3499 3500 2920 2922 3499 2920 3500 3318 3501 3307 3500 2922 3501 3501 3476 3307 3501 2922 3476 2925 3502 2927 2925 3311 3502 3311 3312 3502 3502 3312 3477 2927 3502 3503 3503 3477 3478 2927 3503 2929 3502 3477 3503 2929 3503 3504 3504 3478 3479 3503 3478 3504 3504 3479 3505 3505 3479 3480 3506 3480 3481 3505 3480 3506 3506 3481 3507 3507 3481 3482 3508 3482 3483 3507 3482 3508 3508 3483 3509 3509 3483 3484 3509 3484 3510 3510 3484 3485 3510 3485 3511 3511 3485 3486 3512 3486 3487 3511 3486 3512 3513 3487 3488 3512 3487 3513 2932 3513 2934 2932 3512 3513 2934 3514 2936 2934 3513 3514 3514 3488 3489 3513 3488 3514 3514 3489 3515 2936 3514 3515 3515 3489 3490 2936 3515 2938 3516 3490 3491 2938 3515 3516 3515 3490 3516 2938 3516 2940 3517 3491 3492 2940 3516 3517 2940 3517 2942 3516 3491 3517 2942 3517 3518 3518 3492 3493 2942 3518 2944 3517 3492 3518 2944 3518 3519 3518 3493 3519 2944 3519 2946 3519 3493 3494 2946 3519 3520 2946 3520 2948 3519 3494 3520 3520 3494 3495 3520 3495 3521 2948 3520 3521 3521 3495 3496 3521 3496 3522 3522 3496 3497 3523 3497 3498 2949 3523 2950 2949 3522 3523 3522 3497 3523 2950 3524 2953 3524 3498 3499 3523 3498 3524 2950 3523 3524 2953 3524 3525 3525 3499 3500 3524 3499 3525 3526 3500 3501 3526 3501 3318 3317 3526 3318 3525 3500 3526 3527 3504 3505 2958 2929 3527 2929 3504 3527 2958 3527 2960 3528 3505 3506 2960 3527 3528 2960 3528 2962 3527 3505 3528 2962 3528 3529 2962 3529 2964 3528 3506 3529 3529 3506 3507 3529 3507 3530 3530 3507 3508 2964 3529 3530 2964 3530 2966 3530 3508 3531 3531 3508 3509 2966 3530 3531 2966 3531 2968 2968 3532 2970 3531 3509 3532 2968 3531 3532 3532 3509 3510 3533 3510 3511 2970 3532 3533 2970 3533 2931 3532 3510 3533 2931 3533 3534 3534 3512 2932 2931 3534 2932 3533 3511 3534 3534 3511 3512 2983 3535 2985 3535 3522 2949 2983 2948 3535 2985 3535 2949 2948 3521 3535 3535 3521 3522 3536 2991 2953 3536 3526 3317 3536 3525 3526 3317 2993 3536 3536 2993 2991 2953 3525 3536 3316 3315 3537 2992 3316 3537 2992 3537 2990 2990 3538 2988 2990 3537 3538 2988 3539 2987 2988 3538 3539 2987 3540 2986 2987 3539 3540 2986 3541 2984 2986 3540 3541 2984 3541 3542 2984 3542 2982 2982 3543 2980 2982 3542 3543 2980 3543 3544 2980 3544 2979 2979 3545 2978 2979 3544 3545 2978 3546 2977 2978 3545 3546 2977 3546 3547 2977 3547 2976 2976 3548 2975 2976 3547 3548 2975 3548 3549 2975 3549 2974 2974 3550 2973 2974 3549 3550 2973 3551 2972 2973 3550 3551 2972 3551 3552 2972 3552 2971 2971 3552 3553 2971 3553 2969 2969 3554 2967 2969 3553 3554 2967 3555 2965 2967 3554 3555 2965 3555 3556 2965 3556 2963 2963 3557 2961 2963 3556 3557 2961 3558 2959 2961 3557 3558 2959 3559 2957 2959 3558 3559 2957 3559 3560 2957 3560 2956 2956 3561 2954 2956 3560 3561 2954 3561 3562 2955 3562 2995 2954 3562 2955 3563 3562 3561 2996 2995 3563 3563 2995 3562 3315 3314 3564 3537 3315 3564 3537 3564 3538 3564 3314 3045 3538 3564 3565 3538 3565 3539 3565 3045 3043 3564 3045 3565 3566 3043 3041 3565 3043 3566 3539 3565 3566 3539 3566 3540 3567 3041 3039 3566 3041 3567 3540 3566 3567 3540 3567 3541 3541 3568 3542 3568 3039 3037 3567 3039 3568 3541 3567 3568 3542 3568 3569 3568 3037 3569 3569 3037 3035 3542 3569 3543 3569 3035 3570 3543 3570 3544 3570 3035 3033 3543 3569 3570 3544 3570 3571 3544 3571 3545 3571 3033 3031 3570 3033 3571 3545 3572 3546 3572 3031 3029 3571 3031 3572 3545 3571 3572 3572 3029 3573 3546 3573 3547 3573 3029 3027 3546 3572 3573 3547 3574 3548 3547 3573 3574 3573 3027 3574 3574 3027 3025 3575 3025 3023 3574 3025 3575 3548 3575 3549 3548 3574 3575 3549 3576 3550 3549 3575 3576 3575 3023 3576 3576 3023 3021 3550 3576 3577 3577 3021 3019 3576 3021 3577 3550 3577 3551 3577 3019 3578 3551 3577 3578 3551 3578 3552 3578 3019 3017 3552 3579 3553 3578 3017 3579 3552 3578 3579 3579 3017 3015 3580 3015 3013 3579 3015 3580 3553 3579 3580 3553 3580 3554 3581 3013 3011 3580 3013 3581 3554 3580 3581 3554 3581 3555 3555 3581 3582 3555 3582 3556 3582 3011 3009 3581 3011 3582 3583 3009 3007 3582 3009 3583 3556 3583 3557 3556 3582 3583 3557 3583 3584 3584 3007 3005 3583 3007 3584 3557 3584 3558 3558 3584 3585 3584 3005 3585 3558 3585 3559 3585 3005 3003 3559 3585 3586 3559 3586 3560 3586 3003 3001 3585 3003 3586 3587 3001 2999 3586 3001 3587 3560 3587 3561 3560 3586 3587 3561 3587 3588 3561 3588 3563 2997 2996 3589 3589 2996 3563 2998 3589 3590 3589 3563 3590 2998 3590 2999 3590 3563 3588 3587 2999 3590 3590 3588 3587 3047 2997 3591 3591 2997 3589 3591 3589 2998 3592 3047 3591 3048 3047 3592 3593 3591 2998 3593 2998 3049 3070 3593 3049 3592 3591 3593 3594 2487 3048 2486 2487 3594 3104 3594 3106 3104 2486 3594 3594 3048 3595 3595 3048 3592 3106 3594 3595 3106 3595 3108 3595 3592 3596 3596 3592 3593 3108 3595 3596 3108 3596 3109 3109 3596 3070 3596 3593 3070 3597 3161 3157 3147 3161 3597 3597 3107 3147 3597 3105 3107 3156 3105 3597 3597 3157 3156 3144 3598 3143 3325 3324 3598 3144 3325 3598 3143 3598 3599 3143 3599 3142 3142 3599 3600 3142 3600 3141 3141 3601 3140 3141 3600 3601 3140 3601 3602 3140 3602 3139 3139 3602 3603 3139 3603 3138 3138 3604 3136 3138 3603 3604 3136 3605 3134 3136 3604 3605 3134 3606 3132 3134 3605 3606 3132 3606 3607 3132 3607 3130 3130 3607 3608 3130 3608 3128 3128 3608 3609 3128 3609 3126 3126 3610 3124 3126 3609 3610 3124 3610 3611 3124 3611 3122 3120 3612 3152 3122 3612 3120 3122 3611 3612 3324 2491 3613 3613 2491 3201 3598 3324 3613 3598 3613 3599 3599 3613 3614 3599 3614 3600 3614 3201 3199 3613 3201 3614 3600 3614 3615 3600 3615 3601 3615 3199 3197 3614 3199 3615 3616 3197 3195 3601 3615 3616 3615 3197 3616 3601 3616 3602 3617 3195 3193 3602 3616 3617 3602 3617 3603 3616 3195 3617 3617 3193 3618 3618 3193 3191 3603 3618 3604 3603 3617 3618 3604 3618 3619 3604 3619 3605 3618 3191 3619 3619 3191 3189 3605 3620 3606 3605 3619 3620 3619 3189 3620 3606 3621 3607 3606 3620 3621 3607 3622 3608 3607 3621 3622 3608 3622 3623 3608 3623 3609 3609 3623 3624 3624 3187 3185 3623 3187 3624 3609 3624 3610 3625 3185 3183 3624 3185 3625 3610 3625 3611 3610 3624 3625 3611 3626 3612 3625 3183 3626 3626 3183 3181 3611 3625 3626 3627 3181 3179 3626 3181 3627 3612 3627 3152 3612 3626 3627 3152 3627 3628 3152 3628 3151 3627 3179 3628 3628 3179 3177 3151 3628 3629 3151 3629 3150 3150 3629 3167 3629 3177 3168 3628 3177 3629 3629 3168 3167 3620 3189 3630 3620 3630 3621 3188 3630 3189 3217 3631 3188 3621 3630 3631 3621 3631 3622 3188 3631 3630 3215 3632 3217 3217 3632 3631 3623 3632 3187 3622 3632 3623 3215 3187 3632 3622 3631 3632 2509 3291 3633 3291 3269 3633 2509 3633 3329 3633 3269 3270 3329 3633 3634 3634 3270 3271 3633 3270 3634 3329 3634 3331 3635 3271 3272 3331 3635 3334 3331 3634 3635 3634 3271 3635 3334 3636 2511 3636 3272 3273 3635 3272 3636 3334 3635 3636 2511 3637 2512 3636 3273 3637 2511 3636 3637 3637 3273 3274 3638 3274 3275 2512 3637 3638 2512 3638 2515 2515 3638 3287 3638 3275 3287 3637 3274 3638 2308 2307 3639 3639 2307 3640 3639 3640 3641 3642 3639 3643 3643 3639 3641 3643 3641 3644 2393 2308 3645 3645 2308 3639 3645 3639 3642 2393 3645 3327 3644 3646 3643 3647 3645 3642 3643 3648 3642 3646 3648 3643 3640 3649 3650 3650 3649 3651 3650 3651 3652 3652 3651 3653 3652 3653 3654 3654 3653 3655 3654 3655 3656 3654 3656 3652 3656 3655 3657 3656 3657 3658 3652 3656 3658 3652 3658 3650 3658 3657 3659 3658 3659 3660 3658 3660 3650 3660 3659 3661 3660 3661 3662 3650 3662 3640 3650 3660 3662 3662 3661 3663 3662 3663 3664 3662 3664 3640 3665 2502 2504 3665 2504 3666 3666 2504 2506 3666 2506 3667 3667 2506 2508 3668 2508 2510 3667 2508 3668 2514 2516 3669 3669 3670 2514 3670 3335 2513 3670 2513 2514 2516 2518 3671 3669 2516 3671 3672 3671 2518 2518 2520 3672 3673 3672 2520 2522 3673 2520 3674 3665 3675 3674 2502 3665 3675 3676 3674 2464 2502 3674 2307 2464 3674 2307 3674 3676 3677 3675 3665 3677 3665 3666 3676 3675 3678 3678 3679 3676 2307 3676 3679 3675 3677 3680 3680 3678 3675 3681 3680 3677 3677 3666 3682 3682 3666 3667 3677 3682 3681 3683 3681 3682 3682 3667 3684 3684 3667 3668 3682 3684 3683 3685 3683 3684 3684 3668 3686 3684 3686 3685 3687 3685 3686 3686 3688 3687 3689 3687 3688 3688 3690 3689 3691 3689 3690 3690 3692 3691 3693 3691 3692 3692 3694 3693 3694 3670 3669 3692 3670 3694 3695 3693 3694 3696 3669 3671 3694 3669 3696 3694 3696 3695 3697 3695 3696 3698 3671 3672 3696 3671 3698 3696 3698 3697 3699 3697 3698 3698 3672 3700 3700 3672 3673 3698 3700 3699 3701 3699 3700 3700 3702 3701 3700 3673 3702 3647 3642 3703 3702 3647 3703 3648 3703 3642 3648 3701 3703 3703 3701 3702 3649 3704 3651 3679 3678 3704 3640 3705 3649 3640 2307 3705 2307 3679 3705 3704 3705 3679 3649 3705 3704 3704 3706 3651 3653 3651 3706 3678 3680 3706 3706 3704 3678 3706 3707 3653 3680 3681 3707 3707 3706 3680 3655 3653 3707 3708 3681 3683 3657 3655 3708 3707 3708 3655 3707 3681 3708 3708 3709 3657 3709 3683 3685 3659 3657 3709 3708 3683 3709 3709 3710 3659 3709 3685 3710 3661 3659 3710 3710 3685 3687 3711 3687 3689 3663 3661 3711 3710 3711 3661 3710 3687 3711 3711 3712 3663 3712 3689 3691 3711 3689 3712 3663 3712 3713 3712 3714 3713 3714 3691 3693 3712 3691 3714 3715 3713 3714 3714 3716 3715 3716 3693 3695 3714 3693 3716 3717 3715 3716 3716 3718 3717 3718 3695 3697 3716 3695 3718 3719 3717 3718 3718 3697 3720 3718 3720 3719 3720 3697 3699 3721 3719 3720 3720 3699 3722 3721 3722 3646 3646 3722 3648 3722 3699 3701 3722 3701 3648 3720 3722 3721 3327 3723 2526 2526 3723 2524 3647 3723 3645 3327 3645 3723 3724 3663 3713 3640 3664 3724 3664 3663 3724 3640 3724 3641 3724 3725 3641 3724 3713 3725 3725 3713 3715 3641 3726 3644 3726 3715 3717 3641 3725 3726 3725 3715 3726 3727 3717 3719 3726 3727 3644 3726 3717 3727 3728 3719 3721 3727 3719 3728 3644 3727 3728 3729 3721 3646 3728 3721 3729 3729 3646 3644 3644 3728 3729 3668 2510 3730 3730 2510 3328 3686 3668 3730 3686 3730 3688 3688 3731 3690 3688 3730 3731 3731 3328 3330 3730 3328 3731 3731 3330 3332 3692 3732 3670 3690 3732 3692 3690 3731 3732 3732 3335 3670 3732 3333 3335 3732 3332 3333 3731 3332 3732 3702 3733 3647 2522 3733 3673 2524 3733 2522 2524 3723 3733 3647 3733 3723 3702 3673 3733</p>
        </triangles>
      </mesh>
    </geometry>
  </library_geometries>
  <library_controllers>
    <controller id="Controller">
      <skin source="#Geometry">
        <bind_shape_matrix>1 0 0 0 0 1 0 0 0 0 1 0 0 0 0 1</bind_shape_matrix>
        <source id="Controller-joints">
          <Name_array id="Controller-joints-array" count="2">MeshBody1 amsr_vtol_cruise_prop_v1</Name_array>
          <technique_common>
            <accessor source="#Controller-joints-array" count="2" stride="1">
              <param name="JOINT" type="Name"/>
            </accessor>
          </technique_common>
        </source>
        <source id="Controller-bind_poses">
          <float_array id="Controller-bind_poses-array" count="32">1 0 0 0 0 1 0 0 0 0 1 0 0 0 0 1 10 0 0 0 0 10 0 0 0 0 10 0 0 0 0 1</float_array>
          <technique_common>
            <accessor source="#Controller-bind_poses-array" count="2" stride="16">
              <param name="TRANSFORM" type="float4x4"/>
            </accessor>
          </technique_common>
        </source>
        <source id="Controller-weights">
          <float_array id="Controller-weights-array" count="1">1</float_array>
          <technique_common>
            <accessor source="#Controller-weights-array" count="1" stride="1">
              <param name="WEIGHT" type="float"/>
            </accessor>
          </technique_common>
        </source>
        <joints>
          <input semantic="JOINT" source="#Controller-joints"/>
          <input semantic="INV_BIND_MATRIX" source="#Controller-bind_poses"/>
        </joints>
        <vertex_weights count="3734">
          <input semantic="JOINT" source="#Controller-joints" offset="0"/>
          <input semantic="WEIGHT" source="#Controller-weights" offset="1"/>
          <vcount>1 1 1 1 1 1 1 1 1 1 1 1 1 1 1 1 1 1 1 1 1 1 1 1 1 1 1 1 1 1 1 1 1 1 1 1 1 1 1 1 1 1 1 1 1 1 1 1 1 1 1 1 1 1 1 1 1 1 1 1 1 1 1 1 1 1 1 1 1 1 1 1 1 1 1 1 1 1 1 1 1 1 1 1 1 1 1 1 1 1 1 1 1 1 1 1 1 1 1 1 1 1 1 1 1 1 1 1 1 1 1 1 1 1 1 1 1 1 1 1 1 1 1 1 1 1 1 1 1 1 1 1 1 1 1 1 1 1 1 1 1 1 1 1 1 1 1 1 1 1 1 1 1 1 1 1 1 1 1 1 1 1 1 1 1 1 1 1 1 1 1 1 1 1 1 1 1 1 1 1 1 1 1 1 1 1 1 1 1 1 1 1 1 1 1 1 1 1 1 1 1 1 1 1 1 1 1 1 1 1 1 1 1 1 1 1 1 1 1 1 1 1 1 1 1 1 1 1 1 1 1 1 1 1 1 1 1 1 1 1 1 1 1 1 1 1 1 1 1 1 1 1 1 1 1 1 1 1 1 1 1 1 1 1 1 1 1 1 1 1 1 1 1 1 1 1 1 1 1 1 1 1 1 1 1 1 1 1 1 1 1 1 1 1 1 1 1 1 1 1 1 1 1 1 1 1 1 1 1 1 1 1 1 1 1 1 1 1 1 1 1 1 1 1 1 1 1 1 1 1 1 1 1 1 1 1 1 1 1 1 1 1 1 1 1 1 1 1 1 1 1 1 1 1 1 1 1 1 1 1 1 1 1 1 1 1 1 1 1 1 1 1 1 1 1 1 1 1 1 1 1 1 1 1 1 1 1 1 1 1 1 1 1 1 1 1 1 1 1 1 1 1 1 1 1 1 1 1 1 1 1 1 1 1 1 1 1 1 1 1 1 1 1 1 1 1 1 1 1 1 1 1 1 1 1 1 1 1 1 1 1 1 1 1 1 1 1 1 1 1 1 1 1 1 1 1 1 1 1 1 1 1 1 1 1 1 1 1 1 1 1 1 1 1 1 1 1 1 1 1 1 1 1 1 1 1 1 1 1 1 1 1 1 1 1 1 1 1 1 1 1 1 1 1 1 1 1 1 1 1 1 1 1 1 1 1 1 1 1 1 1 1 1 1 1 1 1 1 1 1 1 1 1 1 1 1 1 1 1 1 1 1 1 1 1 1 1 1 1 1 1 1 1 1 1 1 1 1 1 1 1 1 1 1 1 1 1 1 1 1 1 1 1 1 1 1 1 1 1 1 1 1 1 1 1 1 1 1 1 1 1 1 1 1 1 1 1 1 1 1 1 1 1 1 1 1 1 1 1 1 1 1 1 1 1 1 1 1 1 1 1 1 1 1 1 1 1 1 1 1 1 1 1 1 1 1 1 1 1 1 1 1 1 1 1 1 1 1 1 1 1 1 1 1 1 1 1 1 1 1 1 1 1 1 1 1 1 1 1 1 1 1 1 1 1 1 1 1 1 1 1 1 1 1 1 1 1 1 1 1 1 1 1 1 1 1 1 1 1 1 1 1 1 1 1 1 1 1 1 1 1 1 1 1 1 1 1 1 1 1 1 1 1 1 1 1 1 1 1 1 1 1 1 1 1 1 1 1 1 1 1 1 1 1 1 1 1 1 1 1 1 1 1 1 1 1 1 1 1 1 1 1 1 1 1 1 1 1 1 1 1 1 1 1 1 1 1 1 1 1 1 1 1 1 1 1 1 1 1 1 1 1 1 1 1 1 1 1 1 1 1 1 1 1 1 1 1 1 1 1 1 1 1 1 1 1 1 1 1 1 1 1 1 1 1 1 1 1 1 1 1 1 1 1 1 1 1 1 1 1 1 1 1 1 1 1 1 1 1 1 1 1 1 1 1 1 1 1 1 1 1 1 1 1 1 1 1 1 1 1 1 1 1 1 1 1 1 1 1 1 1 1 1 1 1 1 1 1 1 1 1 1 1 1 1 1 1 1 1 1 1 1 1 1 1 1 1 1 1 1 1 1 1 1 1 1 1 1 1 1 1 1 1 1 1 1 1 1 1 1 1 1 1 1 1 1 1 1 1 1 1 1 1 1 1 1 1 1 1 1 1 1 1 1 1 1 1 1 1 1 1 1 1 1 1 1 1 1 1 1 1 1 1 1 1 1 1 1 1 1 1 1 1 1 1 1 1 1 1 1 1 1 1 1 1 1 1 1 1 1 1 1 1 1 1 1 1 1 1 1 1 1 1 1 1 1 1 1 1 1 1 1 1 1 1 1 1 1 1 1 1 1 1 1 1 1 1 1 1 1 1 1 1 1 1 1 1 1 1 1 1 1 1 1 1 1 1 1 1 1 1 1 1 1 1 1 1 1 1 1 1 1 1 1 1 1 1 1 1 1 1 1 1 1 1 1 1 1 1 1 1 1 1 1 1 1 1 1 1 1 1 1 1 1 1 1 1 1 1 1 1 1 1 1 1 1 1 1 1 1 1 1 1 1 1 1 1 1 1 1 1 1 1 1 1 1 1 1 1 1 1 1 1 1 1 1 1 1 1 1 1 1 1 1 1 1 1 1 1 1 1 1 1 1 1 1 1 1 1 1 1 1 1 1 1 1 1 1 1 1 1 1 1 1 1 1 1 1 1 1 1 1 1 1 1 1 1 1 1 1 1 1 1 1 1 1 1 1 1 1 1 1 1 1 1 1 1 1 1 1 1 1 1 1 1 1 1 1 1 1 1 1 1 1 1 1 1 1 1 1 1 1 1 1 1 1 1 1 1 1 1 1 1 1 1 1 1 1 1 1 1 1 1 1 1 1 1 1 1 1 1 1 1 1 1 1 1 1 1 1 1 1 1 1 1 1 1 1 1 1 1 1 1 1 1 1 1 1 1 1 1 1 1 1 1 1 1 1 1 1 1 1 1 1 1 1 1 1 1 1 1 1 1 1 1 1 1 1 1 1 1 1 1 1 1 1 1 1 1 1 1 1 1 1 1 1 1 1 1 1 1 1 1 1 1 1 1 1 1 1 1 1 1 1 1 1 1 1 1 1 1 1 1 1 1 1 1 1 1 1 1 1 1 1 1 1 1 1 1 1 1 1 1 1 1 1 1 1 1 1 1 1 1 1 1 1 1 1 1 1 1 1 1 1 1 1 1 1 1 1 1 1 1 1 1 1 1 1 1 1 1 1 1 1 1 1 1 1 1 1 1 1 1 1 1 1 1 1 1 1 1 1 1 1 1 1 1 1 1 1 1 1 1 1 1 1 1 1 1 1 1 1 1 1 1 1 1 1 1 1 1 1 1 1 1 1 1 1 1 1 1 1 1 1 1 1 1 1 1 1 1 1 1 1 1 1 1 1 1 1 1 1 1 1 1 1 1 1 1 1 1 1 1 1 1 1 1 1 1 1 1 1 1 1 1 1 1 1 1 1 1 1 1 1 1 1 1 1 1 1 1 1 1 1 1 1 1 1 1 1 1 1 1 1 1 1 1 1 1 1 1 1 1 1 1 1 1 1 1 1 1 1 1 1 1 1 1 1 1 1 1 1 1 1 1 1 1 1 1 1 1 1 1 1 1 1 1 1 1 1 1 1 1 1 1 1 1 1 1 1 1 1 1 1 1 1 1 1 1 1 1 1 1 1 1 1 1 1 1 1 1 1 1 1 1 1 1 1 1 1 1 1 1 1 1 1 1 1 1 1 1 1 1 1 1 1 1 1 1 1 1 1 1 1 1 1 1 1 1 1 1 1 1 1 1 1 1 1 1 1 1 1 1 1 1 1 1 1 1 1 1 1 1 1 1 1 1 1 1 1 1 1 1 1 1 1 1 1 1 1 1 1 1 1 1 1 1 1 1 1 1 1 1 1 1 1 1 1 1 1 1 1 1 1 1 1 1 1 1 1 1 1 1 1 1 1 1 1 1 1 1 1 1 1 1 1 1 1 1 1 1 1 1 1 1 1 1 1 1 1 1 1 1 1 1 1 1 1 1 1 1 1 1 1 1 1 1 1 1 1 1 1 1 1 1 1 1 1 1 1 1 1 1 1 1 1 1 1 1 1 1 1 1 1 1 1 1 1 1 1 1 1 1 1 1 1 1 1 1 1 1 1 1 1 1 1 1 1 1 1 1 1 1 1 1 1 1 1 1 1 1 1 1 1 1 1 1 1 1 1 1 1 1 1 1 1 1 1 1 1 1 1 1 1 1 1 1 1 1 1 1 1 1 1 1 1 1 1 1 1 1 1 1 1 1 1 1 1 1 1 1 1 1 1 1 1 1 1 1 1 1 1 1 1 1 1 1 1 1 1 1 1 1 1 1 1 1 1 1 1 1 1 1 1 1 1 1 1 1 1 1 1 1 1 1 1 1 1 1 1 1 1 1 1 1 1 1 1 1 1 1 1 1 1 1 1 1 1 1 1 1 1 1 1 1 1 1 1 1 1 1 1 1 1 1 1 1 1 1 1 1 1 1 1 1 1 1 1 1 1 1 1 1 1 1 1 1 1 1 1 1 1 1 1 1 1 1 1 1 1 1 1 1 1 1 1 1 1 1 1 1 1 1 1 1 1 1 1 1 1 1 1 1 1 1 1 1 1 1 1 1 1 1 1 1 1 1 1 1 1 1 1 1 1 1 1 1 1 1 1 1 1 1 1 1 1 1 1 1 1 1 1 1 1 1 1 1 1 1 1 1 1 1 1 1 1 1 1 1 1 1 1 1 1 1 1 1 1 1 1 1 1 1 1 1 1 1 1 1 1 1 1 1 1 1 1 1 1 1 1 1 1 1 1 1 1 1 1 1 1 1 1 1 1 1 1 1 1 1 1 1 1 1 1 1 1 1 1 1 1 1 1 1 1 1 1 1 1 1 1 1 1 1 1 1 1 1 1 1 1 1 1 1 1 1 1 1 1 1 1 1 1 1 1 1 1 1 1 1 1 1 1 1 1 1 1 1 1 1 1 1 1 1 1 1 1 1 1 1 1 1 1 1 1 1 1 1 1 1 1 1 1 1 1 1 1 1 1 1 1 1 1 1 1 1 1 1 1 1 1 1 1 1 1 1 1 1 1 1 1 1 1 1 1 1 1 1 1 1 1 1 1 1 1 1 1 1 1 1 1 1 1 1 1 1 1 1 1 1 1 1 1 1 1 1 1 1 1 1 1 1 1 1 1 1 1 1 1 1 1 1 1 1 1 1 1 1 1 1 1 1 1 1 1 1 1 1 1 1 1 1 1 1 1 1 1 1 1 1 1 1 1 1 1 1 1 1 1 1 1 1 1 1 1 1 1 1 1 1 1 1 1 1 1 1 1 1 1 1 1 1 1 1 1 1 1 1 1 1 1 1 1 1 1 1 1 1 1 1 1 1 1 1 1 1 1 1 1 1 1 1 1 1 1 1 1 1 1 1 1 1 1 1 1 1 1 1 1 1 1 1 1 1 1 1 1 1 1 1 1 1 1 1 1 1 1 1 1 1 1 1 1 1 1 1 1 1 1 1 1 1 1 1 1 1 1 1 1 1 1 1 1 1 1 1 1 1 1 1 1 1 1 1 1 1 1 1 1 1 1 1 1 1 1 1 1 1 1 1 1 1 1 1 1 1 1 1 1 1 1 1 1 1 1 1 1 1 1 1 1 1 1 1 1 1 1 1 1 1 1 1 1 1 1 1 1 1 1 1 1 1 1 1 1 1 1 1 1 1 1 1 1 1 1 1 1 1 1 1 1 1 1 1 1 1 1 1 1 1 1 1 1 1 1 1 1 1 1 1 1 1 1 1 1 1 1 1 1 1 1 1 1 1 1 1 1 1 1 1 1 1 1 1 1 1 1 1 1 1 1 1 1 1 1 1 1 1 1 1 1 1 1 1 1 1 1 1 1 1 1 1 1 1 1 1 1 1 1 1 1 1 1 1 1 1 1 1 1 1 1 1 1 1 1 1 1 1 1 1 1 1 1 1 1 1 1 1 1 1 1 1 1 1 1 1 1 1 1 1 1 1 1 1 1 1 1 1 1 1 1 1 1 1 1 1 1 1 1 1 1 1 1 1 1 1 1 1 1 1 1 1 1 1 1 1 1 1 1 1 1 1 1 1 1 1 1 1 1 1 1 1 1 1 1 1 1 1 1 1 1 1 1 1 1 1 1 1 1 1 1 1 1 1 1 1 1 1 1 1 1 1 1 1 1 1 1 1 1 1 1 1 1 1 1 1 1 1 1 1 1 1 1 1 1 1 1 1 1 1 1 1 1 1 1 1 1 1 1 1 1 1 1 1 1 1 1 1 1 1 1 1 1 1 1 1 1 1 1 1 1 1 1 1 1 1 1 1 1 1 1 1 1 1 1 1 1 1 1 1 1 1 1 1 1 1 1 1 1 1 1 1 1 1 1 1 1 1 1 1 1 1 1 1 1 1 1 1 1 1 1 1 1 1 1 1 1 1 1 1 1 1 1 1 1 1 1 1 1 1 1 1 1 1 1 1 1 1 1 1 1 1 1 1 1 1 1 1 1 1 1 1 1 1 1 1 1 1 1 1 1 1 1 1 1 1 1 1 1 1 1 1 1 1 1 1 1 1 1 1 1 1 1 1 1 1 1 1 1 1 1 1 1 1 1 1 1 1 1 1 1 1 1 1 1 1 1 1 1 1 1 1 1 1 1 1 1 1 1 1 1 1 1 1 1 1 1 1 1 1 1 1 1 1 1 1 1 1 1 1 1 1 1 1 1 1 1 1 1 1 1 1 1 1 1 1 1 1 1 1 1 1 1 1 1 1 1 1 1 1 1 1 1 1 1 1 1 1 1 1 1 1 1 1 1 1 1 1 1 1 1 1 1 1 1 1 1 1 1 1 1 1 1 1 1 1 1 1 1 1 1 1 1 1 1 1 1 1 1 1 1 1 1 1 1 1 1 1 1 1 1 1 1 1 1 1 1 1 1 1 1 1 1 1 1 1 1 1 1 1 1 1 1 1 1 1 1 1 1 1 1 1 1 1 1 1 1 1 1 1 1 1 1 1 1 1 1 1 1 1 1 1 1 1 1 1 1 1 1 1 1 1 1 1 1 1 1 1 1 1 1 1 1 1 1 1 1 1 1 1 1 1 1 1 1 1 1 1 1 1 1 1 1 1 1 1 1 1 1 1 1 1 1 1 1 1 1 1 1 1 1 1 1 1 1 1 1 1 1 1 1 1 1 1 1 1 1 1 1 1 1 1 1 1 1 1 1 1 1 1 1 1 1 1 1 1 1 1 1 1 1 1 1 1 1 1 1 1 1 1 1 1 1 1 1 1 1 1 1 1 1 1 1 1 1 1 1 1 1 1 1 1 1 1 1 1 1 1 1 1 1 1 1 1 1 1 1 1 1 1 1 1 1 1 1 1 1 1 1 1 1 1 1 1 1 1 1 1 1 1 1 1 1 1 1 1 1 1 1 1 1 1 1 1 1 1 1 1 1 1 1 1 1 1 1 1 1 1 1 1 1 1 1 1 1 1 1 1 1 1 1 1 1 1 1 1 1 1 1 1 1 1 1 1 1 1 1 1 1 1 1 1 1 1 1 1 1 1 1 1 1 1 1 1 1 1 1 1 1 1 1 1 1 1 1 1 1 1 1 1 1 1 1 1 1 1 1 1 1 1 1 1 1 1 1 1 1 1 1 1 1 1 1 1 1 1 1 1 1 1 1 1 1 1 1 1 1 1 1 1 1 1 1 1 1 1 1 1 1 1 1 1 1 1 1 1 1 1 1 1 1 1 1 1 1 1 1 1 1 1 1 1 1 1 1 1 1 1 1 1 1 1 1 1 1 1 1 1 1 1 1 1 1 1 1 1 1 1 1 1 1 1 1 1 1 1 1 1 1 1 1 1 1 1 1 1 1 1 1 1 1 1 1 1 1 1 1 1 1 1 1 1 1 1 1 1 1 1 1 1 1 1 1 1 1 1 1 1 1 1 1 1 1 1 1 1 1 1 1 1 1 1 1 1 1 1 1 1 1 1 1 1 1 1 1 1 1 1 1 1 1 1 1 1 1 1 1 1 1 1 1 1 1 1 1 1 1 1 1 1 1 1 1 1 1 1 1 1 1 1 1 1 1 1 1 1 1 1 1 1 1 1 1 1 1 1 1 1 1 1 1 1 1 1 1 1 1 1 1 1 1 1 1 1 1 1 1 1 1 1 1 1 1 1 1 1 1 1 1 1 1 1 1 1 1 1 1 1 1 1 1 1 1 1 1 1 1 1 1 1 1 1 1 1 1 1 1 1 1 1 1 1 1 1 1 1 1 1 1 1 1 1 1 1 1 1 1 1 1 1 1 1 1 1 1 1 1 1 1 1 1 1 1 1 1 1 1 1 1 1 1 1 1 1 1 </vcount>
          <v>0 0 0 0 0 0 0 0 0 0 0 0 0 0 0 0 0 0 0 0 0 0 0 0 0 0 0 0 0 0 0 0 0 0 0 0 0 0 0 0 0 0 0 0 0 0 0 0 0 0 0 0 0 0 0 0 0 0 0 0 0 0 0 0 0 0 0 0 0 0 0 0 0 0 0 0 0 0 0 0 0 0 0 0 0 0 0 0 0 0 0 0 0 0 0 0 0 0 0 0 0 0 0 0 0 0 0 0 0 0 0 0 0 0 0 0 0 0 0 0 0 0 0 0 0 0 0 0 0 0 0 0 0 0 0 0 0 0 0 0 0 0 0 0 0 0 0 0 0 0 0 0 0 0 0 0 0 0 0 0 0 0 0 0 0 0 0 0 0 0 0 0 0 0 0 0 0 0 0 0 0 0 0 0 0 0 0 0 0 0 0 0 0 0 0 0 0 0 0 0 0 0 0 0 0 0 0 0 0 0 0 0 0 0 0 0 0 0 0 0 0 0 0 0 0 0 0 0 0 0 0 0 0 0 0 0 0 0 0 0 0 0 0 0 0 0 0 0 0 0 0 0 0 0 0 0 0 0 0 0 0 0 0 0 0 0 0 0 0 0 0 0 0 0 0 0 0 0 0 0 0 0 0 0 0 0 0 0 0 0 0 0 0 0 0 0 0 0 0 0 0 0 0 0 0 0 0 0 0 0 0 0 0 0 0 0 0 0 0 0 0 0 0 0 0 0 0 0 0 0 0 0 0 0 0 0 0 0 0 0 0 0 0 0 0 0 0 0 0 0 0 0 0 0 0 0 0 0 0 0 0 0 0 0 0 0 0 0 0 0 0 0 0 0 0 0 0 0 0 0 0 0 0 0 0 0 0 0 0 0 0 0 0 0 0 0 0 0 0 0 0 0 0 0 0 0 0 0 0 0 0 0 0 0 0 0 0 0 0 0 0 0 0 0 0 0 0 0 0 0 0 0 0 0 0 0 0 0 0 0 0 0 0 0 0 0 0 0 0 0 0 0 0 0 0 0 0 0 0 0 0 0 0 0 0 0 0 0 0 0 0 0 0 0 0 0 0 0 0 0 0 0 0 0 0 0 0 0 0 0 0 0 0 0 0 0 0 0 0 0 0 0 0 0 0 0 0 0 0 0 0 0 0 0 0 0 0 0 0 0 0 0 0 0 0 0 0 0 0 0 0 0 0 0 0 0 0 0 0 0 0 0 0 0 0 0 0 0 0 0 0 0 0 0 0 0 0 0 0 0 0 0 0 0 0 0 0 0 0 0 0 0 0 0 0 0 0 0 0 0 0 0 0 0 0 0 0 0 0 0 0 0 0 0 0 0 0 0 0 0 0 0 0 0 0 0 0 0 0 0 0 0 0 0 0 0 0 0 0 0 0 0 0 0 0 0 0 0 0 0 0 0 0 0 0 0 0 0 0 0 0 0 0 0 0 0 0 0 0 0 0 0 0 0 0 0 0 0 0 0 0 0 0 0 0 0 0 0 0 0 0 0 0 0 0 0 0 0 0 0 0 0 0 0 0 0 0 0 0 0 0 0 0 0 0 0 0 0 0 0 0 0 0 0 0 0 0 0 0 0 0 0 0 0 0 0 0 0 0 0 0 0 0 0 0 0 0 0 0 0 0 0 0 0 0 0 0 0 0 0 0 0 0 0 0 0 0 0 0 0 0 0 0 0 0 0 0 0 0 0 0 0 0 0 0 0 0 0 0 0 0 0 0 0 0 0 0 0 0 0 0 0 0 0 0 0 0 0 0 0 0 0 0 0 0 0 0 0 0 0 0 0 0 0 0 0 0 0 0 0 0 0 0 0 0 0 0 0 0 0 0 0 0 0 0 0 0 0 0 0 0 0 0 0 0 0 0 0 0 0 0 0 0 0 0 0 0 0 0 0 0 0 0 0 0 0 0 0 0 0 0 0 0 0 0 0 0 0 0 0 0 0 0 0 0 0 0 0 0 0 0 0 0 0 0 0 0 0 0 0 0 0 0 0 0 0 0 0 0 0 0 0 0 0 0 0 0 0 0 0 0 0 0 0 0 0 0 0 0 0 0 0 0 0 0 0 0 0 0 0 0 0 0 0 0 0 0 0 0 0 0 0 0 0 0 0 0 0 0 0 0 0 0 0 0 0 0 0 0 0 0 0 0 0 0 0 0 0 0 0 0 0 0 0 0 0 0 0 0 0 0 0 0 0 0 0 0 0 0 0 0 0 0 0 0 0 0 0 0 0 0 0 0 0 0 0 0 0 0 0 0 0 0 0 0 0 0 0 0 0 0 0 0 0 0 0 0 0 0 0 0 0 0 0 0 0 0 0 0 0 0 0 0 0 0 0 0 0 0 0 0 0 0 0 0 0 0 0 0 0 0 0 0 0 0 0 0 0 0 0 0 0 0 0 0 0 0 0 0 0 0 0 0 0 0 0 0 0 0 0 0 0 0 0 0 0 0 0 0 0 0 0 0 0 0 0 0 0 0 0 0 0 0 0 0 0 0 0 0 0 0 0 0 0 0 0 0 0 0 0 0 0 0 0 0 0 0 0 0 0 0 0 0 0 0 0 0 0 0 0 0 0 0 0 0 0 0 0 0 0 0 0 0 0 0 0 0 0 0 0 0 0 0 0 0 0 0 0 0 0 0 0 0 0 0 0 0 0 0 0 0 0 0 0 0 0 0 0 0 0 0 0 0 0 0 0 0 0 0 0 0 0 0 0 0 0 0 0 0 0 0 0 0 0 0 0 0 0 0 0 0 0 0 0 0 0 0 0 0 0 0 0 0 0 0 0 0 0 0 0 0 0 0 0 0 0 0 0 0 0 0 0 0 0 0 0 0 0 0 0 0 0 0 0 0 0 0 0 0 0 0 0 0 0 0 0 0 0 0 0 0 0 0 0 0 0 0 0 0 0 0 0 0 0 0 0 0 0 0 0 0 0 0 0 0 0 0 0 0 0 0 0 0 0 0 0 0 0 0 0 0 0 0 0 0 0 0 0 0 0 0 0 0 0 0 0 0 0 0 0 0 0 0 0 0 0 0 0 0 0 0 0 0 0 0 0 0 0 0 0 0 0 0 0 0 0 0 0 0 0 0 0 0 0 0 0 0 0 0 0 0 0 0 0 0 0 0 0 0 0 0 0 0 0 0 0 0 0 0 0 0 0 0 0 0 0 0 0 0 0 0 0 0 0 0 0 0 0 0 0 0 0 0 0 0 0 0 0 0 0 0 0 0 0 0 0 0 0 0 0 0 0 0 0 0 0 0 0 0 0 0 0 0 0 0 0 0 0 0 0 0 0 0 0 0 0 0 0 0 0 0 0 0 0 0 0 0 0 0 0 0 0 0 0 0 0 0 0 0 0 0 0 0 0 0 0 0 0 0 0 0 0 0 0 0 0 0 0 0 0 0 0 0 0 0 0 0 0 0 0 0 0 0 0 0 0 0 0 0 0 0 0 0 0 0 0 0 0 0 0 0 0 0 0 0 0 0 0 0 0 0 0 0 0 0 0 0 0 0 0 0 0 0 0 0 0 0 0 0 0 0 0 0 0 0 0 0 0 0 0 0 0 0 0 0 0 0 0 0 0 0 0 0 0 0 0 0 0 0 0 0 0 0 0 0 0 0 0 0 0 0 0 0 0 0 0 0 0 0 0 0 0 0 0 0 0 0 0 0 0 0 0 0 0 0 0 0 0 0 0 0 0 0 0 0 0 0 0 0 0 0 0 0 0 0 0 0 0 0 0 0 0 0 0 0 0 0 0 0 0 0 0 0 0 0 0 0 0 0 0 0 0 0 0 0 0 0 0 0 0 0 0 0 0 0 0 0 0 0 0 0 0 0 0 0 0 0 0 0 0 0 0 0 0 0 0 0 0 0 0 0 0 0 0 0 0 0 0 0 0 0 0 0 0 0 0 0 0 0 0 0 0 0 0 0 0 0 0 0 0 0 0 0 0 0 0 0 0 0 0 0 0 0 0 0 0 0 0 0 0 0 0 0 0 0 0 0 0 0 0 0 0 0 0 0 0 0 0 0 0 0 0 0 0 0 0 0 0 0 0 0 0 0 0 0 0 0 0 0 0 0 0 0 0 0 0 0 0 0 0 0 0 0 0 0 0 0 0 0 0 0 0 0 0 0 0 0 0 0 0 0 0 0 0 0 0 0 0 0 0 0 0 0 0 0 0 0 0 0 0 0 0 0 0 0 0 0 0 0 0 0 0 0 0 0 0 0 0 0 0 0 0 0 0 0 0 0 0 0 0 0 0 0 0 0 0 0 0 0 0 0 0 0 0 0 0 0 0 0 0 0 0 0 0 0 0 0 0 0 0 0 0 0 0 0 0 0 0 0 0 0 0 0 0 0 0 0 0 0 0 0 0 0 0 0 0 0 0 0 0 0 0 0 0 0 0 0 0 0 0 0 0 0 0 0 0 0 0 0 0 0 0 0 0 0 0 0 0 0 0 0 0 0 0 0 0 0 0 0 0 0 0 0 0 0 0 0 0 0 0 0 0 0 0 0 0 0 0 0 0 0 0 0 0 0 0 0 0 0 0 0 0 0 0 0 0 0 0 0 0 0 0 0 0 0 0 0 0 0 0 0 0 0 0 0 0 0 0 0 0 0 0 0 0 0 0 0 0 0 0 0 0 0 0 0 0 0 0 0 0 0 0 0 0 0 0 0 0 0 0 0 0 0 0 0 0 0 0 0 0 0 0 0 0 0 0 0 0 0 0 0 0 0 0 0 0 0 0 0 0 0 0 0 0 0 0 0 0 0 0 0 0 0 0 0 0 0 0 0 0 0 0 0 0 0 0 0 0 0 0 0 0 0 0 0 0 0 0 0 0 0 0 0 0 0 0 0 0 0 0 0 0 0 0 0 0 0 0 0 0 0 0 0 0 0 0 0 0 0 0 0 0 0 0 0 0 0 0 0 0 0 0 0 0 0 0 0 0 0 0 0 0 0 0 0 0 0 0 0 0 0 0 0 0 0 0 0 0 0 0 0 0 0 0 0 0 0 0 0 0 0 0 0 0 0 0 0 0 0 0 0 0 0 0 0 0 0 0 0 0 0 0 0 0 0 0 0 0 0 0 0 0 0 0 0 0 0 0 0 0 0 0 0 0 0 0 0 0 0 0 0 0 0 0 0 0 0 0 0 0 0 0 0 0 0 0 0 0 0 0 0 0 0 0 0 0 0 0 0 0 0 0 0 0 0 0 0 0 0 0 0 0 0 0 0 0 0 0 0 0 0 0 0 0 0 0 0 0 0 0 0 0 0 0 0 0 0 0 0 0 0 0 0 0 0 0 0 0 0 0 0 0 0 0 0 0 0 0 0 0 0 0 0 0 0 0 0 0 0 0 0 0 0 0 0 0 0 0 0 0 0 0 0 0 0 0 0 0 0 0 0 0 0 0 0 0 0 0 0 0 0 0 0 0 0 0 0 0 0 0 0 0 0 0 0 0 0 0 0 0 0 0 0 0 0 0 0 0 0 0 0 0 0 0 0 0 0 0 0 0 0 0 0 0 0 0 0 0 0 0 0 0 0 0 0 0 0 0 0 0 0 0 0 0 0 0 0 0 0 0 0 0 0 0 0 0 0 0 0 0 0 0 0 0 0 0 0 0 0 0 0 0 0 0 0 0 0 0 0 0 0 0 0 0 0 0 0 0 0 0 0 0 0 0 0 0 0 0 0 0 0 0 0 0 0 0 0 0 0 0 0 0 0 0 0 0 0 0 0 0 0 0 0 0 0 0 0 0 0 0 0 0 0 0 0 0 0 0 0 0 0 0 0 0 0 0 0 0 0 0 0 0 0 0 0 0 0 0 0 0 0 0 0 0 0 0 0 0 0 0 0 0 0 0 0 0 0 0 0 0 0 0 0 0 0 0 0 0 0 0 0 0 0 0 0 0 0 0 0 0 0 0 0 0 0 0 0 0 0 0 0 0 0 0 0 0 0 0 0 0 0 0 0 0 0 0 0 0 0 0 0 0 0 0 0 0 0 0 0 0 0 0 0 0 0 0 0 0 0 0 0 0 0 0 0 0 0 0 0 0 0 0 0 0 0 0 0 0 0 0 0 0 0 0 0 0 0 0 0 0 0 0 0 0 0 0 0 0 0 0 0 0 0 0 0 0 0 0 0 0 0 0 0 0 0 0 0 0 0 0 0 0 0 0 0 0 0 0 0 0 0 0 0 0 0 0 0 0 0 0 0 0 0 0 0 0 0 0 0 0 0 0 0 0 0 0 0 0 0 0 0 0 0 0 0 0 0 0 0 0 0 0 0 0 0 0 0 0 0 0 0 0 0 0 0 0 0 0 0 0 0 0 0 0 0 0 0 0 0 0 0 0 0 0 0 0 0 0 0 0 0 0 0 0 0 0 0 0 0 0 0 0 0 0 0 0 0 0 0 0 0 0 0 0 0 0 0 0 0 0 0 0 0 0 0 0 0 0 0 0 0 0 0 0 0 0 0 0 0 0 0 0 0 0 0 0 0 0 0 0 0 0 0 0 0 0 0 0 0 0 0 0 0 0 0 0 0 0 0 0 0 0 0 0 0 0 0 0 0 0 0 0 0 0 0 0 0 0 0 0 0 0 0 0 0 0 0 0 0 0 0 0 0 0 0 0 0 0 0 0 0 0 0 0 0 0 0 0 0 0 0 0 0 0 0 0 0 0 0 0 0 0 0 0 0 0 0 0 0 0 0 0 0 0 0 0 0 0 0 0 0 0 0 0 0 0 0 0 0 0 0 0 0 0 0 0 0 0 0 0 0 0 0 0 0 0 0 0 0 0 0 0 0 0 0 0 0 0 0 0 0 0 0 0 0 0 0 0 0 0 0 0 0 0 0 0 0 0 0 0 0 0 0 0 0 0 0 0 0 0 0 0 0 0 0 0 0 0 0 0 0 0 0 0 0 0 0 0 0 0 0 0 0 0 0 0 0 0 0 0 0 0 0 0 0 0 0 0 0 0 0 0 0 0 0 0 0 0 0 0 0 0 0 0 0 0 0 0 0 0 0 0 0 0 0 0 0 0 0 0 0 0 0 0 0 0 0 0 0 0 0 0 0 0 0 0 0 0 0 0 0 0 0 0 0 0 0 0 0 0 0 0 0 0 0 0 0 0 0 0 0 0 0 0 0 0 0 0 0 0 0 0 0 0 0 0 0 0 0 0 0 0 0 0 0 0 0 0 0 0 0 0 0 0 0 0 0 0 0 0 0 0 0 0 0 0 0 0 0 0 0 0 0 0 0 0 0 0 0 0 0 0 0 0 0 0 0 0 0 0 0 0 0 0 0 0 0 0 0 0 0 0 0 0 0 0 0 0 0 0 0 0 0 0 0 0 0 0 0 0 0 0 0 0 0 0 0 0 0 0 0 0 0 0 0 0 0 0 0 0 0 0 0 0 0 0 0 0 0 0 0 0 0 0 0 0 0 0 0 0 0 0 0 0 0 0 0 0 0 0 0 0 0 0 0 0 0 0 0 0 0 0 0 0 0 0 0 0 0 0 0 0 0 0 0 0 0 0 0 0 0 0 0 0 0 0 0 0 0 0 0 0 0 0 0 0 0 0 0 0 0 0 0 0 0 0 0 0 0 0 0 0 0 0 0 0 0 0 0 0 0 0 0 0 0 0 0 0 0 0 0 0 0 0 0 0 0 0 0 0 0 0 0 0 0 0 0 0 0 0 0 0 0 0 0 0 0 0 0 0 0 0 0 0 0 0 0 0 0 0 0 0 0 0 0 0 0 0 0 0 0 0 0 0 0 0 0 0 0 0 0 0 0 0 0 0 0 0 0 0 0 0 0 0 0 0 0 0 0 0 0 0 0 0 0 0 0 0 0 0 0 0 0 0 0 0 0 0 0 0 0 0 0 0 0 0 0 0 0 0 0 0 0 0 0 0 0 0 0 0 0 0 0 0 0 0 0 0 0 0 0 0 0 0 0 0 0 0 0 0 0 0 0 0 0 0 0 0 0 0 0 0 0 0 0 0 0 0 0 0 0 0 0 0 0 0 0 0 0 0 0 0 0 0 0 0 0 0 0 0 0 0 0 0 0 0 0 0 0 0 0 0 0 0 0 0 0 0 0 0 0 0 0 0 0 0 0 0 0 0 0 0 0 0 0 0 0 0 0 0 0 0 0 0 0 0 0 0 0 0 0 0 0 0 0 0 0 0 0 0 0 0 0 0 0 0 0 0 0 0 0 0 0 0 0 0 0 0 0 0 0 0 0 0 0 0 0 0 0 0 0 0 0 0 0 0 0 0 0 0 0 0 0 0 0 0 0 0 0 0 0 0 0 0 0 0 0 0 0 0 0 0 0 0 0 0 0 0 0 0 0 0 0 0 0 0 0 0 0 0 0 0 0 0 0 0 0 0 0 0 0 0 0 0 0 0 0 0 0 0 0 0 0 0 0 0 0 0 0 0 0 0 0 0 0 0 0 0 0 0 0 0 0 0 0 0 0 0 0 0 0 0 0 0 0 0 0 0 0 0 0 0 0 0 0 0 0 0 0 0 0 0 0 0 0 0 0 0 0 0 0 0 0 0 0 0 0 0 0 0 0 0 0 0 0 0 0 0 0 0 0 0 0 0 0 0 0 0 0 0 0 0 0 0 0 0 0 0 0 0 0 0 0 0 0 0 0 0 0 0 0 0 0 0 0 0 0 0 0 0 0 0 0 0 0 0 0 0 0 0 0 0 0 0 0 0 0 0 0 0 0 0 0 0 0 0 0 0 0 0 0 0 0 0 0 0 0 0 0 0 0 0 0 0 0 0 0 0 0 0 0 0 0 0 0 0 0 0 0 0 0 0 0 0 0 0 0 0 0 0 0 0 0 0 0 0 0 0 0 0 0 0 0 0 0 0 0 0 0 0 0 0 0 0 0 0 0 0 0 0 0 0 0 0 0 0 0 0 0 0 0 0 0 0 0 0 0 0 0 0 0 0 0 0 0 0 0 0 0 0 0 0 0 0 0 0 0 0 0 0 0 0 0 0 0 0 0 0 0 0 0 0 0 0 0 0 0 0 0 0 0 0 0 0 0 0 0 0 0 0 0 0 0 0 0 0 0 0 0 0 0 0 0 0 0 0 0 0 0 0 0 0 0 0 0 0 0 0 0 0 0 0 0 0 0 0 0 0 0 0 0 0 0 0 0 0 0 0 0 0 0 0 0 0 0 0 0 0 0 0 0 0 0 0 0 0 0 0 0 0 0 0 0 0 0 0 0 0 0 0 0 0 0 0 0 0 0 0 0 0 0 0 0 0 0 0 0 0 0 0 0 0 0 0 0 0 0 0 0 0 0 0 0 0 0 0 0 0 0 0 0 0 0 0 0 0 0 0 0 0 0 0 0 0 0 0 0 0 0 0 0 0 0 0 0 0 0 0 0 0 0 0 0 0 0 0 0 0 0 0 0 0 0 0 0 0 0 0 0 0 0 0 0 0 0 0 0 0 0 0 0 0 0 0 0 0 0 0 0 0 0 0 0 0 0 0 0 0 0 0 0 0 0 0 0 0 0 0 0 0 0 0 0 0 0 0 0 0 0 0 0 0 0 0 0 0 0 0 0 0 0 0 0 0 0 0 0 0 0 0 0 0 0 0 0 0 0 0 0 0 0 0 0 0 0 0 0 0 0 0 0 0 0 0 0 0 0 0 0 0 0 0 0 0 0 0 0 0 0 0 0 0 0 0 0 0 0 0 0 0 0 0 0 0 0 0 0 0 0 0 0 0 0 0 0 0 0 0 0 0 0 0 0 0 0 0 0 0 0 0 0 0 0 0 0 0 0 0 0 0 0 0 0 0 0 0 0 0 0 0 0 0 0 0 0 0 0 0 0 0 0 0 0 0 0 0 0 0 0 0 0 0 0 0 0 0 0 0 0 0 0 0 0 0 0 0 0 0 0 0 0 0 0 0 0 0 0 0 0 0 0 0 0 0 0 0 0 0 0 0 0 0 0 0 0 0 0 0 0 0 0 0 0 0 0 0 0 0 0 0 0 0 0 0 0 0 0 0 0 0 0 0 0 0 0 0 0 0 0 0 0 0 0 0 0 0 0 0 0 0 0 0 0 0 0 0 0 0 0 0 0 0 0 0 0 0 0 0 0 0 0 0 0 0 0 0 0 0 0 0 0 0 0 0 0 0 0 0 0 0 0 0 0 0 0 0 0 0 0 0 0 0 0 0 0 0 0 0 0 0 0 0 0 0 0 0 0 0 0 0 0 0 0 0 0 0 0 0 0 0 0 0 0 0 0 0 0 0 0 0 0 0 0 0 0 0 0 0 0 0 0 0 0 0 0 0 0 0 0 0 0 0 0 0 0 0 0 0 0 0 0 0 0 0 0 0 0 0 0 0 0 0 0 0 0 0 0 0 0 0 0 0 0 0 0 0 0 0 0 0 0 0 0 0 0 0 0 0 0 0 0 0 0 0 0 0 0 0 0 0 0 0 0 0 0 0 0 0 0 0 0 0 0 0 0 0 0 0 0 0 0 0 0 0 0 0 0 0 0 0 0 0 0 0 0 0 0 0 0 0 0 0 0 0 0 0 0 0 0 0 0 0 0 0 0 0 0 0 0 0 0 0 0 0 0 0 0 0 0 0 0 0 0 0 0 0 0 0 0 0 0 0 0 0 0 0 0 0 0 0 0 0 0 0 0 0 0 0 0 0 0 0 0 0 0 0 0 0 0 0 0 0 0 0 0 0 0 0 0 0 0 0 0 0 0 0 0 0 0 0 0 0 0 0 0 0 0 0 0 0 0 0 0 0 0 0 0 0 0 0 0 0 0 0 0 0 0 0 0 0 0 0 0 0 0 0 0 0 0 0 0 0 0 0 0 0 0 0 0 0 0 0 0 0 0 0 0 0 0 0 0 0 0 0 0 0 0 0 0 0 0 0 0 0 0 0 0 0 0 0 0 0 0 0 0 0 0 0 0 0 0 0 0 0 0 0 0 0 0 0 0 0 0 0 0 0 0 0 0 0 0 0 0 0 0 0 0 0 0 0 0 0 0 0 0 0 0 0 0 0 0 0 0 0 0 0 0 0 0 0 0 0 0 0 0 0 0 0 0 0 0 0 0 0 0 0 0 0 0 0 0 0 0 0 0 0 0 0 0 0 0 0 0 0 0 0 0 0 0 0 0 0 0 0 0 0 0 0 0 0 0 0 0 0 0 0 0 0 0 0 0 0 0 0 0 0 0 0 0 0 0 0 0 0 0 0 0 0 0 0 0 0 0 0 0 0 0 0 0 0 0 0 0 0 0 0 0 0 0 0 0 0 0 0 0 0 0 0 0 0 0 0 0 0 0 0 0 0 0 0 0 0 0 0 0 0 0 0 0 0 0 0 0 0 0 0 0 0 0 0 0 0 0 0 0 0 0 0 0 0 0 0 0 0 0 0 0 0 0 0 0 0 0 0 0 0 0 0 0 0 0 0 0 0 0 0 0 0 0 0 0 0 0 0 0 0 0 0 0 0 0 0 0 0 0 0 0 0 0 0 0 0 0 0 0 0 0 0 0 0 0 0 0 0 0 0 0 0 0 0 0 0 0 0 0 0 0 0 0 0 0 0 0 0 0 0 0 0 0 0 0 0 0 0 0 0 0 0 0 0 0 0 0 0 0 0 0 0 0 0 0 0 0 0 0 0 0 0 0 0 0 0 0 0 0 0 0 0 0 0 0 0 0 0 0 0 0 0 0 0 0 0 0 0 0 0 0 0 0 0 0 0 0 0 0 0 0 0 0 0 0 0 0 0 0 0 0 0 0 0 0 0 0 0 0 0 0 0 0 0 0 0 0 0 0 0 0 0 0 0 0 0 0 0 0 0 0 0 0 0 0 0 0 0 0 0 0 0 0 0 0 0 0 0 0 0 0 0 0 0 0 0 0 0 0 0 0 0 0 0 0 0 0 0 0 0 0 0 0 0 0 0 0 0 0 0 0 0 0 0 0 0 0 0 0 0 0 0 0 0 0 0 0 0 0 0 0 0 0 0 0 0 0 0 0 0 0 0 0 0 0 0 0 0 0 0 0 0 0 0 0 0 0 0 0 0 0 0 0 0 0 0 0 0 0 0 0 0 0 0 0 0 0 0 0 0 0 0 0 0 0 0 0 0 0 0 0 0 0 0 0 0 0 0 0 0 0 0 0 0 0 0 0 0 0 0 0 0 0 0 0 0 0 0 0 0 0 0 0 0 0 0 0 0 0 0 0 0 0 0 0 0 0 0 0 0 0 0 0 0 0 0 0 0 0 0 0 0 0 0 0 0 0 0 0 0 0 0 0 0 0 0 0 0 0 0 0 0 0 0 0 0 0 0 0 0 0 0 0 0 0 0 0 0 0 0 0 0 0 0 0 0 0 0 0 0 0 0 0 0 0 0 0 0 0 0 0 0 0 0 0 0 0 0 0 0 0 0 0 0 0 0 0 0 0 0 0 0 0 0 0 0 0 0 0 0 0 0 0 0 0 0 0 0 0 0 0 0 0 0 0 0 0 0 0 0 0 0 0 0 0 0 0 0 0 0 0 0 0 0 0 0 0 0 0 0 0 0 0 0 0 0 0 0 0 0 0 0 0 0 0 0 0 0 0 0 0 0 0 0 0 0 0 0 0 0 0 0 0 0 0 0 0 0 0 0 0 0 0 0 0 0 0 0 0 0 0 0 0 0 0 0 0 0 0 0 0 0 0 0 0 0 0 0 0 0 0 0 0 0 0 0 0 0 0 0 0 0 0 0 0 0 0 0 0 0 0 0 0 0 0 0 0 0 0 0 0 0 0 0 0 0 0 0 0 0 0 0 0 0 0 0 0 0 0 0 0 0 0 0 0 0 0 0 0 0 0 0 0 0 0 0 0 0 0 0 0 0 0 0 0 0 0 0 0 0 0 0 0 0 0 0 0 0 0 0 0 0 0 0 0 0 0 0 0 0 0 0 0 0 0 0 0 0 0 0 0 0 0 0 0 0 0 0 0 0 0 0 0 0 0 0 0 0 0 0 0 0 0 0 0 0 0 0 0 0 0 0 0 0 0 0 0 0 0 0 0 0 0 0 0 0 0 0 0 0 0 0 0 0 0 0 0 0 0 0 0 0 0 0 0 0 0 0 0 0 0 0 0 0 0 0 0 0 0 0 0 0 0 0 0 0 0 0 0 0 0 0 0 0 0 0 0 0 0 0 0 0 0 0 0 0 0 0 0 0 0 0 0 0 0 0 0 0 0 0 0 0 0 0 0 0 0 0 0 0 0 0 0 0 0 0 0 0 0 0 0 0 0 0 0 0 0 0 0 0 0 0 0 0 0 0 0 0 0 0 0 0 0 0 0 0 0 0 0 0 0 0 0 0 0 0 0 0 0 0 0 0 0 0 0 0 0 0 0 0 0 0 0 0 0 0 0 0 0 0 0 0 0 0 0 0 0 0 0 0 0 0 0 0 0 0 0 0 0 0 0 0 0 0 0 0 0 0 0 0 0 0 0 0 0 0 0 0 0 0 0 0 0 0 0 0 0 0 0 0 0 0 0 0 0 0 0 0 0 0 0 0 0 0 0 0 0 0 0 0 0 0 0 0 0 0 0 0 0 0 0 0 0 0 0 0 0 0 0 0 0 0 0 0 0 0 0 0 0 0 0 0 0 0 0 0 0 0 0 0 0 0 0 0 0 0 0 0 0 0 0 0 0 0 0 0 0 0 0 0 0 0 0 0 0 0 0 0 0 0 0 0 0 0 0 0 0 0 0 0 0 0 0 0 0 0 0 0 0 0 0 0 0 0 0 0 0 0 0 0 0 0 0 0 0 0 0 0 0 0 0 0 0 0 0 0 0 0 0 0 0 0 0 0 0 0 0 0 0 0 0 0 0 0 0 0 0 0 0 0 0 0 0 0 0 0 0 0 0 0 0 0 0 0 0 0 0 0 0 0 0 0 0 0 0 0 0 0 0 0 0 0 0 0 0 0 0 0 0 0 0 0 0 0 0 0 0 0 0 0 0 0 0 0 0 0 0 0 0 0 0 0 0 0 0 0 0 0 0 0 0 0 0 0 0 0 0 0 0 0 0 0 0 0 0 0 0 0 0 0 0 0 0 0 0 0 0 0 0 0 0 0 0 0 0 0 0 0 0 0 0 0 0 0 0 0 0 0 0 0 0 0 0 0 0 0 0 0 0 0 0 0 0 0 0 0 0 0 0 0 0 0 0 0 0 0 0 0 0 0 0 0 0 0 0 0 0 0 0 0 0 0 0 0 0 0 0 0 0 0 0 0 0 0 0 0 0 0 0 0 0 0 0 0 0 0 0 0 0 0 0 0 0 0 0 0 0 0 0 0 0 0 0 0 0 0 0 0 0 0 0 0 0 0 0 0 0 0 0 0 0 0 0 0 0 0 0 0 0 0 0 0 0 0 0 0 0 0 0 0 0 0 0 0 0 0 0 0 0 0 0 0 0 0 0 0 0 0 0 0 0 0 0 0 0 0 0 0 0 0 0 0 0 0 0 0 0 0 0 0 0 0 0 0 0 0 0 0 0 0 0 0 0 0 0 0 0 0 0 0 0 0 0 0 0 0 0 0 0 0 0 0 0 0 0 0 0 0 0 0 0 0 0 0 0 0 0 0 0 0 0 0 0 0 0 0 0 0 0 0 0 0 0 0 0 0 0 0 0 0 0 0 0 0 0 0 0 0 0 0 0 0 0 0 0 0 0 0 0 0 0 0 0 0 0 0 0 0 0 0 0 0 0 0 0 0 0 0 0 0 0 0 0 0 0 0 0 0 0 0 0 0 0 0 0 0 0 0 0 0 0 0 0 0 0 0 0 0 0 0 0 0 0 0 0 0 0 0 0 0 0 0 0 0 0 0 0 0 0 0 0 0 0 0 0 0 0 0 0 0 0 0 0 0 0 0 0 0 0 0 0 0 0 0 0 0 0 0 0 0 0 0 0 0 0 0 0 0 0 0 0 0 0 0 0 0 0 0 0 0 0 0 0 0 0 0 0 0 0 0 0 0 0 0 0 0 0 0 0 0 0 0 0 0 0 0 0 0 0 0 0 0 0 0 0 0 0 0 0 0 0 0 0 0 0 0 0 0 0 0 0 0 0 0 0 0 0 0 0 0 0 0 0 0 0 0 0 0 0 0 0 0 0 0 0 0 0 0 0 0 0 0 0 0 0 0 0 0 0 0 0 0 0 0 0 0 0 0 0 0 0 0 0 0 0 0 0 0 0 0 0 0 0 0 0 0 0 0 0 0 0 0 0 0 0 0 0 0 0 0 0 0 0 0 0 0 0 0 0 0 0 0 0 0 0 0 0 0 0 0 0 0 0 0 0 0 0 0 0 0 0 0 0 0 0 0 0 0 0 0 0 0 0 0 0 0 0 0 0 0 0 0 0 0 0 0 0 0 0 0 0 0 0 0 0 0 0 0 0 0 0 0 0 0 0 0 0 0 0 0 0 0 0 0 0 0 0 0 0 0 0 0 0 0 0 0 0 0 0 0 0 0 0 0 0 0 0 0 0 0 0 0 0 0 0 0 0 0 0 0 0 0 0 0 0 0 0 0 0 0 0 0 0 0 0 0 0 0 0 0 0 0 0 0 0 0 0 0 0 0 0 0 0 0 0 0 0 0 0 0 0 0 0 0 0 0 0 0 0 0 0 0 0 0 0 0 0 0 0 0 0 0 0 0 0 0 0 0 0 0 0 0 0 0 0 0 0 0 0 0 0 0 0 0 0 0 0 0 0 0 0 0 0 0 0 0 0 0 0 0 0 0 0 0 0 0 0 0 0 0 0 0 0 0 0 0 0 0 0 0 0 0 0 0 0 0 0 0 0 0 0 0 0 0 0 0 0 0 0 0 0 0 0 0 0 0 0 0 0 0 0 0 0 0 0 0 0 0 0 0 0 0 0 0 0 0 0 0 0 0 0 0 0 0 0 0 0 0 0 0 0 0 0 0 0 0 0 0 0 0 0 0 0 0 0 0 0 0 0 0 0 0 0 0 0 0 0 0 0 0 0 0 0 0 0 0 0 0 0 0 0 0 0 0 0 0 0 0 0 0 0 0 0 0 0 0 0 0 0 0 0 0 0 0 0 0 0 0 0 0 0 0 0 0 0 0 0 0 0 0 0 0 0 0 0 0 0 0 0 0 0 0 0 0 0 0 0 0 0 0 0 0 0 0 0 0 0 0 0 0 0 0 0 0 0 0 0 0 0 0 0 0 0 0 0 0 0 0 0 0 0 0 0 0 0 0 0 0 0 0 0 0 0 0 0 0 0 0 0 0 0 0 0 0 0 0 0 0 0 0 0 0 0 0 0 0 0 0 0 0 0 0 0 0 0 0 0 0 0 0 0 0 0 0 0 0 0 0 0 0 0 0 0 0 0 0 0 0 0 0 0 0 0 0 0 0 0 0 0 0 0 0 0 0 0 0 0 0 0 0 0 0 0 0 0 0 0 0 0 0 0 0 0 0 0 0 0 0 0 0 0 0 0 0 0 0 0 0 0 0 0 0 0 0 0 0 0 0 0 0 0 0 0 0 0 0 0 0 0 0 0 0 0 0 0 0 0 0 0 0 0 0 0 0 0 0 0 0 0 0 0 0 0 0 0 0 0 0 0 0 0 0 0 0 0 0 0 0 0 0 0 0 0 0 0 0 0 0 0 0 0 0 0 0 0 0 0 0 0 0 0 0 0 0 0 0 0 0 0 0 0 0 0 0 0 0 0 0 0 0 0 0 0 0 0 0 0 0 0 0 0 0</v>
        </vertex_weights>
      </skin>
      <extra>
        <technique profile="FCOLLADA">
          <user_properties>SkinController</user_properties>
        </technique>
      </extra>
    </controller>
  </library_controllers>
  <library_visual_scenes>
    <visual_scene id="VisualSceneNode" name="rdmscene">
      <node id="VisualSceneNode1" name="amsr_vtol_cruise_prop_v1" sid="amsr_vtol_cruise_prop_v1" type="JOINT">
        <matrix>0.1 0 0 0 0 0.1 0 0 0 0 0.1 0 0 0 0 1</matrix>
        <node id="VisualSceneNode2" name="MeshBody1" sid="MeshBody1" type="JOINT">
          <matrix>10 0 0 0 0 10 0 0 0 0 10 0 0 0 0 1</matrix>
        </node>
      </node>
      <node id="VisualSceneNode3" name="MeshBody1" type="NODE">
        <matrix>1 0 0 0 0 1 0 0 0 0 1 0 0 0 0 1</matrix>
        <instance_controller url="#Controller">
          <skeleton>#VisualSceneNode1</skeleton>
          <bind_material>
            <technique_common>
              <instance_material symbol="VisualMaterial0" target="#VisualMaterial"/>
            </technique_common>
          </bind_material>
        </instance_controller>
      </node>
    </visual_scene>
  </library_visual_scenes>
  <scene>
    <instance_visual_scene url="#VisualSceneNode"/>
  </scene>
</COLLADA>
